{"type":"FeatureCollection","bbox":[-7.0,47.5,6.0,56.5],"features":[{"type":"Feature","properties":{"featurecla":"Coastline","scalerank":0,"min_zoom":0.0},"geometry":{"type":"LineString","coordinates":[[-6.10546,53.49518],[-6.11278,53.48672],[-6.12442,53.46857],[-6.13337,53.46109],[-6.14086,53.47114],[-6.15836,53.47285],[-6.17862,53.46865],[-6.19481,53.46109],[-6.1306,53.44261],[-6.1258,53.43159],[-6.12222,53.41987],[-6.1129,53.41267],[-6.11644,53.40949],[-6.12295,53.40217],[-6.12654,53.39899],[-6.11026,53.39403],[-6.06908,53.39252],[-6.05085,53.3854],[-6.062,53.36738],[-6.07462,53.36689],[-6.08821,53.37397],[-6.10237,53.37849],[-6.10643,53.3808],[-6.11889,53.39057],[-6.12279,53.39277],[-6.13231,53.39159],[-6.14977,53.38654],[-6.15697,53.3854],[-6.21532,53.35806],[-6.21817,53.34715],[-6.21133,53.33869],[-6.18798,53.32392],[-6.16837,53.30634],[-6.15518,53.29938],[-6.12711,53.2954],[-6.11661,53.29027],[-6.10912,53.28913],[-6.09699,53.28555],[-6.09699,53.27757],[-6.10216,53.26935],[-6.10546,53.2652],[-6.10656,53.24315],[-6.10489,53.22944],[-6.09923,53.21467],[-6.08894,53.20409],[-6.08869,53.2038],[-6.07698,53.19522],[-6.07103,53.18427],[-6.07811,53.16621],[-6.06469,53.15436],[-6.03038,53.11103],[-6.03209,53.10725],[-6.0327,53.10663],[-6.03368,53.10668],[-6.0371,53.1048],[-6.03246,53.08845],[-6.0338,53.06415],[-6.03942,53.04035],[-6.04743,53.02534],[-6.05163,53.00926],[-6.03848,52.9938],[-5.99657,52.96491],[-5.99352,52.95742],[-6.00646,52.95401],[-6.01183,52.94965],[-6.02184,52.93089],[-6.02697,52.92666],[-6.03795,52.91966],[-6.07193,52.87202],[-6.06444,52.86457],[-6.10729,52.83979],[-6.11905,52.83047],[-6.13012,52.81599],[-6.15388,52.76838],[-6.14786,52.74616],[-6.15103,52.74156],[-6.16845,52.71678],[-6.21532,52.66596],[-6.22057,52.64728],[-6.21947,52.63231],[-6.2091,52.60391],[-6.20645,52.58853],[-6.2091,52.54584],[-6.22224,52.52839],[-6.28295,52.46711],[-6.30101,52.45368],[-6.31774,52.44794],[-6.33324,52.43464],[-6.35619,52.409],[-6.36555,52.3935],[-6.3662,52.37523],[-6.36437,52.35781],[-6.36612,52.34443],[-6.37304,52.352],[-6.38097,52.35676],[-6.39004,52.35883],[-6.44807,52.3559],[-6.46886,52.36001],[-6.46296,52.378],[-6.47204,52.37592],[-6.4807,52.37299],[-6.48876,52.36913],[-6.49649,52.36433],[-6.49649,52.3581],[-6.48143,52.35464],[-6.46752,52.34687],[-6.45613,52.33584],[-6.44864,52.3227],[-6.45499,52.31224],[-6.42374,52.30793],[-6.41454,52.29975],[-6.40917,52.28925],[-6.39688,52.29808],[-6.37295,52.3227],[-6.37295,52.31647],[-6.38976,52.2956],[-6.36978,52.27261],[-6.31835,52.24079],[-6.34704,52.19725],[-6.35985,52.18618],[-6.36986,52.18],[-6.37706,52.17821],[-6.38659,52.17935],[-6.39948,52.18549],[-6.39733,52.19066],[-6.39,52.1953],[-6.38097,52.20759],[-6.38231,52.21198],[-6.39403,52.21284],[-6.40005,52.21092],[-6.40876,52.20319],[-6.42089,52.19672],[-6.42268,52.19477],[-6.42561,52.19379],[-6.46911,52.19359],[-6.46911,52.19977],[-6.44864,52.19977],[-6.46231,52.20718],[-6.47256,52.20698],[-6.48965,52.19977],[-6.53746,52.19359],[-6.57974,52.17821],[-6.59716,52.17959],[-6.62312,52.19672],[-6.64143,52.20279],[-6.71557,52.21662],[-6.78628,52.21003],[-6.80557,52.21284],[-6.80557,52.22036],[-6.79044,52.22443],[-6.77599,52.23322],[-6.76586,52.24575],[-6.76403,52.2613],[-6.77599,52.25088],[-6.79296,52.24042],[-6.81265,52.2353],[-6.83226,52.24079],[-6.8391,52.23456],[-6.838,52.22655],[-6.83654,52.22333],[-6.83642,52.2202],[-6.8391,52.21284],[-6.82828,52.2176],[-6.82478,52.22036],[-6.81859,52.22036],[-6.82185,52.20572],[-6.82494,52.19994],[-6.83226,52.19359],[-6.82543,52.19318],[-6.81859,52.19359],[-6.81859,52.18618],[-6.82193,52.18578],[-6.82893,52.18627],[-6.83226,52.18618],[-6.82478,52.17935],[-6.89708,52.15204],[-6.90722,52.14558],[-6.91857,52.133],[-6.93212,52.12466],[-6.94896,52.13093],[-6.93977,52.14322],[-6.92789,52.14981],[-6.91519,52.15485],[-6.90392,52.1623],[-6.90372,52.17219],[-6.92101,52.21284],[-6.92675,52.21971],[-6.93668,52.22907],[-6.94831,52.23725],[-6.95885,52.24079],[-6.97012,52.24738],[-6.98473,52.27863],[-6.99739,52.28921],[-6.9945,52.27753],[-6.99185,52.26679],[-6.99059,52.26166],[-6.9899,52.25165],[-6.98681,52.24689],[-6.97289,52.23021],[-6.96947,52.22036],[-6.98229,52.19562],[-6.97997,52.18594],[-6.95515,52.18618],[-6.95515,52.17935],[-6.97102,52.17129],[-6.99987,52.14671],[-7.0172,52.13837],[-7.03946,52.1352],[-7.08458,52.13434],[-7.10603,52.13093],[-7.10009,52.14216],[-7.07185,52.16572],[-7.0939,52.17178],[-7.10635,52.173],[-7.12023,52.17194],[-7.12023,52.16572],[-7.11449,52.16279],[-7.11168,52.15974],[-7.10953,52.15632],[-7.10603,52.15204],[-7.11644,52.15314],[-7.1293,52.15778],[-7.13732,52.15888],[-7.14965,52.15632],[-7.15636,52.15046],[-7.161,52.14362],[-7.16747,52.13837],[-7.18737,52.13276],[-7.20596,52.13276],[-7.24376,52.13837],[-7.43545,52.12568],[-7.5043,52.10269],[-7.54141,52.0974],[-7.54621,52.09492],[-7.54996,52.08975],[-7.55529,52.08491],[-7.5653,52.08373],[-7.57226,52.08759],[-7.57649,52.09463],[-7.57942,52.10126],[-7.58263,52.10423],[-7.59996,52.10102],[-7.61901,52.09223],[-7.63109,52.07905],[-7.62735,52.06269],[-7.61758,52.07022],[-7.60216,52.07168],[-7.58389,52.06859],[-7.55411,52.06025],[-7.54678,52.05927],[-7.54516,52.055],[-7.55101,52.04279],[-7.58263,52.02851],[-7.58642,51.99811],[-7.58991,51.99116],[-7.59826,51.98908],[-7.60827,51.98794],[-7.61653,51.98383],[-7.63541,51.97675],[-7.68847,51.98037],[-7.7093,51.97386],[-7.71764,51.95991],[-7.7174,51.94961],[-7.7233,51.94457],[-7.82934,51.95344],[-7.83243,51.95759],[-7.83406,51.96674],[-7.83849,51.9759],[-7.84984,51.98013],[-7.8518,51.97712],[-7.85302,51.97517],[-7.85416,51.95136],[-7.85668,51.94286],[-7.86986,51.92951],[-7.88427,51.91909],[-7.90119,51.91267],[-7.92223,51.91181],[-7.89265,51.89484],[-7.8806,51.89199],[-7.89147,51.8819],[-7.91417,51.8758],[-7.95572,51.87018],[-8.00817,51.85578],[-8.02306,51.84357],[-8.00414,51.8299],[-8.02058,51.82392],[-8.0961,51.81411],[-8.13419,51.80475],[-8.19717,51.80093],[-8.22476,51.80256],[-8.2362,51.80207],[-8.24621,51.80272],[-8.25056,51.8063],[-8.24795,51.81342],[-8.2412,51.81855],[-8.23241,51.82201],[-8.22326,51.82368],[-8.22549,51.8273],[-8.23009,51.83674],[-8.21565,51.83845],[-8.20165,51.84199],[-8.18822,51.84797],[-8.1754,51.85716],[-8.18163,51.85932],[-8.18684,51.86176],[-8.1931,51.86367],[-8.20279,51.864],[-8.1953,51.87702],[-8.1905,51.88109],[-8.18224,51.88451],[-8.18708,51.89313],[-8.19376,51.89541],[-8.20153,51.89216],[-8.21019,51.88451],[-8.22326,51.89008],[-8.24356,51.89289],[-8.28466,51.89199],[-8.28466,51.89814],[-8.2932,51.90331],[-8.31037,51.90082],[-8.32885,51.89541],[-8.3474,51.89199],[-8.3885,51.89346],[-8.40884,51.89179],[-8.42935,51.88451],[-8.39607,51.87678],[-8.35416,51.87299],[-8.32925,51.86131],[-8.3474,51.8299],[-8.30989,51.8321],[-8.29833,51.8299],[-8.29833,51.82368],[-8.30517,51.82368],[-8.30517,51.81623],[-8.29629,51.81159],[-8.2921,51.81],[-8.30651,51.80785],[-8.31306,51.80561],[-8.31949,51.80256],[-8.28466,51.80256],[-8.30199,51.78587],[-8.30517,51.78213],[-8.30378,51.7766],[-8.29963,51.77171],[-8.29735,51.76602],[-8.30175,51.75821],[-8.33479,51.73526],[-8.34569,51.72468],[-8.37255,51.71552],[-8.41002,51.70978],[-8.42243,51.70405],[-8.43554,51.69269],[-8.44176,51.70392],[-8.4558,51.71231],[-8.47191,51.71625],[-8.48396,51.71381],[-8.46923,51.70661],[-8.46418,51.69501],[-8.46898,51.68407],[-8.48396,51.67841],[-8.49112,51.69868],[-8.51244,51.70604],[-8.55842,51.70637],[-8.55842,51.70014],[-8.54833,51.69636],[-8.52798,51.69501],[-8.51749,51.69269],[-8.50817,51.6992],[-8.50211,51.70034],[-8.49755,51.69269],[-8.49962,51.68696],[-8.5065,51.68244],[-8.51488,51.67951],[-8.52115,51.67841],[-8.53649,51.65473],[-8.53917,51.64838],[-8.5382,51.6374],[-8.53356,51.6223],[-8.53173,51.61079],[-8.54442,51.61791],[-8.55871,51.63801],[-8.57266,51.64496],[-8.5891,51.6459],[-8.63817,51.63744],[-8.75764,51.64496],[-8.74328,51.6352],[-8.72655,51.63133],[-8.69001,51.63129],[-8.69001,51.62385],[-8.6966,51.621],[-8.70295,51.61701],[-8.68253,51.61079],[-8.69347,51.60468],[-8.69978,51.59724],[-8.7008,51.58812],[-8.69616,51.57665],[-8.734,51.57978],[-8.74279,51.57563],[-8.75007,51.57941],[-8.75707,51.586],[-8.76513,51.59028],[-8.80199,51.59028],[-8.81257,51.59195],[-8.82022,51.59463],[-8.82665,51.59516],[-8.83336,51.59028],[-8.85387,51.59593],[-8.86803,51.58446],[-8.87853,51.56721],[-8.88801,51.55557],[-8.92333,51.54816],[-8.92894,51.54597],[-8.93318,51.53535],[-8.94205,51.53775],[-8.95055,51.54507],[-8.9532,51.54938],[-8.95995,51.55142],[-8.97989,51.5607],[-8.99112,51.56297],[-9.0028,51.56216],[-9.01769,51.55683],[-9.07287,51.54938],[-9.08568,51.55219],[-9.10814,51.56086],[-9.12076,51.56297],[-9.12076,51.55557],[-9.11632,51.5541],[-9.10774,51.54938],[-9.11571,51.53791],[-9.12816,51.52928],[-9.1433,51.52387],[-9.1586,51.52204],[-9.18456,51.52619],[-9.19253,51.5246],[-9.18961,51.51459],[-9.18961,51.50837],[-9.20397,51.508],[-9.21085,51.5017],[-9.21573,51.49348],[-9.22378,51.48729],[-9.23473,51.48648],[-9.24376,51.48933],[-9.25304,51.49116],[-9.26476,51.48729],[-9.26537,51.49413],[-9.26749,51.49885],[-9.27009,51.503],[-9.27212,51.50837],[-9.29947,51.4975],[-9.30175,51.48871],[-9.30744,51.48729],[-9.3153,51.48762],[-9.32372,51.48383],[-9.33532,51.477],[-9.34923,51.47403],[-9.38142,51.47362],[-9.36994,51.47858],[-9.36071,51.48383],[-9.35314,51.49087],[-9.34667,51.50092],[-9.36115,51.49457],[-9.37291,51.49128],[-9.37686,51.49461],[-9.36779,51.50837],[-9.35709,51.51716],[-9.33239,51.52766],[-9.31994,51.53506],[-9.32291,51.53734],[-9.32413,51.53803],[-9.32506,51.53913],[-9.32746,51.54255],[-9.3358,51.53726],[-9.36779,51.52509],[-9.37169,51.51935],[-9.38109,51.5124],[-9.40184,51.50092],[-9.41389,51.51114],[-9.41259,51.5207],[-9.40587,51.53172],[-9.40184,51.54597],[-9.40884,51.55219],[-9.42504,51.55756],[-9.44327,51.55952],[-9.45653,51.55557],[-9.44799,51.54365],[-9.47655,51.53506],[-9.54747,51.5253],[-9.55138,51.52123],[-9.55281,51.51146],[-9.5563,51.50812],[-9.57388,51.50898],[-9.58072,51.50837],[-9.59996,51.49689],[-9.61132,51.49384],[-9.62841,51.49409],[-9.62963,51.50406],[-9.64184,51.5152],[-9.65591,51.52017],[-9.66267,51.51146],[-9.71719,51.48041],[-9.7108,51.47598],[-9.70808,51.47455],[-9.70352,51.47362],[-9.77184,51.45311],[-9.76895,51.4643],[-9.77794,51.46223],[-9.80663,51.44571],[-9.81338,51.45311],[-9.82022,51.44571],[-9.81892,51.45848],[-9.81701,51.46312],[-9.81338,51.46743],[-9.81338,51.47362],[-9.82217,51.47541],[-9.82632,51.47773],[-9.83389,51.48729],[-9.812,51.49152],[-9.79381,51.49966],[-9.75817,51.52204],[-9.74006,51.52977],[-9.70499,51.53571],[-9.68309,51.54255],[-9.66539,51.55158],[-9.62165,51.58283],[-9.60277,51.59199],[-9.56676,51.60228],[-9.54589,51.61079],[-9.59203,51.61371],[-9.78502,51.55248],[-9.84752,51.54938],[-9.80529,51.56672],[-9.79605,51.56924],[-9.78637,51.57347],[-9.77929,51.58283],[-9.77033,51.59223],[-9.73119,51.6009],[-9.60798,51.6424],[-9.59455,51.6555],[-9.56188,51.65815],[-9.52473,51.67031],[-9.4879,51.67573],[-9.45861,51.68399],[-9.45653,51.70014],[-9.45177,51.70498],[-9.44742,51.71088],[-9.44294,51.71381],[-9.44294,51.72004],[-9.45726,51.7246],[-9.47281,51.71882],[-9.48982,51.71454],[-9.51281,51.7259],[-9.52147,51.72553],[-9.52546,51.72687],[-9.52644,51.73078],[-9.52453,51.74339],[-9.52546,51.7473],[-9.53173,51.75153],[-9.54027,51.75593],[-9.55012,51.75951],[-9.56021,51.76162],[-9.5559,51.74868],[-9.55728,51.73945],[-9.55663,51.7309],[-9.54589,51.72004],[-9.56607,51.7167],[-9.57966,51.7106],[-9.60733,51.69269],[-9.62682,51.68504],[-9.64806,51.68081],[-9.71349,51.67646],[-9.74795,51.66743],[-9.87413,51.6562],[-9.91535,51.6446],[-9.93008,51.63744],[-9.93187,51.63471],[-9.93212,51.63105],[-9.93293,51.62726],[-9.93635,51.62385],[-9.94188,51.62132],[-10.00475,51.60855],[-10.0288,51.5965],[-10.04027,51.59764],[-10.05993,51.60277],[-10.07006,51.60395],[-10.11612,51.60029],[-10.13866,51.5939],[-10.15608,51.58283],[-10.16283,51.59028],[-10.15526,51.59382],[-10.15323,51.59931],[-10.1527,51.60541],[-10.14924,51.61079],[-10.1433,51.61359],[-10.07506,51.62539],[-10.0598,51.63129],[-10.0598,51.63569],[-10.06102,51.63666],[-10.06347,51.63646],[-10.06664,51.63744],[-10.06265,51.64985],[-10.07067,51.65705],[-10.08532,51.6599],[-10.10082,51.65925],[-10.08812,51.67162],[-10.0664,51.67438],[-10.02575,51.67227],[-10.00377,51.67805],[-9.95686,51.70637],[-9.95686,51.71381],[-9.99779,51.71381],[-9.9807,51.73188],[-9.94937,51.74702],[-9.91491,51.75755],[-9.88854,51.76162],[-9.89167,51.75703],[-9.89704,51.74673],[-9.90225,51.74116],[-9.88451,51.74339],[-9.86791,51.7486],[-9.85652,51.75861],[-9.8544,51.7753],[-9.8413,51.76972],[-9.8238,51.76781],[-9.78551,51.7685],[-9.78551,51.7753],[-9.79337,51.77619],[-9.81338,51.78213],[-9.81338,51.78828],[-9.79988,51.79377],[-9.77432,51.8122],[-9.75451,51.81908],[-9.74291,51.83246],[-9.73766,51.83674],[-9.72985,51.83804],[-9.70352,51.83674],[-9.67105,51.843],[-9.61254,51.86351],[-9.58072,51.87018],[-9.58072,51.87767],[-9.65315,51.87177],[-9.75805,51.84699],[-9.77717,51.83975],[-9.78551,51.83332],[-9.79174,51.82681],[-9.8247,51.82685],[-9.84008,51.82368],[-9.83389,51.81623],[-9.86384,51.80427],[-9.87487,51.80256],[-9.87271,51.80732],[-9.86994,51.81867],[-9.86803,51.82368],[-9.88219,51.82368],[-9.89049,51.81957],[-9.89611,51.81411],[-9.90225,51.81],[-9.91421,51.80732],[-9.9383,51.805],[-9.94994,51.80256],[-9.99364,51.78095],[-10.01675,51.77464],[-10.03938,51.78213],[-10.05944,51.7687],[-10.08454,51.75593],[-10.1112,51.74604],[-10.13561,51.74116],[-10.12975,51.75434],[-10.22435,51.78213],[-10.18615,51.78962],[-10.17707,51.81367],[-10.1942,51.8391],[-10.23461,51.85102],[-10.24608,51.84561],[-10.27123,51.82168],[-10.28262,51.81623],[-10.29475,51.8124],[-10.32575,51.79418],[-10.34105,51.78828],[-10.34659,51.80109],[-10.33471,51.83027],[-10.34105,51.84357],[-10.3557,51.84561],[-10.37588,51.84443],[-10.38891,51.84618],[-10.38195,51.85716],[-10.38248,51.86197],[-10.38484,51.86335],[-10.38736,51.86343],[-10.38878,51.864],[-10.38671,51.86774],[-10.38463,51.87018],[-10.3828,51.87287],[-10.38195,51.87767],[-10.38537,51.878],[-10.39224,51.87751],[-10.39562,51.87767],[-10.39562,51.88451],[-10.36266,51.88719],[-10.27961,51.90559],[-10.2622,51.90559],[-10.25414,51.90868],[-10.25088,51.91551],[-10.25158,51.92235],[-10.25503,51.92548],[-10.2692,51.93081],[-10.27782,51.94196],[-10.28799,51.95185],[-10.30687,51.95344],[-10.30687,51.95962],[-10.29532,51.96426],[-10.27058,51.96971],[-10.25845,51.97386],[-10.26622,51.98847],[-10.24543,51.99506],[-10.21736,51.99893],[-10.1918,52.00983],[-10.12816,52.02851],[-10.03327,52.04108],[-9.99267,52.05589],[-9.97106,52.08991],[-9.96361,52.08991],[-9.96373,52.07197],[-9.95434,52.06415],[-9.94034,52.06232],[-9.92638,52.06269],[-9.9296,52.07193],[-9.90844,52.13093],[-9.87751,52.11953],[-9.84618,52.11856],[-9.77184,52.1247],[-9.77892,52.12857],[-9.78751,52.1354],[-9.79296,52.13837],[-9.75817,52.15204],[-9.95686,52.14521],[-9.94376,52.1247],[-9.95006,52.11323],[-9.95466,52.10879],[-9.9606,52.12495],[-9.97033,52.13166],[-9.98351,52.13589],[-9.99779,52.13837],[-10.02807,52.13963],[-10.16242,52.11872],[-10.18627,52.10944],[-10.19713,52.11542],[-10.20702,52.12507],[-10.21752,52.13093],[-10.22789,52.1284],[-10.23461,52.12238],[-10.24205,52.11978],[-10.26773,52.13581],[-10.27892,52.13638],[-10.30687,52.13093],[-10.30687,52.1247],[-10.29699,52.12474],[-10.28856,52.12324],[-10.27208,52.11791],[-10.27208,52.11172],[-10.29743,52.11441],[-10.34488,52.12466],[-10.36832,52.1247],[-10.36742,52.11799],[-10.36437,52.11489],[-10.35407,52.11172],[-10.37572,52.11127],[-10.41527,52.09968],[-10.43659,52.0974],[-10.46076,52.10301],[-10.46752,52.11514],[-10.46931,52.13203],[-10.47818,52.15204],[-10.46947,52.1551],[-10.45092,52.16572],[-10.45092,52.17194],[-10.46129,52.18],[-10.4497,52.18891],[-10.42821,52.19636],[-10.40929,52.19977],[-10.41666,52.18618],[-10.3946,52.17479],[-10.38207,52.17194],[-10.37206,52.1756],[-10.36925,52.18366],[-10.37267,52.19062],[-10.37316,52.19782],[-10.36148,52.20669],[-10.37157,52.21157],[-10.3758,52.21284],[-10.36657,52.22822],[-10.35473,52.23225],[-10.33975,52.23188],[-10.32055,52.23456],[-10.30899,52.24189],[-10.28698,52.26362],[-10.27579,52.26813],[-10.17186,52.28681],[-10.15608,52.27863],[-10.1682,52.24067],[-10.16625,52.23456],[-10.10082,52.24079],[-10.07144,52.25129],[-10.04491,52.26927],[-10.03604,52.29035],[-10.0598,52.30964],[-10.02477,52.31013],[-10.01354,52.30634],[-10.0183,52.29605],[-10.01358,52.28148],[-10.01281,52.26586],[-10.00878,52.25336],[-9.99437,52.24824],[-9.97814,52.24641],[-9.9475,52.23762],[-9.91369,52.23306],[-9.87222,52.23265],[-9.85806,52.2377],[-9.83723,52.2543],[-9.82559,52.25825],[-9.81338,52.25507],[-9.82022,52.25194],[-9.82649,52.24824],[-9.81005,52.24213],[-9.73766,52.24824],[-9.75341,52.25829],[-9.76765,52.26097],[-9.79918,52.2613],[-9.83178,52.27265],[-9.84679,52.27497],[-9.86189,52.26813],[-9.86937,52.27314],[-9.87491,52.27924],[-9.87877,52.28681],[-9.88109,52.29605],[-9.86897,52.28876],[-9.85961,52.28474],[-9.84923,52.28474],[-9.83389,52.28921],[-9.84679,52.29389],[-9.85334,52.2954],[-9.86189,52.29605],[-9.86189,52.30345],[-9.85192,52.30366],[-9.82649,52.30964],[-9.83764,52.3264],[-9.83446,52.37523],[-9.85098,52.38544],[-9.90372,52.39155],[-9.93175,52.39985],[-9.94994,52.4121],[-9.93497,52.42154],[-9.91588,52.4256],[-9.84838,52.42841],[-9.74893,52.45673],[-9.73559,52.46361],[-9.72061,52.47724],[-9.70352,52.48355],[-9.6774,52.48314],[-9.65136,52.47895],[-9.63463,52.47358],[-9.63878,52.48713],[-9.6505,52.49384],[-9.66637,52.49579],[-9.68309,52.49461],[-9.67732,52.4997],[-9.6752,52.50483],[-9.67711,52.51008],[-9.68309,52.51512],[-9.68309,52.52196],[-9.67492,52.52802],[-9.67321,52.53388],[-9.67565,52.54584],[-9.67195,52.55292],[-9.6483,52.57038],[-9.64281,52.56733],[-9.63646,52.57014],[-9.62853,52.57477],[-9.61791,52.57722],[-9.57698,52.57038],[-9.49747,52.57038],[-9.48961,52.56818],[-9.48034,52.56379],[-9.47033,52.56184],[-9.46028,52.56664],[-9.45295,52.57319],[-9.44652,52.57624],[-9.43838,52.57713],[-9.36254,52.57543],[-9.35871,52.57534],[-9.35041,52.5738],[-9.33585,52.57803],[-9.27212,52.57722],[-9.23648,52.58161],[-9.22029,52.5856],[-9.2067,52.59431],[-9.19237,52.60049],[-9.07063,52.62417],[-9.0524,52.63182],[-9.04418,52.62084],[-9.02595,52.61835],[-9.0056,52.62084],[-8.99112,52.62499],[-8.98526,52.63068],[-8.97899,52.63988],[-8.97102,52.6485],[-8.95995,52.65229],[-8.78498,52.66596],[-8.75117,52.67296],[-8.76936,52.67316],[-8.83446,52.68915],[-8.8675,52.6933],[-8.93269,52.68708],[-8.9497,52.68891],[-8.96085,52.69367],[-8.96207,52.70002],[-8.94937,52.70694],[-8.94937,52.71377],[-8.95352,52.7224],[-8.95206,52.73432],[-8.9545,52.7447],[-8.96988,52.74848],[-8.96142,52.75654],[-8.95031,52.76952],[-8.94262,52.77521],[-8.9689,52.77082],[-9.00023,52.76044],[-9.02359,52.74714],[-9.02579,52.73428],[-9.05822,52.69676],[-9.1468,52.62377],[-9.16576,52.61758],[-9.25479,52.6114],[-9.25992,52.60859],[-9.27579,52.5952],[-9.2858,52.59081],[-9.29809,52.58975],[-9.3107,52.59064],[-9.32274,52.59345],[-9.33308,52.59772],[-9.31713,52.60643],[-9.29524,52.6153],[-9.27868,52.62572],[-9.27896,52.63931],[-9.31062,52.62726],[-9.38366,52.6131],[-9.43448,52.61201],[-9.45617,52.61445],[-9.47545,52.61957],[-9.48379,52.6284],[-9.49071,52.6341],[-9.52489,52.63703],[-9.53844,52.64545],[-9.53327,52.66096],[-9.54418,52.66665],[-9.58072,52.66596],[-9.58072,52.65913],[-9.57136,52.65713],[-9.56338,52.65306],[-9.557,52.64704],[-9.55281,52.63931],[-9.62841,52.61758],[-9.67272,52.61164],[-9.69441,52.60562],[-9.70352,52.59431],[-9.70686,52.58023],[-9.71451,52.5786],[-9.72362,52.58226],[-9.73082,52.58405],[-9.75748,52.57197],[-9.93635,52.55671],[-9.93635,52.56293],[-9.9182,52.5681],[-9.87564,52.58682],[-9.82409,52.59516],[-9.62165,52.71377],[-9.62426,52.71747],[-9.62841,52.72744],[-9.61754,52.73062],[-9.60318,52.73774],[-9.59366,52.74103],[-9.58072,52.74335],[-9.54939,52.74103],[-9.5382,52.74225],[-9.51952,52.7473],[-9.50837,52.74848],[-9.49865,52.75251],[-9.49462,52.76203],[-9.49132,52.77334],[-9.48379,52.78266],[-9.48917,52.78681],[-9.48933,52.78734],[-9.48668,52.78876],[-9.48379,52.79572],[-9.49128,52.80317],[-9.48062,52.80683],[-9.4698,52.81318],[-9.45946,52.82136],[-9.45035,52.83047],[-9.44449,52.83934],[-9.4414,52.84715],[-9.43749,52.85346],[-9.42919,52.85773],[-9.42919,52.86457],[-9.42748,52.87775],[-9.36531,52.91413],[-9.35407,52.9335],[-9.37287,52.93716],[-9.45141,52.93464],[-9.47765,52.94033],[-9.44945,52.95751],[-9.43757,52.96674],[-9.40795,52.99702],[-9.39855,53.0041],[-9.3876,53.00861],[-9.39509,53.01545],[-9.34162,53.07697],[-9.31994,53.09113],[-9.30333,53.1079],[-9.28966,53.12922],[-9.27221,53.14667],[-9.25109,53.15192],[-9.22745,53.14354],[-9.18053,53.11677],[-9.1586,53.11103],[-9.13956,53.11542],[-9.11897,53.12336],[-9.09667,53.12702],[-9.07287,53.11848],[-9.07006,53.13447],[-9.08434,53.14346],[-9.12816,53.15192],[-9.12816,53.15941],[-9.06957,53.16621],[-9.05394,53.16242],[-9.02343,53.14716],[-9.00406,53.14574],[-9.00406,53.15192],[-9.04564,53.16621],[-9.04564,53.17373],[-9.02257,53.16743],[-9.00963,53.16608],[-8.99812,53.1739],[-8.98668,53.17699],[-8.97887,53.17577],[-8.9842,53.16621],[-8.97423,53.15795],[-8.96349,53.1518],[-8.95108,53.14777],[-8.93639,53.14574],[-8.94522,53.16616],[-8.9501,53.17373],[-8.95686,53.17988],[-8.944,53.19501],[-8.92821,53.20588],[-8.89485,53.22089],[-8.90538,53.22069],[-8.92414,53.21589],[-8.93269,53.21467],[-9.03148,53.21662],[-9.04564,53.22089],[-9.02807,53.22753],[-8.98266,53.23444],[-8.96312,53.23517],[-8.96312,53.24193],[-8.99112,53.24193],[-8.99112,53.2482],[-8.98176,53.25324],[-8.95588,53.25788],[-8.94262,53.26179],[-8.94262,53.26862],[-9.02208,53.27546],[-9.04223,53.27334],[-9.07706,53.26398],[-9.40144,53.24799],[-9.43293,53.23859],[-9.44787,53.23188],[-9.47008,53.22826],[-9.51171,53.22834],[-9.53295,53.23444],[-9.54442,53.24356],[-9.55313,53.25336],[-9.5664,53.26179],[-9.54727,53.27912],[-9.55455,53.29072],[-9.57136,53.29047],[-9.58072,53.27204],[-9.58519,53.25043],[-9.59683,53.2377],[-9.61229,53.23615],[-9.62841,53.2482],[-9.62841,53.2556],[-9.60912,53.27631],[-9.6173,53.32148],[-9.5974,53.33006],[-9.59411,53.32917],[-9.58422,53.3249],[-9.57698,53.32392],[-9.57299,53.32608],[-9.56652,53.33539],[-9.56338,53.33759],[-9.56078,53.34121],[-9.60114,53.36489],[-9.5902,53.37238],[-9.55281,53.3854],[-9.58886,53.38642],[-9.60656,53.38471],[-9.62165,53.37849],[-9.60851,53.3666],[-9.6066,53.34935],[-9.61547,53.33466],[-9.63463,53.33006],[-9.6525,53.34125],[-9.64794,53.35993],[-9.63777,53.37751],[-9.63842,53.3854],[-9.64415,53.3874],[-9.64835,53.39106],[-9.65266,53.39281],[-9.65884,53.38906],[-9.67252,53.37849],[-9.68472,53.37523],[-9.69278,53.36762],[-9.70352,53.35179],[-9.72753,53.32608],[-9.74307,53.3144],[-9.79039,53.30158],[-9.80671,53.30158],[-9.82335,53.3133],[-9.84293,53.32331],[-9.88659,53.31721],[-9.90225,53.32392],[-9.89786,53.32787],[-9.89281,53.34056],[-9.89074,53.35187],[-9.8872,53.3592],[-9.88028,53.3631],[-9.87149,53.36457],[-9.85806,53.36489],[-9.8413,53.36791],[-9.80053,53.38443],[-9.78551,53.39277],[-9.78551,53.39899],[-9.82022,53.39899],[-9.82022,53.40644],[-9.79918,53.41267],[-9.79918,53.4195],[-9.81408,53.4195],[-9.82518,53.41669],[-9.84752,53.40644],[-9.84691,53.39936],[-9.86018,53.39423],[-9.8754,53.39521],[-9.88109,53.40644],[-9.87572,53.41543],[-9.85607,53.42377],[-9.84752,53.43374],[-9.86034,53.43252],[-9.86807,53.42748],[-9.87491,53.42206],[-9.88476,53.4195],[-9.89395,53.42158],[-9.90233,53.42524],[-9.91145,53.42597],[-9.92268,53.4195],[-9.92565,53.40974],[-9.92276,53.39842],[-9.92235,53.38923],[-9.93322,53.3854],[-9.94449,53.38426],[-9.96142,53.37958],[-10.00109,53.37922],[-10.01415,53.38125],[-10.02575,53.3854],[-10.03596,53.39374],[-10.04198,53.40266],[-10.04931,53.40982],[-10.06322,53.41267],[-10.10351,53.40843],[-10.12755,53.40986],[-10.14175,53.4195],[-10.14997,53.41494],[-10.15803,53.41283],[-10.1765,53.41267],[-10.16759,53.42878],[-10.15697,53.43964],[-10.14224,53.44571],[-10.12133,53.44741],[-10.08316,53.44261],[-10.06798,53.44383],[-10.05297,53.4536],[-10.05297,53.46109],[-10.06456,53.46198],[-10.07421,53.46577],[-10.08165,53.47236],[-10.08715,53.48151],[-10.06534,53.47919],[-10.04076,53.47256],[-10.02058,53.47045],[-10.01207,53.48151],[-10.03185,53.48029],[-10.06941,53.48477],[-10.10729,53.49445],[-10.12816,53.50886],[-10.12914,53.5152],[-10.13476,53.52709],[-10.14314,53.53852],[-10.15266,53.54361],[-10.18175,53.53864],[-10.19347,53.53803],[-10.20324,53.54361],[-10.18029,53.55549],[-10.15697,53.55516],[-10.1328,53.55069],[-10.10766,53.54979],[-10.10973,53.55427],[-10.11303,53.56574],[-10.1151,53.5703],[-10.07067,53.57001],[-10.02575,53.56289],[-10.02001,53.55899],[-10.00524,53.54361],[-9.99572,53.54621],[-9.98168,53.55878],[-9.97106,53.56289],[-10.03189,53.58714],[-10.04678,53.59927],[-10.00866,53.60444],[-9.93073,53.5998],[-9.90225,53.60444],[-9.86791,53.61738],[-9.8544,53.61811],[-9.8439,53.61546],[-9.82287,53.60643],[-9.77505,53.6013],[-9.69677,53.59821],[-9.69677,53.60444],[-9.7141,53.60985],[-9.78376,53.60627],[-9.82726,53.6162],[-9.90844,53.64606],[-9.92268,53.69074],[-9.91674,53.7121],[-9.90567,53.7285],[-9.89953,53.74384],[-9.90844,53.76211],[-9.89892,53.76606],[-9.86099,53.77017],[-9.83389,53.77635],[-9.81021,53.77806],[-9.79947,53.78026],[-9.78921,53.78661],[-9.78344,53.7871],[-9.76317,53.77924],[-9.75202,53.77635],[-9.5664,53.79629],[-9.5664,53.80366],[-9.58153,53.80532],[-9.62165,53.81733],[-9.61628,53.8194],[-9.61213,53.8216],[-9.60753,53.82339],[-9.60114,53.82416],[-9.60114,53.831],[-9.60546,53.83918],[-9.59484,53.84821],[-9.56021,53.86514],[-9.56835,53.86555],[-9.5869,53.87198],[-9.57893,53.87613],[-9.57282,53.88223],[-9.56859,53.89008],[-9.5664,53.89932],[-9.57311,53.8985],[-9.57738,53.89753],[-9.58145,53.89574],[-9.5869,53.89248],[-9.61547,53.89883],[-9.75817,53.89932],[-9.8566,53.86628],[-9.91076,53.85871],[-9.94376,53.87938],[-9.93139,53.88516],[-9.92516,53.91303],[-9.90844,53.92036],[-9.91128,53.92959],[-9.91161,53.93399],[-9.90844,53.94086],[-9.90844,53.94709],[-9.91588,53.94709],[-9.91588,53.95384],[-9.86803,53.96137],[-9.85924,53.95869],[-9.83707,53.94916],[-9.82335,53.94709],[-9.81163,53.94172],[-9.80761,53.91828],[-9.79605,53.91291],[-9.78751,53.91608],[-9.78783,53.92426],[-9.78954,53.93525],[-9.78551,53.94709],[-9.79491,53.95307],[-9.80309,53.96052],[-9.81265,53.96629],[-9.82649,53.9676],[-9.82649,53.96137],[-9.82022,53.95384],[-9.8317,53.95628],[-9.83853,53.96357],[-9.85021,53.98847],[-9.84952,53.99331],[-9.8496,53.9975],[-9.8544,54.00235],[-9.86083,54.00312],[-9.87767,54.0019],[-9.88109,54.00536],[-9.88439,54.01166],[-9.89167,54.01708],[-9.89892,54.02534],[-9.90225,54.04019],[-9.89769,54.05512],[-9.88671,54.05972],[-9.87344,54.0622],[-9.86189,54.07123],[-9.87588,54.07486],[-9.87609,54.08063],[-9.86734,54.08674],[-9.8544,54.09105],[-9.86189,54.09789],[-9.83389,54.11213],[-9.8435,54.11701],[-9.85509,54.11738],[-9.88109,54.11213],[-9.87857,54.10395],[-9.87971,54.10025],[-9.885,54.09894],[-9.89538,54.09789],[-9.89538,54.09105],[-9.88854,54.09105],[-9.91739,54.06973],[-9.94555,54.06623],[-9.97069,54.07856],[-9.99096,54.10468],[-9.97155,54.10423],[-9.92638,54.11213],[-9.90844,54.11835],[-9.93887,54.13166],[-9.95108,54.14126],[-9.95686,54.15314],[-9.95035,54.1507],[-9.93663,54.14789],[-9.93008,54.1457],[-9.94274,54.15746],[-9.97728,54.18049],[-9.96378,54.17495],[-9.95202,54.17463],[-9.94253,54.1789],[-9.93635,54.18732],[-9.98819,54.21312],[-10.01089,54.21833],[-10.02575,54.20775],[-10.01146,54.19709],[-10.017,54.18867],[-10.0338,54.18472],[-10.05297,54.18732],[-10.04406,54.17699],[-10.03938,54.17365],[-10.03938,54.16682],[-10.05354,54.16804],[-10.06579,54.16641],[-10.08715,54.15933],[-10.08715,54.15314],[-10.07413,54.15021],[-10.06916,54.14427],[-10.06664,54.12519],[-10.07518,54.12495],[-10.09459,54.11835],[-10.08145,54.11298],[-10.06908,54.10366],[-10.06688,54.09492],[-10.08397,54.09105],[-10.10261,54.09178],[-10.11742,54.09589],[-10.12658,54.10602],[-10.12816,54.12519],[-10.12222,54.13703],[-10.0996,54.16547],[-10.09459,54.17699],[-10.09122,54.19497],[-10.08275,54.20327],[-10.07144,54.2097],[-10.0598,54.22207],[-10.09114,54.22248],[-10.10383,54.22622],[-10.1151,54.23505],[-10.09606,54.23517],[-10.08703,54.24433],[-10.08153,54.25747],[-10.07348,54.26919],[-10.06249,54.27505],[-10.0183,54.29027],[-10.01423,54.2945],[-10.01183,54.29963],[-10.00764,54.30353],[-9.99779,54.30394],[-9.99193,54.30069],[-9.98974,54.29475],[-9.98835,54.28832],[-9.98473,54.28351],[-9.97179,54.27725],[-9.9545,54.27196],[-9.93684,54.2707],[-9.92268,54.2766],[-9.91535,54.26874],[-9.90722,54.26447],[-9.8983,54.26447],[-9.88854,54.26919],[-9.88687,54.26606],[-9.88703,54.26447],[-9.88598,54.26374],[-9.88109,54.26301],[-9.90331,54.23794],[-9.92715,54.22675],[-9.95202,54.2285],[-9.97728,54.2425],[-9.98363,54.22297],[-9.96813,54.21703],[-9.94445,54.21605],[-9.92638,54.21113],[-9.9099,54.20441],[-9.89611,54.21162],[-9.88288,54.22289],[-9.86803,54.22822],[-9.88166,54.24038],[-9.87515,54.2565],[-9.859,54.27058],[-9.84386,54.2766],[-9.82213,54.27294],[-9.7871,54.25776],[-9.765,54.25556],[-9.77086,54.26415],[-9.77868,54.2696],[-9.79918,54.2766],[-9.79918,54.28351],[-9.78942,54.28583],[-9.78002,54.28628],[-9.75817,54.28351],[-9.77684,54.28998],[-9.82921,54.29686],[-9.84008,54.30707],[-9.84602,54.32144],[-9.84398,54.32876],[-9.78551,54.33808],[-9.76431,54.33491],[-9.72631,54.32079],[-9.70694,54.31761],[-9.53539,54.31021],[-9.52428,54.31135],[-9.50552,54.31639],[-9.49437,54.31761],[-9.48571,54.31586],[-9.47191,54.30707],[-9.46398,54.30394],[-9.38451,54.29719],[-9.37483,54.29873],[-9.36262,54.30272],[-9.35114,54.30817],[-9.34362,54.31391],[-9.33422,54.3183],[-9.32201,54.31708],[-9.27725,54.30459],[-9.26842,54.30394],[-9.26098,54.29971],[-9.25284,54.28095],[-9.24767,54.2766],[-9.22989,54.27847],[-9.21963,54.28059],[-9.2176,54.28351],[-9.21101,54.27562],[-9.20946,54.26756],[-9.21198,54.26044],[-9.2176,54.25556],[-9.2176,54.24872],[-9.19587,54.2425],[-9.19587,54.23505],[-9.21508,54.22712],[-9.21036,54.21784],[-9.16198,54.19204],[-9.14932,54.18061],[-9.14122,54.16535],[-9.14122,54.1457],[-9.135,54.1457],[-9.13419,54.16376],[-9.13036,54.1791],[-9.1289,54.19306],[-9.135,54.20775],[-9.11254,54.21332],[-9.0902,54.22663],[-9.07299,54.24677],[-9.06607,54.27289],[-9.05126,54.2895],[-9.01749,54.2919],[-8.95686,54.28351],[-8.94986,54.28486],[-8.94441,54.28823],[-8.93904,54.28998],[-8.92756,54.28413],[-8.91023,54.2779],[-8.8942,54.27448],[-8.87182,54.26512],[-8.8566,54.26301],[-8.80736,54.26301],[-8.78563,54.26683],[-8.76513,54.2766],[-8.73746,54.26411],[-8.67642,54.27131],[-8.64835,54.26301],[-8.64249,54.25361],[-8.63956,54.24209],[-8.63329,54.23237],[-8.60505,54.22565],[-8.5935,54.21906],[-8.57266,54.20034],[-8.55932,54.20661],[-8.54385,54.20864],[-8.51122,54.20775],[-8.51122,54.21454],[-8.52554,54.2189],[-8.54361,54.22215],[-8.55923,54.22773],[-8.56583,54.23884],[-8.57213,54.24653],[-8.58731,54.25235],[-8.60562,54.25556],[-8.621,54.25556],[-8.621,54.26301],[-8.61425,54.26781],[-8.60265,54.27969],[-8.59374,54.28351],[-8.57169,54.27717],[-8.55822,54.27521],[-8.55224,54.2801],[-8.54076,54.28437],[-8.47029,54.2766],[-8.48595,54.28864],[-8.50414,54.29719],[-8.52335,54.30223],[-8.54231,54.30394],[-8.56265,54.30305],[-8.56981,54.30573],[-8.57266,54.31391],[-8.56721,54.32416],[-8.5548,54.32148],[-8.53173,54.31021],[-8.51171,54.31737],[-8.51915,54.32673],[-8.54052,54.33466],[-8.56212,54.33808],[-8.66137,54.33804],[-8.66682,54.34121],[-8.66828,54.35175],[-8.66389,54.35928],[-8.6538,54.36587],[-8.64175,54.37043],[-8.61286,54.37547],[-8.49657,54.42349],[-8.48013,54.42683],[-8.47411,54.43],[-8.47126,54.43789],[-8.47029,54.45783],[-8.4667,54.475],[-8.45922,54.47187],[-8.45189,54.461],[-8.44913,54.45478],[-8.44514,54.45392],[-8.44376,54.45344],[-8.44302,54.44733],[-8.41393,54.45954],[-8.38419,54.46825],[-8.38166,54.46857],[-8.30012,54.47797],[-8.28734,54.47944],[-8.2421,54.49775],[-8.21019,54.50194],[-8.21019,54.50943],[-8.24328,54.5102],[-8.25796,54.51423],[-8.27099,54.52367],[-8.21638,54.55036],[-8.21886,54.56977],[-8.17252,54.59447],[-8.1754,54.61929],[-8.16466,54.6153],[-8.15762,54.61083],[-8.15005,54.60712],[-8.13756,54.60562],[-8.12609,54.63788],[-8.12084,54.64655],[-8.12389,54.64863],[-8.12491,54.64891],[-8.1256,54.6496],[-8.12767,54.65278],[-8.1468,54.64208],[-8.16666,54.63614],[-8.23493,54.62938],[-8.27131,54.61201],[-8.2921,54.60562],[-8.2921,54.6118],[-8.28173,54.62055],[-8.28034,54.62962],[-8.28726,54.63679],[-8.30175,54.6398],[-8.31676,54.63544],[-8.34236,54.61616],[-8.36783,54.60863],[-8.41454,54.57836],[-8.42797,54.57172],[-8.44205,54.56672],[-8.45661,54.56464],[-8.45661,54.57079],[-8.43228,54.5878],[-8.4171,54.59516],[-8.39818,54.59813],[-8.38476,54.60566],[-8.38768,54.61986],[-8.40005,54.62857],[-8.41503,54.61929],[-8.42186,54.61929],[-8.41869,54.6413],[-8.43163,54.6413],[-8.44831,54.62763],[-8.45661,54.60871],[-8.46154,54.60285],[-8.47208,54.60786],[-8.48176,54.61595],[-8.4862,54.62295],[-8.48522,54.62739],[-8.48615,54.63129],[-8.49413,54.63296],[-8.5008,54.63203],[-8.5113,54.62775],[-8.51749,54.62613],[-8.54174,54.62523],[-8.55346,54.62263],[-8.56404,54.60883],[-8.57677,54.61091],[-8.59691,54.61929],[-8.6726,54.61945],[-8.69001,54.62613],[-8.68196,54.63581],[-8.6914,54.6413],[-8.77416,54.65986],[-8.79182,54.65961],[-8.78844,54.6634],[-8.78637,54.66698],[-8.78344,54.6704],[-8.77815,54.6739],[-8.77815,54.68008],[-8.79109,54.68488],[-8.79776,54.69196],[-8.79552,54.69843],[-8.78156,54.70124],[-8.76696,54.70222],[-8.7552,54.70576],[-8.74743,54.71308],[-8.74462,54.72508],[-8.73327,54.73261],[-8.6621,54.76264],[-8.63659,54.76846],[-8.5362,54.76691],[-8.48371,54.75678],[-8.45661,54.75642],[-8.45661,54.76264],[-8.5266,54.77277],[-8.5454,54.78376],[-8.5299,54.78807],[-8.48493,54.78937],[-8.47338,54.78681],[-8.4608,54.77485],[-8.44469,54.76313],[-8.42667,54.75723],[-8.40819,54.76264],[-8.46129,54.79352],[-8.49889,54.80121],[-8.53498,54.81647],[-8.55842,54.81786],[-8.55435,54.82754],[-8.54699,54.8299],[-8.5371,54.82978],[-8.52489,54.83153],[-8.51513,54.836],[-8.50186,54.8465],[-8.49071,54.852],[-8.47102,54.84052],[-8.44909,54.83942],[-8.40197,54.84455],[-8.34626,54.83169],[-8.32567,54.83153],[-8.32567,54.83832],[-8.34325,54.83991],[-8.36539,54.8454],[-8.38134,54.85594],[-8.38085,54.8725],[-8.36669,54.88109],[-8.32738,54.87702],[-8.31265,54.87934],[-8.32584,54.88581],[-8.33703,54.90363],[-8.35045,54.90729],[-8.3688,54.90819],[-8.37401,54.90729],[-8.37816,54.90278],[-8.37979,54.89574],[-8.38012,54.88923],[-8.38085,54.88618],[-8.40929,54.88703],[-8.43261,54.90156],[-8.4508,54.92206],[-8.46345,54.94082],[-8.45043,54.94628],[-8.44091,54.94343],[-8.43151,54.93769],[-8.41845,54.93456],[-8.40461,54.9357],[-8.39135,54.93867],[-8.36657,54.94819],[-8.39615,54.95527],[-8.41861,54.96809],[-8.45661,54.99543],[-8.45661,55.00288],[-8.44811,55.00764],[-8.43773,55.00983],[-8.42642,55.00861],[-8.41503,55.00288],[-8.40469,55.01288],[-8.40197,55.01655],[-8.40819,55.01655],[-8.40319,55.03067],[-8.39525,55.03315],[-8.38532,55.03242],[-8.37401,55.03636],[-8.35448,55.06053],[-8.3474,55.06428],[-8.33788,55.05842],[-8.33507,55.03506],[-8.32567,55.03022],[-8.31998,55.03433],[-8.31359,55.05268],[-8.30517,55.05805],[-8.31652,55.08747],[-8.32042,55.10493],[-8.31603,55.11274],[-8.30435,55.11921],[-8.2884,55.15013],[-8.27847,55.16055],[-8.26301,55.16108],[-8.20653,55.14688],[-8.18838,55.14899],[-8.15762,55.15839],[-8.14127,55.16055],[-8.14753,55.15176],[-8.15429,55.14525],[-8.15958,55.13874],[-8.16173,55.12946],[-8.15648,55.1245],[-8.14468,55.13019],[-8.11486,55.15473],[-8.05427,55.17695],[-8.03482,55.18098],[-8.02099,55.18879],[-8.01179,55.20506],[-7.99958,55.21963],[-7.9768,55.22191],[-7.95018,55.21027],[-7.95865,55.1992],[-8.00414,55.18098],[-8.00414,55.17414],[-7.96198,55.1872],[-7.95572,55.18472],[-7.94905,55.17984],[-7.93399,55.18065],[-7.91804,55.18452],[-7.90856,55.18842],[-7.89489,55.17414],[-7.89489,55.16791],[-7.89879,55.1564],[-7.89045,55.15827],[-7.87556,55.16494],[-7.8601,55.16791],[-7.86506,55.15815],[-7.87287,55.1516],[-7.88296,55.14794],[-7.89489,55.14688],[-7.89489,55.14008],[-7.87654,55.14053],[-7.86522,55.1385],[-7.85643,55.13898],[-7.84651,55.14688],[-7.83471,55.16498],[-7.83755,55.17585],[-7.8601,55.19465],[-7.86612,55.21491],[-7.85025,55.2272],[-7.82396,55.23859],[-7.7987,55.25609],[-7.79605,55.25104],[-7.79503,55.25088],[-7.79125,55.24868],[-7.8142,55.20185],[-7.81574,55.19465],[-7.81371,55.19286],[-7.81045,55.18871],[-7.80557,55.18415],[-7.7987,55.18098],[-7.78978,55.18085],[-7.77994,55.18745],[-7.77074,55.18842],[-7.75731,55.18476],[-7.73664,55.17666],[-7.7176,55.16657],[-7.7093,55.15713],[-7.70739,55.15347],[-7.69856,55.14037],[-7.69563,55.13321],[-7.69595,55.12604],[-7.70108,55.10814],[-7.7025,55.09907],[-7.69473,55.10806],[-7.67882,55.13447],[-7.6717,55.14008],[-7.6682,55.1472],[-7.67471,55.16303],[-7.68407,55.17853],[-7.68883,55.18472],[-7.69034,55.19453],[-7.69506,55.20746],[-7.7036,55.21845],[-7.71605,55.22191],[-7.72395,55.21459],[-7.72199,55.20026],[-7.7154,55.18488],[-7.7093,55.17414],[-7.72313,55.17573],[-7.73282,55.18146],[-7.74104,55.18863],[-7.75023,55.19465],[-7.77965,55.19965],[-7.79174,55.206],[-7.78816,55.21857],[-7.76085,55.25043],[-7.76085,55.25609],[-7.72509,55.25267],[-7.7093,55.25609],[-7.67349,55.27387],[-7.66088,55.27656],[-7.64395,55.27277],[-7.63329,55.26309],[-7.62531,55.25316],[-7.61653,55.24868],[-7.6114,55.2414],[-7.61319,55.22578],[-7.6175,55.2106],[-7.61994,55.2049],[-7.61449,55.19599],[-7.60147,55.18928],[-7.57274,55.18098],[-7.57226,55.16918],[-7.56412,55.15575],[-7.55248,55.14468],[-7.54141,55.14008],[-7.52782,55.13255],[-7.52579,55.11616],[-7.53161,55.09968],[-7.54141,55.09223],[-7.55639,55.08975],[-7.56823,55.08369],[-7.58642,55.07111],[-7.64102,55.05069],[-7.64102,55.04385],[-7.58117,55.05044],[-7.56184,55.0445],[-7.57274,55.02338],[-7.58458,55.01606],[-7.63419,54.99543],[-7.66755,54.96821],[-7.68139,54.96125],[-7.68139,54.95441],[-7.66149,54.95795],[-7.64338,54.96528],[-7.54845,55.01846],[-7.53799,55.01992],[-7.52937,55.03071],[-7.50927,55.03596],[-7.48632,55.03925],[-7.46911,55.04385],[-7.45617,55.05614],[-7.45002,55.07233],[-7.45442,55.08625],[-7.47277,55.09223],[-7.47753,55.09638],[-7.47338,55.10545],[-7.46288,55.11953],[-7.46288,55.14346],[-7.47004,55.14517],[-7.51008,55.18098],[-7.53368,55.19237],[-7.54141,55.19807],[-7.54564,55.20478],[-7.54955,55.2154],[-7.54939,55.22517],[-7.52709,55.23676],[-7.51622,55.25414],[-7.51358,55.27436],[-7.52432,55.29027],[-7.50739,55.28913],[-7.49275,55.28535],[-7.47859,55.28392],[-7.46288,55.29027],[-7.46557,55.29361],[-7.46642,55.29584],[-7.46703,55.29865],[-7.46911,55.3039],[-7.44921,55.29401],[-7.42797,55.28657],[-7.40591,55.28693],[-7.36779,55.31061],[-7.34752,55.31428],[-7.3275,55.3085],[-7.31208,55.29027],[-7.33316,55.28962],[-7.33996,55.29027],[-7.32087,55.28217],[-7.29882,55.27627],[-7.2766,55.27582],[-7.25674,55.284],[-7.32067,55.3133],[-7.3507,55.33519],[-7.35302,55.35855],[-7.37955,55.36766],[-7.39159,55.37372],[-7.40022,55.38028],[-7.38443,55.38638],[-7.36632,55.38398],[-7.33251,55.37279],[-7.26358,55.35855],[-7.2473,55.35716],[-7.20885,55.34512],[-7.19542,55.33861],[-7.14415,55.29365],[-7.12906,55.28583],[-7.07934,55.27265],[-7.0419,55.26887],[-6.99649,55.25772],[-6.9757,55.24868],[-6.95352,55.25434],[-6.93956,55.23908],[-6.94278,55.21857],[-6.97256,55.20832],[-7.00064,55.20515],[-7.03409,55.19684],[-7.06574,55.18496],[-7.09976,55.16547],[-7.13231,55.15546],[-7.15949,55.15078],[-7.17284,55.1435],[-7.21662,55.10834],[-7.23229,55.09186],[-7.24498,55.07343],[-7.2471,55.06932],[-7.25674,55.05069],[-7.24096,55.05028],[-7.19542,55.05805],[-7.17748,55.05695],[-7.1339,55.04385],[-7.09948,55.04096],[-7.06505,55.04385],[-7.0537,55.04873],[-7.03189,55.06493],[-7.0172,55.07111],[-7.01781,55.08397],[-7.00992,55.10224],[-6.99795,55.11864],[-6.98648,55.12572],[-6.97492,55.13544],[-6.96866,55.18065],[-6.96255,55.19465],[-6.94669,55.19538],[-6.90355,55.17866],[-6.88378,55.17414],[-6.75451,55.1778],[-6.64045,55.20832],[-6.57128,55.21125],[-6.55451,55.21857],[-6.53917,55.23066],[-6.51985,55.24067],[-6.49812,55.24714],[-6.47594,55.24868],[-6.44001,55.23603],[-6.41592,55.23188],[-6.37816,55.24624],[-6.35289,55.24262],[-6.25585,55.21088],[-6.23982,55.20832],[-6.21764,55.21039],[-6.17955,55.21971],[-6.16002,55.22191],[-6.12084,55.21784],[-6.10098,55.21239],[-6.0924,55.2049],[-6.08422,55.20222],[-6.04723,55.17853],[-6.0371,55.16791],[-6.04064,55.11205],[-6.04743,55.09565],[-6.06208,55.07412],[-6.05435,55.06513],[-6.03539,55.06363],[-6.01667,55.06428],[-6.00353,55.06318],[-5.98868,55.05948],[-5.97574,55.05305],[-5.96825,55.04385],[-5.9702,55.02582],[-5.98827,54.98867],[-5.98624,54.98176],[-5.95714,54.97895],[-5.93033,54.97089],[-5.90661,54.95795],[-5.88634,54.94082],[-5.88199,54.93403],[-5.87523,54.91791],[-5.86925,54.91039],[-5.86278,54.90595],[-5.84704,54.89814],[-5.83918,54.89301],[-5.82999,54.88516],[-5.82095,54.87507],[-5.81395,54.86278],[-5.81119,54.84833],[-5.80053,54.82075],[-5.77526,54.81151],[-5.74559,54.80459],[-5.72183,54.78376],[-5.71565,54.78376],[-5.73375,54.80524],[-5.7976,54.84455],[-5.78173,54.86172],[-5.75162,54.85688],[-5.72061,54.84101],[-5.70198,54.82469],[-5.68985,54.79312],[-5.69262,54.7652],[-5.7069,54.74299],[-5.72932,54.7285],[-5.7589,54.71992],[-5.81843,54.70962],[-5.84537,54.70124],[-5.87149,54.68732],[-5.89074,54.67231],[-5.91434,54.64684],[-5.92724,54.63296],[-5.91515,54.62824],[-5.91096,54.61945],[-5.90998,54.61054],[-5.90738,54.60562],[-5.89489,54.6048],[-5.88728,54.60981],[-5.88199,54.61616],[-5.871,54.6223],[-5.84878,54.64322],[-5.83902,54.64973],[-5.80382,54.65961],[-5.76952,54.67463],[-5.74795,54.68041],[-5.73241,54.67699],[-5.71662,54.66987],[-5.69469,54.66869],[-5.5747,54.68008],[-5.569,54.67695],[-5.55671,54.66279],[-5.54711,54.65961],[-5.53661,54.65746],[-5.53327,54.65168],[-5.53279,54.64322],[-5.5301,54.63296],[-5.51439,54.59789],[-5.50255,54.58348],[-5.48571,54.5777],[-5.47891,54.56948],[-5.47289,54.5301],[-5.46862,54.51626],[-5.43708,54.48786],[-5.43078,54.48517],[-5.43757,54.47565],[-5.43651,54.4702],[-5.43346,54.46625],[-5.43383,54.461],[-5.43883,54.4549],[-5.45812,54.4374],[-5.46426,54.42524],[-5.45739,54.40868],[-5.46117,54.39208],[-5.47086,54.38434],[-5.484,54.37759],[-5.48913,54.36957],[-5.47484,54.35859],[-5.48957,54.35371],[-5.50202,54.33967],[-5.51578,54.33808],[-5.52766,54.34528],[-5.53698,54.35928],[-5.54711,54.3791],[-5.55899,54.38264],[-5.56949,54.39151],[-5.57665,54.40278],[-5.57844,54.4138],[-5.57169,54.4256],[-5.5487,54.44282],[-5.54369,54.45783],[-5.54735,54.48908],[-5.55801,54.51191],[-5.57531,54.529],[-5.64489,54.56778],[-5.67186,54.57681],[-5.70198,54.5777],[-5.70198,54.57079],[-5.69465,54.5611],[-5.69742,54.55121],[-5.70604,54.54267],[-5.71565,54.53669],[-5.70153,54.53632],[-5.69042,54.53205],[-5.68151,54.52684],[-5.67406,54.52367],[-5.63695,54.52204],[-5.6256,54.51626],[-5.64192,54.51264],[-5.66393,54.5102],[-5.67032,54.50568],[-5.63996,54.49575],[-5.64476,54.48371],[-5.6446,54.47211],[-5.6385,54.46357],[-5.6256,54.461],[-5.6267,54.45669],[-5.628,54.4538],[-5.63313,54.44733],[-5.6256,54.44111],[-5.65355,54.38898],[-5.66145,54.37958],[-5.69791,54.36229],[-5.70885,54.35175],[-5.66832,54.36066],[-5.62214,54.37665],[-5.5797,54.38369],[-5.55053,54.36542],[-5.54068,54.32734],[-5.55305,54.29853],[-5.5795,54.2757],[-5.61262,54.25556],[-5.61718,54.25479],[-5.62853,54.25654],[-5.63313,54.25556],[-5.63996,54.23505],[-5.64684,54.23216],[-5.65575,54.22968],[-5.6634,54.23086],[-5.66666,54.23884],[-5.67882,54.24616],[-5.73689,54.24909],[-5.77945,54.24653],[-5.82266,54.23721],[-5.84227,54.23505],[-5.86205,54.23054],[-5.86803,54.21849],[-5.86604,54.18415],[-5.86583,54.18049],[-5.86852,54.16132],[-5.87462,54.14053],[-5.88321,54.12075],[-5.89379,54.10468],[-5.91198,54.09129],[-5.95385,54.07868],[-5.98473,54.05931],[-6.02725,54.04023],[-6.04052,54.03644],[-6.07958,54.03457],[-6.09545,54.03636],[-6.1129,54.04389],[-6.1129,54.05012],[-6.09301,54.05589],[-6.08495,54.05695],[-6.16153,54.07372],[-6.17431,54.07429],[-6.18586,54.09268],[-6.21255,54.09846],[-6.2425,54.09976],[-6.26366,54.10468],[-6.26989,54.09793],[-6.26989,54.09789],[-6.20702,54.06171],[-6.1914,54.05695],[-6.18432,54.05378],[-6.16991,54.03962],[-6.16381,54.03644],[-6.14249,54.03522],[-6.13386,54.03335],[-6.12654,54.03022],[-6.10729,54.01362],[-6.11099,54.00129],[-6.14354,53.97842],[-6.16076,53.97443],[-6.18554,53.97972],[-6.2091,53.98859],[-6.22277,53.99543],[-6.23705,53.99384],[-6.30704,54.01187],[-6.35985,54.01602],[-6.35985,54.00849],[-6.34781,54.00361],[-6.35387,53.99421],[-6.36628,53.98102],[-6.37295,53.96442],[-6.37829,53.93488],[-6.37898,53.9169],[-6.37295,53.89932],[-6.35082,53.88142],[-6.31729,53.87108],[-6.24323,53.86514],[-6.24323,53.85765],[-6.25402,53.83991],[-6.25499,53.82221],[-6.24498,53.80687],[-6.22277,53.79629],[-6.24328,53.78254],[-6.24844,53.75576],[-6.2458,53.72964],[-6.24132,53.68561],[-6.23644,53.67084],[-6.22989,53.65656],[-6.22277,53.64606],[-6.21304,53.64057],[-6.19799,53.63447],[-6.18708,53.63007],[-6.16979,53.60566],[-6.14249,53.59447],[-6.11246,53.58576],[-6.0924,53.57713],[-6.08446,53.56802],[-6.0773,53.55463],[-6.07494,53.53974],[-6.08153,53.52595],[-6.0985,53.50971],[-6.10314,53.50316],[-6.10546,53.49518]]}},{"type":"Feature","properties":{"featurecla":"Coastline","scalerank":0,"min_zoom":0.0},"geometry":{"type":"LineString","coordinates":[[-3.32348,56.36591],[-3.31151,56.35651],[-3.29402,56.35277],[-3.25154,56.35285],[-3.23062,56.35602],[-3.18838,56.37018],[-3.14957,56.37556],[-2.95027,56.43187],[-2.93993,56.43854],[-2.93065,56.44807],[-2.90909,56.45572],[-2.885,56.45799],[-2.86791,56.45185],[-2.85009,56.44204],[-2.81477,56.44042],[-2.80281,56.42796],[-2.80089,56.40892],[-2.80826,56.39106],[-2.8216,56.37617],[-2.83755,56.36591],[-2.81298,56.36591],[-2.80919,56.36286],[-2.80476,56.34911],[-2.80281,56.3454],[-2.79149,56.34247],[-2.78262,56.34162],[-2.77526,56.33942],[-2.76863,56.33234],[-2.67715,56.32844],[-2.65526,56.32217],[-2.62121,56.30443],[-2.61319,56.30191],[-2.57681,56.28392],[-2.57681,56.27778],[-2.63012,56.24852],[-2.64835,56.22871],[-2.67203,56.2224],[-2.7202,56.21629],[-2.7836,56.19196],[-2.80614,56.18838],[-2.83072,56.19074],[-2.89208,56.20889],[-2.94005,56.20942],[-2.96434,56.20563],[-2.97468,56.19831],[-2.98241,56.18911],[-3.03555,56.16791],[-3.09105,56.13227],[-3.10753,56.1269],[-3.12755,56.12287],[-3.1383,56.11221],[-3.15225,56.07852],[-3.16356,56.06387],[-3.17837,56.05809],[-3.24844,56.05598],[-3.26838,56.05093],[-3.30305,56.03754],[-3.34268,56.02717],[-3.38183,56.02338],[-3.42097,56.02489],[-3.58259,56.05174],[-3.6715,56.05085],[-3.71003,56.05809],[-3.74543,56.07221],[-3.74649,56.07278],[-3.78222,56.09219],[-3.80313,56.10712],[-3.81701,56.11225],[-3.83747,56.11262],[-3.83747,56.10643],[-3.7777,56.08283],[-3.76915,56.07514],[-3.76085,56.07246],[-3.72643,56.03803],[-3.72142,56.03071],[-3.71264,56.029],[-3.69347,56.03115],[-3.68663,56.03071],[-3.67955,56.02546],[-3.67479,56.0187],[-3.66828,56.01276],[-3.65624,56.0102],[-3.59972,56.01724],[-3.57738,56.01704],[-3.40543,55.98973],[-3.35827,55.98973],[-3.34089,55.99445],[-3.33104,55.99409],[-3.32042,55.98603],[-3.30346,55.97761],[-3.12182,55.96931],[-3.11474,55.96613],[-3.09683,55.95197],[-3.09073,55.94819],[-3.07824,55.94684],[-3.0157,55.95051],[-2.93993,55.96931],[-2.91666,55.98062],[-2.90005,55.99616],[-2.88288,56.00849],[-2.85798,56.0102],[-2.86364,56.02228],[-2.86632,56.02676],[-2.87096,56.03071],[-2.85277,56.03978],[-2.82315,56.05976],[-2.80281,56.06485],[-2.63512,56.05805],[-2.61596,56.05317],[-2.58755,56.03095],[-2.56941,56.02448],[-2.57836,56.008],[-2.58365,56.00275],[-2.56957,55.99995],[-2.54406,56.00267],[-2.52896,55.99657],[-2.52481,56.00056],[-2.51456,56.00576],[-2.50792,56.0102],[-2.49328,56.00153],[-2.4525,55.98526],[-2.41438,55.97834],[-2.35094,55.94819],[-2.30777,55.935],[-2.14684,55.9173],[-2.13801,55.91462],[-2.13256,55.90644],[-2.13109,55.8972],[-2.12877,55.8898],[-2.12096,55.8867],[-2.09948,55.88178],[-2.08019,55.86937],[-2.02286,55.80549],[-2.00967,55.79084],[-1.87784,55.69489],[-1.86319,55.67162],[-1.8531,55.65933],[-1.83153,55.6507],[-1.82608,55.64362],[-1.82169,55.63642],[-1.81648,55.63288],[-1.80712,55.63451],[-1.80077,55.63923],[-1.79629,55.64423],[-1.79259,55.64655],[-1.7814,55.64566],[-1.76863,55.64191],[-1.7565,55.63361],[-1.74767,55.61921],[-1.76797,55.61921],[-1.76797,55.61298],[-1.75597,55.60887],[-1.72086,55.61457],[-1.69913,55.61298],[-1.63085,55.58511],[-1.63085,55.57827],[-1.63634,55.57168],[-1.63467,55.5644],[-1.62767,55.55711],[-1.61718,55.55028],[-1.63085,55.54413],[-1.63085,55.5373],[-1.62222,55.53408],[-1.60294,55.52363],[-1.60294,55.51679],[-1.61132,55.50804],[-1.60635,55.50324],[-1.59634,55.4999],[-1.58934,55.49567],[-1.58495,55.48371],[-1.58137,55.41665],[-1.58312,55.40693],[-1.58829,55.39057],[-1.5891,55.3852],[-1.58934,55.37653],[-1.58332,55.35472],[-1.55858,55.32892],[-1.55582,55.31135],[-1.55704,55.30663],[-1.55899,55.30207],[-1.56192,55.2978],[-1.56574,55.29365],[-1.57006,55.2862],[-1.56823,55.27961],[-1.56428,55.27326],[-1.56208,55.26667],[-1.55647,55.25503],[-1.54393,55.24388],[-1.52099,55.2294],[-1.52916,55.21625],[-1.52408,55.21011],[-1.51427,55.20478],[-1.50796,55.19465],[-1.51081,55.18476],[-1.51757,55.17621],[-1.52212,55.16747],[-1.51793,55.15713],[-1.50072,55.14179],[-1.49596,55.13459],[-1.49254,55.11298],[-1.48375,55.0917],[-1.48009,55.08539],[-1.47623,55.08364],[-1.46329,55.08031],[-1.45958,55.0786],[-1.45808,55.07575],[-1.4547,55.06757],[-1.4383,55.0423],[-1.42919,55.03327],[-1.42406,55.02436],[-1.4195,55.0117],[-1.41291,55.00031],[-1.40152,54.99543],[-1.39818,54.99262],[-1.37023,54.97553],[-1.36266,54.96479],[-1.36172,54.95869],[-1.36351,54.95425],[-1.364,54.94819],[-1.36286,54.92593],[-1.36034,54.91706],[-1.35314,54.91352],[-1.35582,54.90428],[-1.29678,54.77993],[-1.27546,54.74844],[-1.24047,54.72167],[-1.22509,54.71503],[-1.17223,54.70124],[-1.17223,54.69379],[-1.19262,54.69379],[-1.19245,54.68928],[-1.19079,54.68618],[-1.18517,54.68008],[-1.18273,54.67206],[-1.17882,54.66474],[-1.17292,54.65835],[-1.1647,54.65278],[-1.17292,54.64419],[-1.18248,54.63923],[-1.20629,54.63296],[-1.20372,54.62572],[-1.19884,54.62157],[-1.1918,54.61978],[-1.18212,54.61929],[-1.17935,54.62092],[-1.17846,54.62421],[-1.17699,54.62678],[-1.17223,54.62613],[-1.16959,54.6236],[-1.16544,54.61872],[-1.16295,54.61396],[-1.1647,54.6118],[-1.15266,54.61319],[-1.14672,54.61848],[-1.13805,54.64655],[-1.12059,54.633],[-1.10363,54.62466],[-1.08422,54.62043],[-1.04206,54.61709],[-0.99348,54.59813],[-0.78791,54.56078],[-0.56298,54.47736],[-0.53466,54.461],[-0.52286,54.44709],[-0.5218,54.43806],[-0.52359,54.43024],[-0.52042,54.42007],[-0.51,54.41157],[-0.4768,54.3972],[-0.46276,54.38898],[-0.44774,54.3732],[-0.43057,54.34931],[-0.41845,54.32404],[-0.41804,54.30394],[-0.41454,54.29731],[-0.40901,54.29076],[-0.40119,54.28563],[-0.39074,54.28351],[-0.39489,54.27314],[-0.39757,54.26919],[-0.38927,54.26406],[-0.37047,54.24771],[-0.36278,54.2425],[-0.32201,54.23607],[-0.31192,54.23163],[-0.30012,54.22468],[-0.27709,54.21776],[-0.2696,54.20767],[-0.26256,54.1811],[-0.26037,54.17699],[-0.23388,54.16047],[-0.11144,54.13158],[-0.07551,54.11213],[-0.16393,54.0834],[-0.19469,54.06232],[-0.21947,54.02277],[-0.19742,53.99482],[-0.16869,53.92935],[-0.15111,53.89932],[-0.04516,53.80121],[0.13347,53.64265],[0.14926,53.60961],[0.13689,53.57713],[0.1312,53.57343],[0.10963,53.56289],[0.13136,53.5937],[0.136,53.61066],[0.12021,53.61811],[0.09946,53.6223],[0.05616,53.64126],[0.03452,53.64606],[0.01482,53.64326],[-0.02392,53.62885],[-0.04503,53.62556],[-0.06941,53.62694],[-0.09227,53.63105],[-0.11262,53.63752],[-0.13003,53.64606],[-0.22533,53.71992],[-0.26037,53.73542],[-0.29564,53.7388],[-0.30517,53.73969],[-0.43114,53.7143],[-0.4497,53.7143],[-0.51049,53.7143],[-0.54442,53.70946],[-0.5515,53.71117],[-0.57624,53.72565],[-0.57917,53.72797],[-0.63703,53.732],[-0.65836,53.72797],[-0.72647,53.70063],[-0.71736,53.69868],[-0.70857,53.69575],[-0.70018,53.69184],[-0.69245,53.687],[-0.67748,53.70283],[-0.64981,53.7106],[-0.61954,53.71186],[-0.59618,53.70808],[-0.55549,53.6905],[-0.54475,53.68358],[-0.52994,53.67768],[-0.51403,53.6813],[-0.48632,53.69448],[-0.30724,53.71426],[-0.27937,53.7071],[-0.26037,53.687],[-0.18863,53.62043],[-0.14403,53.60663],[-0.11319,53.58462],[-0.09594,53.57713],[-0.06094,53.57396],[-0.04662,53.57038],[9e-05,53.53535],[0.09596,53.48835],[0.11508,53.48322],[0.13404,53.48062],[0.15187,53.47582],[0.16782,53.4645],[0.17091,53.45702],[0.17311,53.44676],[0.17579,53.43769],[0.18149,53.43374],[0.1906,53.43187],[0.21949,53.4195],[0.21192,53.41267],[0.22934,53.40477],[0.24488,53.39094],[0.25611,53.37507],[0.26043,53.36148],[0.34213,53.2263],[0.35621,53.18854],[0.35662,53.14574],[0.33579,53.09345],[0.32984,53.08649],[0.3187,53.08369],[0.29884,53.0812],[0.28248,53.07486],[0.19304,53.02009],[0.17449,53.01545],[0.16082,53.00898],[0.08212,52.93867],[0.06117,52.92499],[0.03761,52.91918],[0.02215,52.91258],[0.00856,52.89863],[0.01026,52.88646],[0.04066,52.88508],[0.09254,52.89252],[0.10564,52.88935],[0.13347,52.87519],[0.14715,52.87202],[0.17091,52.86213],[0.22242,52.81367],[0.24676,52.79572],[0.2645,52.8037],[0.28566,52.80557],[0.32553,52.80317],[0.34181,52.79743],[0.36988,52.77302],[0.38453,52.76838],[0.38453,52.77521],[0.37924,52.79084],[0.39942,52.80952],[0.42555,52.82738],[0.43865,52.84073],[0.44402,52.86506],[0.45672,52.89199],[0.47234,52.91645],[0.48569,52.9335],[0.52027,52.95527],[0.56959,52.96931],[0.62338,52.97565],[0.67189,52.97443],[0.6644,52.98188],[0.68474,52.9864],[0.7068,52.98322],[0.72918,52.97748],[0.7505,52.97443],[0.8357,52.97443],[0.8755,52.96817],[0.92107,52.95466],[0.96844,52.9475],[1.01393,52.96015],[1.00343,52.96475],[0.99155,52.96747],[0.97901,52.96841],[0.96608,52.9676],[0.96608,52.97443],[1.27467,52.92919],[1.39601,52.89142],[1.64422,52.77582],[1.67335,52.75568],[1.69703,52.73102],[1.71583,52.68374],[1.73414,52.65461],[1.74724,52.62519],[1.74073,52.60391],[1.74684,52.58853],[1.74871,52.56879],[1.74757,52.53278],[1.77117,52.48591],[1.7671,52.47696],[1.75441,52.46735],[1.72926,52.41559],[1.73015,52.40591],[1.72788,52.39631],[1.6836,52.32453],[1.65187,52.28913],[1.64112,52.28181],[1.63054,52.27045],[1.62827,52.24482],[1.63087,52.19977],[1.6255,52.18037],[1.60743,52.14594],[1.60353,52.12783],[1.5892,52.10082],[1.58758,52.08698],[1.58229,52.08149],[1.50367,52.06098],[1.48683,52.04902],[1.47202,52.05622],[1.46681,52.048],[1.46388,52.03514],[1.45582,52.02851],[1.44899,52.02497],[1.42482,52.00186],[1.35483,51.95405],[1.34352,51.94286],[1.33229,51.94009],[1.26441,51.99437],[1.23487,52.00031],[1.18523,52.02509],[1.15789,52.02851],[1.15789,52.02167],[1.19353,52.0008],[1.21437,51.99144],[1.26026,51.98481],[1.27076,51.98151],[1.27516,51.977],[1.27442,51.96088],[1.27101,51.95645],[1.25074,51.95962],[1.23894,51.95864],[1.21762,51.95433],[1.20574,51.95344],[1.19321,51.95551],[1.16529,51.96703],[1.14308,51.96605],[1.09449,51.95596],[1.0691,51.95344],[1.09547,51.94575],[1.26205,51.93915],[1.28199,51.9466],[1.27849,51.92792],[1.19955,51.87767],[1.21225,51.87165],[1.22788,51.86738],[1.26441,51.864],[1.27475,51.87031],[1.28224,51.88056],[1.28663,51.88166],[1.28826,51.86058],[1.27638,51.84479],[1.21925,51.81184],[1.16782,51.79023],[1.13543,51.78172],[1.06544,51.7753],[1.04664,51.77704],[1.03728,51.78217],[1.02133,51.80256],[0.98878,51.83027],[0.97983,51.84357],[0.97706,51.82461],[0.96209,51.81379],[0.92514,51.80256],[0.8943,51.78461],[0.88697,51.78213],[0.8864,51.77668],[0.88347,51.76472],[0.87892,51.75275],[0.87371,51.7473],[0.86199,51.74555],[0.84596,51.73676],[0.8357,51.73371],[0.8235,51.73383],[0.80144,51.73969],[0.79176,51.74116],[0.7671,51.73945],[0.72088,51.72818],[0.69858,51.72004],[0.7142,51.71528],[0.73243,51.71377],[0.74928,51.70848],[0.76075,51.69269],[0.78907,51.71015],[0.85304,51.7189],[0.88356,51.72687],[0.91236,51.74152],[0.93002,51.7436],[0.94557,51.73371],[0.94744,51.72525],[0.94459,51.71548],[0.94044,51.70799],[0.93816,51.70637],[0.9402,51.69843],[0.94402,51.69058],[0.95183,51.67841],[0.94174,51.67304],[0.938,51.6645],[0.93816,51.64126],[0.93474,51.63589],[0.92677,51.63093],[0.91147,51.62385],[0.93849,51.62499],[0.94809,51.62153],[0.95183,51.61701],[0.92449,51.58832],[0.8733,51.55948],[0.8283,51.54186],[0.81625,51.53718],[0.77125,51.52827],[0.69207,51.53632],[0.6644,51.53506],[0.66375,51.53555],[0.65056,51.53579],[0.64666,51.53535],[0.64405,51.53506],[0.64275,51.53351],[0.62338,51.52204],[0.60865,51.51899],[0.59523,51.51862],[0.58229,51.51655],[0.56886,51.50837],[0.55274,51.51797],[0.54721,51.51773],[0.5254,51.51691],[0.45607,51.50556],[0.45086,51.49828],[0.44801,51.48823],[0.44166,51.47704],[0.42848,51.46711],[0.41407,51.4619],[0.39918,51.4584],[0.38453,51.45311],[0.44842,51.45995],[0.4568,51.46312],[0.46144,51.47016],[0.46485,51.47724],[0.46957,51.48041],[0.53484,51.49169],[0.69483,51.47704],[0.70948,51.47053],[0.72193,51.45628],[0.72316,51.44672],[0.71315,51.44123],[0.69239,51.43952],[0.6565,51.44453],[0.64096,51.44416],[0.60939,51.42512],[0.57276,51.41958],[0.55454,51.41218],[0.56227,51.40656],[0.5691,51.3996],[0.57651,51.39362],[0.58595,51.39106],[0.67189,51.39106],[0.7129,51.38422],[0.70493,51.39598],[0.70037,51.40982],[0.70533,51.4195],[0.72641,51.41901],[0.72836,51.40624],[0.73927,51.38793],[0.75343,51.37153],[0.76441,51.36441],[0.97722,51.34919],[1.10092,51.37324],[1.42384,51.39208],[1.44825,51.38288],[1.43914,51.35008],[1.43556,51.34374],[1.43084,51.3378],[1.42514,51.33295],[1.41863,51.32966],[1.38299,51.32978],[1.37761,51.32624],[1.38063,51.30475],[1.38787,51.28791],[1.40431,51.26138],[1.4131,51.22175],[1.4048,51.18354],[1.38445,51.15168],[1.35719,51.13101],[1.29038,51.11652],[1.26295,51.10326],[1.25164,51.10253],[1.22999,51.10371],[1.21811,51.10098],[1.20826,51.09467],[1.19972,51.08759],[1.19207,51.08259],[1.17221,51.07738],[1.1067,51.07636],[1.08717,51.07298],[1.06691,51.0644],[1.0276,51.04165],[0.97641,50.99445],[0.96648,50.98273],[0.96909,50.95685],[0.97983,50.91816],[0.94516,50.90937],[0.8698,50.92512],[0.80226,50.9392],[0.76246,50.93089],[0.6644,50.87031],[0.6242,50.85871],[0.40748,50.82933],[0.37029,50.81879],[0.36524,50.819],[0.35426,50.80964],[0.34441,50.79906],[0.3423,50.79515],[0.30812,50.78095],[0.27101,50.74738],[0.2339,50.74702],[0.21412,50.74893],[0.1683,50.75983],[0.1574,50.76105],[0.12208,50.76081],[0.11305,50.76415],[0.09555,50.77505],[0.07704,50.779],[0.03452,50.78095],[0.01755,50.78486],[-0.17317,50.82901],[-0.20613,50.83104],[-0.20889,50.8301],[-0.23314,50.82193],[-0.26968,50.83128],[-0.39757,50.80207],[-0.56896,50.80207],[-0.73274,50.76728],[-0.74157,50.76923],[-0.74987,50.77387],[-0.75821,50.77709],[-0.76757,50.77473],[-0.7731,50.76602],[-0.76627,50.74714],[-0.77099,50.73688],[-0.78995,50.73005],[-0.81281,50.73477],[-0.90412,50.77188],[-0.91149,50.77782],[-0.90587,50.78803],[-0.89249,50.79462],[-0.86364,50.80207],[-0.86364,50.80825],[-0.87361,50.81293],[-0.89314,50.82534],[-0.90469,50.82933],[-0.90954,50.826],[-0.9217,50.8216],[-0.92894,50.82282],[-0.91902,50.83617],[-0.9298,50.83999],[-0.9392,50.84325],[-0.97077,50.84699],[-0.99486,50.84707],[-1.00186,50.84711],[-1.02074,50.84365],[-1.03356,50.82591],[-1.04263,50.80191],[-1.05622,50.78303],[-1.08275,50.78095],[-1.10302,50.79548],[-1.09362,50.81293],[-1.07531,50.83002],[-1.06916,50.84365],[-1.08731,50.8498],[-1.08812,50.84976],[-1.14981,50.84667],[-1.1647,50.84365],[-1.12971,50.8251],[-1.12377,50.81879],[-1.12121,50.79938],[-1.12491,50.78872],[-1.13805,50.78095],[-1.15111,50.7814],[-1.16934,50.78587],[-1.18562,50.79243],[-1.19262,50.79865],[-1.19929,50.80793],[-1.23152,50.81892],[-1.2552,50.83194],[-1.28816,50.83918],[-1.30142,50.84365],[-1.31859,50.85692],[-1.33894,50.87271],[-1.44929,50.91205],[-1.46642,50.91816],[-1.46642,50.91193],[-1.45645,50.90876],[-1.43798,50.90131],[-1.42561,50.90009],[-1.40111,50.88117],[-1.32307,50.82575],[-1.31428,50.81216],[-1.31729,50.80024],[-1.33983,50.79515],[-1.40396,50.79157],[-1.41869,50.7884],[-1.41137,50.7849],[-1.40494,50.78095],[-1.40494,50.77473],[-1.45051,50.76935],[-1.47623,50.76341],[-1.48754,50.75772],[-1.49193,50.75727],[-1.52473,50.76105],[-1.5572,50.72329],[-1.5594,50.71922],[-1.56119,50.71898],[-1.58072,50.72264],[-1.60212,50.73176],[-1.67064,50.74006],[-1.67292,50.74006],[-1.69302,50.73994],[-1.71508,50.73579],[-1.75353,50.72285],[-1.77172,50.72012],[-1.79743,50.72317],[-1.83507,50.72769],[-1.85741,50.72696],[-1.87735,50.72285],[-1.89635,50.71629],[-1.89688,50.71605],[-1.91389,50.70742],[-1.92911,50.69587],[-1.94001,50.69082],[-1.94433,50.69766],[-1.94612,50.70791],[-1.94929,50.71332],[-1.9877,50.72012],[-2.01391,50.71894],[-2.02196,50.72012],[-2.02546,50.72386],[-2.02619,50.72508],[-2.03384,50.73713],[-2.03897,50.73994],[-2.04809,50.73481],[-2.08267,50.69896],[-2.06957,50.7001],[-2.05773,50.70283],[-2.04662,50.70726],[-2.03563,50.71332],[-2.01415,50.68879],[-2.00251,50.6813],[-1.98412,50.67853],[-1.96744,50.67866],[-1.95279,50.67658],[-1.94587,50.66885],[-1.95295,50.65184],[-1.93822,50.64582],[-1.93248,50.64444],[-1.96727,50.61709],[-1.9652,50.6022],[-1.98371,50.59663],[-2.06517,50.59553],[-2.08218,50.59785],[-2.15734,50.62051],[-2.34264,50.63378],[-2.37706,50.64753],[-2.39835,50.64558],[-2.4359,50.63752],[-2.44762,50.62788],[-2.46007,50.60651],[-2.46565,50.58515],[-2.45645,50.57551],[-2.43122,50.57026],[-2.4287,50.55756],[-2.43928,50.54182],[-2.45336,50.52766],[-2.45954,50.52766],[-2.46036,50.5655],[-2.48351,50.5904],[-2.69294,50.69282],[-2.86482,50.73379],[-2.88732,50.73436],[-2.94555,50.72582],[-2.96276,50.72329],[-2.9982,50.70824],[-3.02184,50.70649],[-3.05972,50.71332],[-3.07136,50.711],[-3.09415,50.69896],[-3.09923,50.69709],[-3.11583,50.68797],[-3.12548,50.68529],[-3.13589,50.68594],[-3.15514,50.69135],[-3.16649,50.69282],[-3.18562,50.69074],[-3.21915,50.68081],[-3.25984,50.67455],[-3.27139,50.6645],[-3.28043,50.65119],[-3.29556,50.63752],[-3.36815,50.61709],[-3.39074,50.61782],[-3.40754,50.62128],[-3.42097,50.62946],[-3.43334,50.64444],[-3.44636,50.66828],[-3.45043,50.67231],[-3.45328,50.67329],[-3.45543,50.67544],[-3.45861,50.67756],[-3.46443,50.67853],[-3.46776,50.67642],[-3.4689,50.6717],[-3.46784,50.66698],[-3.45531,50.6579],[-3.44205,50.62352],[-3.43334,50.61026],[-3.45116,50.59943],[-3.46727,50.5856],[-3.48176,50.56855],[-3.49486,50.54816],[-3.50597,50.52082],[-3.50503,50.50121],[-3.48746,50.45942],[-3.50976,50.45848],[-3.53213,50.45478],[-3.54943,50.44652],[-3.55626,50.43211],[-3.54931,50.41559],[-3.53197,50.41022],[-3.48746,50.41157],[-3.48746,50.40477],[-3.49747,50.38736],[-3.49828,50.38369],[-3.50731,50.3828],[-3.51496,50.37995],[-3.52013,50.37482],[-3.52693,50.3498],[-3.53889,50.34443],[-3.55451,50.34764],[-3.57055,50.35639],[-3.57779,50.33405],[-3.59911,50.32583],[-3.62157,50.32193],[-3.63199,50.31232],[-3.63736,50.2954],[-3.64757,50.27456],[-3.65331,50.25104],[-3.64562,50.22602],[-3.66063,50.22101],[-3.70092,50.21353],[-3.71801,50.21239],[-3.74039,50.21589],[-3.75862,50.22175],[-3.77424,50.22297],[-3.78897,50.21239],[-3.82632,50.2342],[-3.88419,50.28046],[-3.94994,50.319],[-3.96101,50.32225],[-3.9702,50.32075],[-3.99576,50.31143],[-4.0056,50.30923],[-4.01134,50.30695],[-4.02477,50.29719],[-4.03295,50.29491],[-4.04406,50.29645],[-4.05435,50.30036],[-4.07022,50.30923],[-4.06794,50.31281],[-4.06404,50.32225],[-4.08601,50.32624],[-4.10827,50.33662],[-4.11872,50.35187],[-4.10497,50.37067],[-4.14175,50.36905],[-4.15274,50.37067],[-4.16552,50.37637],[-4.17146,50.3828],[-4.17577,50.39086],[-4.18383,50.40107],[-4.19148,50.41763],[-4.18391,50.43171],[-4.17032,50.44514],[-4.15954,50.45942],[-4.17943,50.45307],[-4.18956,50.45368],[-4.20055,50.45942],[-4.20368,50.4514],[-4.20474,50.44868],[-4.21239,50.44147],[-4.22252,50.43797],[-4.23473,50.4383],[-4.23473,50.43211],[-4.2202,50.42585],[-4.21614,50.41572],[-4.21972,50.4051],[-4.22851,50.39737],[-4.24144,50.39468],[-4.28991,50.39737],[-4.27302,50.3819],[-4.21618,50.38776],[-4.19376,50.3769],[-4.22851,50.37067],[-4.22851,50.36384],[-4.22012,50.3653],[-4.20055,50.36384],[-4.208,50.35639],[-4.18004,50.35639],[-4.18004,50.35017],[-4.19131,50.34756],[-4.19799,50.34223],[-4.19913,50.33539],[-4.19376,50.32844],[-4.19376,50.32225],[-4.215,50.32315],[-4.2257,50.33539],[-4.2351,50.34955],[-4.25235,50.35639],[-4.33772,50.37067],[-4.3837,50.3675],[-4.45621,50.3382],[-4.49535,50.32844],[-4.65982,50.32225],[-4.65958,50.32062],[-4.66271,50.31778],[-4.6678,50.31533],[-4.67345,50.31542],[-4.68716,50.34272],[-4.69433,50.34345],[-4.70018,50.34089],[-4.70556,50.33755],[-4.71133,50.33588],[-4.73156,50.33466],[-4.75211,50.33031],[-4.7633,50.32209],[-4.75544,50.30923],[-4.75544,50.30174],[-4.76236,50.29804],[-4.77164,50.29157],[-4.77986,50.28433],[-4.78336,50.2779],[-4.78189,50.2718],[-4.77652,50.26508],[-4.77652,50.26081],[-4.78844,50.24209],[-4.79015,50.23656],[-4.80016,50.22956],[-4.84972,50.23456],[-4.86872,50.22944],[-4.88732,50.21499],[-4.90477,50.20844],[-4.94726,50.19937],[-4.96068,50.1905],[-5.00243,50.14411],[-5.01456,50.15656],[-5.02038,50.19196],[-5.03319,50.19937],[-5.05297,50.19579],[-5.05362,50.18692],[-5.05187,50.17552],[-5.06456,50.16462],[-5.06456,50.15839],[-5.0585,50.15546],[-5.04345,50.14411],[-5.05187,50.1446],[-5.05846,50.14273],[-5.07079,50.13727],[-5.08031,50.13272],[-5.08161,50.12539],[-5.08096,50.11717],[-5.08503,50.10993],[-5.0939,50.10554],[-5.12597,50.09634],[-5.11465,50.09663],[-5.10607,50.09512],[-5.09187,50.0895],[-5.0869,50.08906],[-5.07535,50.09048],[-5.07079,50.0895],[-5.06847,50.08515],[-5.06493,50.07184],[-5.06086,50.06904],[-5.05651,50.06061],[-5.06949,50.04218],[-5.09805,50.01439],[-5.10729,50.01301],[-5.12743,50.01545],[-5.13964,50.01439],[-5.14647,50.01057],[-5.17614,49.98794],[-5.18773,49.9645],[-5.19115,49.95913],[-5.2001,49.96137],[-5.21036,49.96674],[-5.24039,49.98835],[-5.24523,49.99311],[-5.2495,50.00007],[-5.25304,50.01264],[-5.25227,50.0207],[-5.25267,50.02778],[-5.25976,50.03767],[-5.2884,50.06769],[-5.30435,50.08027],[-5.32396,50.0895],[-5.38419,50.10798],[-5.42471,50.11274],[-5.45812,50.12588],[-5.47484,50.13044],[-5.49568,50.12962],[-5.52184,50.12372],[-5.54092,50.11347],[-5.54064,50.09976],[-5.53466,50.08234],[-5.54556,50.06892],[-5.56347,50.05964],[-5.57844,50.05475],[-5.61946,50.04621],[-5.66739,50.04287],[-5.70515,50.05231],[-5.71565,50.08271],[-5.70596,50.08348],[-5.6988,50.08539],[-5.69449,50.0895],[-5.69441,50.09577],[-5.69709,50.10053],[-5.70031,50.10322],[-5.70198,50.10318],[-5.70739,50.12202],[-5.70922,50.13264],[-5.70539,50.13727],[-5.70352,50.14061],[-5.68464,50.16153],[-5.67675,50.16503],[-5.64737,50.17206],[-5.58361,50.19587],[-5.54943,50.20352],[-5.51098,50.21947],[-5.48913,50.21979],[-5.45812,50.20075],[-5.43798,50.19432],[-5.41739,50.20246],[-5.40294,50.21735],[-5.39586,50.22724],[-5.39289,50.23656],[-5.38756,50.2403],[-5.35192,50.2403],[-5.31485,50.25361],[-5.20031,50.33076],[-5.16356,50.34724],[-5.14989,50.35017],[-5.14647,50.35529],[-5.14566,50.36689],[-5.14704,50.37938],[-5.15368,50.39948],[-5.1424,50.40449],[-5.12727,50.40522],[-5.11974,50.40477],[-5.05028,50.4287],[-5.04817,50.43439],[-5.03873,50.4479],[-5.02977,50.48676],[-5.02864,50.50703],[-5.02526,50.52424],[-5.01561,50.53803],[-4.99559,50.54816],[-4.97517,50.54816],[-4.96784,50.55158],[-4.95482,50.56122],[-4.94726,50.56245],[-4.94148,50.55695],[-4.93712,50.54531],[-4.93444,50.53164],[-4.93358,50.52025],[-4.92687,50.52289],[-4.92431,50.52448],[-4.92052,50.52766],[-4.90241,50.52058],[-4.86095,50.51919],[-4.84484,50.51406],[-4.85582,50.52741],[-4.87328,50.53408],[-4.90624,50.54198],[-4.92186,50.55488],[-4.92024,50.56415],[-4.91519,50.5725],[-4.92052,50.58295],[-4.92052,50.58918],[-4.89566,50.58592],[-4.8212,50.58918],[-4.79247,50.5952],[-4.7766,50.60985],[-4.76504,50.628],[-4.74926,50.64444],[-4.75544,50.65937],[-4.75194,50.67007],[-4.74193,50.67487],[-4.72814,50.67231],[-4.6573,50.71113],[-4.64558,50.72354],[-4.63781,50.74116],[-4.61901,50.75479],[-4.57726,50.77473],[-4.55012,50.80956],[-4.55492,50.89777],[-4.54377,50.9392],[-4.53685,50.94758],[-4.52269,50.97272],[-4.52668,50.98037],[-4.53043,50.9947],[-4.53132,51.00869],[-4.52644,51.01496],[-4.43733,51.01496],[-4.42642,51.01268],[-4.40575,51.00288],[-4.39574,51.00068],[-4.33772,50.99665],[-4.31729,51.00068],[-4.30232,51.00751],[-4.23473,51.05532],[-4.22916,51.0611],[-4.22468,51.06708],[-4.2185,51.07246],[-4.208,51.07636],[-4.21426,51.086],[-4.22631,51.11323],[-4.22851,51.12043],[-4.23192,51.1267],[-4.24901,51.14289],[-4.25577,51.15152],[-4.22232,51.14973],[-4.21483,51.15152],[-4.20836,51.1623],[-4.20983,51.17284],[-4.21727,51.18138],[-4.22851,51.18622],[-4.22851,51.19245],[-4.15233,51.21162],[-3.96947,51.2224],[-3.932,51.23135],[-3.9132,51.23338],[-3.84089,51.23338],[-3.81896,51.23607],[-3.7871,51.24677],[-3.76915,51.24771],[-3.63976,51.22639],[-3.55932,51.22809],[-3.43419,51.20978],[-3.40437,51.19204],[-3.385,51.18622],[-3.27074,51.1894],[-3.19888,51.20356],[-3.16275,51.20673],[-3.09675,51.20454],[-3.05753,51.20816],[-3.02929,51.2204],[-3.02184,51.21357],[-3.03555,51.19929],[-3.02184,51.19245],[-3.00479,51.21312],[-3.00133,51.2204],[-2.99958,51.23322],[-3.00154,51.23969],[-3.00499,51.24506],[-3.00817,51.25454],[-3.00764,51.29198],[-3.01061,51.31098],[-3.02184,51.32282],[-3.00243,51.31908],[-2.99218,51.32193],[-2.9921,51.32205],[-2.98839,51.33112],[-2.98778,51.34667],[-2.97989,51.35586],[-2.96597,51.36494],[-2.95958,51.37425],[-2.97468,51.38422],[-2.95295,51.3985],[-2.92101,51.39444],[-2.88419,51.41698],[-2.8164,51.47362],[-2.79857,51.48261],[-2.78087,51.48908],[-2.76122,51.49287],[-2.73762,51.49409],[-2.71642,51.49958],[-2.69616,51.51264],[-2.60782,51.60737],[-2.5996,51.6114],[-2.58922,51.61424],[-2.58043,51.61864],[-2.57681,51.62751],[-2.57445,51.63573],[-2.56896,51.64496],[-2.56225,51.65339],[-2.55639,51.65925],[-2.49918,51.69676],[-2.465,51.7259],[-2.44774,51.73188],[-2.4049,51.74116],[-2.38854,51.75043],[-2.38077,51.76191],[-2.38337,51.77326],[-2.39806,51.78213],[-2.40241,51.76358],[-2.4204,51.75312],[-2.44343,51.74844],[-2.46329,51.7473],[-2.48209,51.74287],[-2.49584,51.732],[-2.50796,51.71857],[-2.52212,51.70637],[-2.5817,51.68171],[-2.59114,51.67536],[-2.60021,51.66559],[-2.66535,51.61725],[-2.69376,51.59618],[-2.71312,51.58662],[-2.76049,51.57978],[-2.79809,51.5635],[-2.8164,51.55557],[-2.85871,51.54613],[-2.94335,51.54255],[-2.95629,51.54572],[-2.9641,51.5528],[-2.96947,51.55988],[-2.97468,51.56297],[-2.98404,51.55854],[-3.01024,51.53803],[-3.0157,51.53164],[-3.07372,51.50837],[-3.07649,51.50776],[-3.08894,51.50507],[-3.10562,51.49722],[-3.1317,51.48041],[-3.13508,51.4763],[-3.14094,51.46479],[-3.14538,51.45995],[-3.15241,51.45718],[-3.16666,51.456],[-3.17239,51.45327],[-3.17272,51.45311],[-3.16006,51.43183],[-3.16714,51.41047],[-3.1848,51.39761],[-3.20401,51.4016],[-3.21886,51.40278],[-3.28942,51.38422],[-3.53917,51.3985],[-3.55744,51.4051],[-3.57531,51.42044],[-3.60473,51.44571],[-3.6632,51.47622],[-3.67699,51.47704],[-3.69542,51.4715],[-3.71793,51.47858],[-3.73762,51.49087],[-3.74804,51.50092],[-3.74942,51.50536],[-3.74767,51.50703],[-3.74454,51.50764],[-3.74185,51.50837],[-3.74934,51.52806],[-3.7519,51.53307],[-3.75894,51.54678],[-3.77013,51.5633],[-3.78222,51.57665],[-3.79027,51.58198],[-3.80773,51.58918],[-3.81697,51.5965],[-3.83267,51.61555],[-3.84162,51.62153],[-3.85489,51.62385],[-3.88679,51.62141],[-3.96239,51.61563],[-3.97663,51.61188],[-3.98998,51.60651],[-3.99877,51.60029],[-3.99991,51.59089],[-3.99226,51.58112],[-3.9818,51.5716],[-3.9746,51.56297],[-4.01618,51.56297],[-4.0161,51.56037],[-4.02082,51.55585],[-4.02652,51.55402],[-4.0292,51.55927],[-4.03197,51.56314],[-4.03856,51.56623],[-4.04646,51.56843],[-4.05313,51.56924],[-4.0563,51.56704],[-4.06558,51.55756],[-4.07022,51.55557],[-4.07681,51.55695],[-4.08727,51.56192],[-4.11213,51.56562],[-4.12165,51.56599],[-4.13219,51.56297],[-4.14273,51.55695],[-4.15681,51.54629],[-4.16641,51.54255],[-4.1765,51.54426],[-4.18773,51.54877],[-4.19677,51.54938],[-4.20055,51.53876],[-4.21337,51.53913],[-4.27245,51.55475],[-4.28991,51.55557],[-4.29332,51.55915],[-4.29516,51.56196],[-4.29735,51.56924],[-4.27831,51.57819],[-4.28083,51.58881],[-4.2897,51.60155],[-4.28991,51.61701],[-4.25577,51.62385],[-4.25202,51.6271],[-4.24128,51.63935],[-4.23473,51.64496],[-4.22851,51.63744],[-4.23473,51.63744],[-4.23473,51.63129],[-4.22785,51.62812],[-4.22102,51.62385],[-4.19009,51.63028],[-4.13903,51.63231],[-4.0913,51.63988],[-4.07022,51.6623],[-4.06981,51.66893],[-4.07038,51.6743],[-4.07055,51.67597],[-4.07543,51.6778],[-4.08727,51.66885],[-4.09545,51.66511],[-4.10684,51.66425],[-4.14635,51.66706],[-4.20055,51.68586],[-4.21496,51.67967],[-4.29369,51.67227],[-4.3153,51.67748],[-4.34236,51.69086],[-4.36644,51.70848],[-4.37926,51.72687],[-4.33804,51.72333],[-4.31998,51.72484],[-4.31045,51.73371],[-4.32872,51.73298],[-4.34716,51.73579],[-4.36254,51.74287],[-4.37182,51.75479],[-4.36876,51.75698],[-4.3629,51.76386],[-4.35802,51.77314],[-4.35823,51.78213],[-4.3651,51.78905],[-4.37149,51.78596],[-4.37926,51.7753],[-4.38492,51.77188],[-4.39297,51.76374],[-4.39916,51.76162],[-4.40933,51.76317],[-4.41788,51.76789],[-4.4265,51.7753],[-4.44579,51.77326],[-4.44933,51.7663],[-4.4414,51.75678],[-4.4265,51.7473],[-4.46076,51.73579],[-4.49889,51.73485],[-4.57421,51.74116],[-4.60342,51.73924],[-4.63923,51.73318],[-4.64538,51.73212],[-4.67821,51.71743],[-4.68029,51.69269],[-4.68944,51.6916],[-4.69164,51.68989],[-4.69164,51.68598],[-4.69396,51.67841],[-4.71231,51.65009],[-4.72142,51.65204],[-4.73493,51.65925],[-4.74185,51.65607],[-4.75919,51.64496],[-4.8483,51.64631],[-4.86351,51.64411],[-4.87898,51.63744],[-4.88781,51.62995],[-4.89574,51.62108],[-4.90477,51.61384],[-4.9237,51.60863],[-4.932,51.59903],[-4.94103,51.5965],[-4.94603,51.5976],[-4.95645,51.60277],[-5.0216,51.61603],[-5.04577,51.6269],[-5.03661,51.63744],[-5.05118,51.65693],[-5.10049,51.6647],[-5.11974,51.67841],[-5.11343,51.68529],[-5.03661,51.67841],[-5.03873,51.68183],[-5.04133,51.6894],[-5.04345,51.69269],[-5.02868,51.69294],[-5.00255,51.6874],[-4.98819,51.68586],[-4.9746,51.68793],[-4.94103,51.70014],[-4.89265,51.70637],[-4.86828,51.71678],[-4.85806,51.71833],[-4.84484,51.71381],[-4.84484,51.72004],[-4.8734,51.73774],[-4.87902,51.76203],[-4.86254,51.78238],[-4.82433,51.78828],[-4.82433,51.79572],[-4.83601,51.79072],[-4.86498,51.78327],[-4.92129,51.78002],[-4.93358,51.7753],[-4.91723,51.77534],[-4.90518,51.77119],[-4.90054,51.76211],[-4.90624,51.7473],[-4.89208,51.73941],[-4.89566,51.72818],[-4.91055,51.71821],[-4.98819,51.70685],[-5.00992,51.70637],[-5.14924,51.71809],[-5.1669,51.71381],[-5.15697,51.69758],[-5.16861,51.68891],[-5.18285,51.68928],[-5.18065,51.70014],[-5.18065,51.70637],[-5.23013,51.73005],[-5.2495,51.73371],[-5.22814,51.73395],[-5.21394,51.73574],[-5.20287,51.74079],[-5.19115,51.75104],[-5.17683,51.75967],[-5.14322,51.76386],[-5.12597,51.7685],[-5.11026,51.77851],[-5.10709,51.78807],[-5.11229,51.81318],[-5.11339,51.8288],[-5.1175,51.8437],[-5.12588,51.85602],[-5.13964,51.864],[-5.14647,51.85716],[-5.16438,51.86677],[-5.20377,51.87018],[-5.22159,51.87767],[-5.23583,51.87104],[-5.29141,51.864],[-5.31094,51.864],[-5.30427,51.86762],[-5.29735,51.87018],[-5.29735,51.87767],[-5.30069,51.88203],[-5.30256,51.88524],[-5.30016,51.88833],[-5.29052,51.89199],[-5.29052,51.89814],[-5.29833,51.91096],[-5.28893,51.91694],[-5.25284,51.91865],[-5.2342,51.92304],[-5.20417,51.94229],[-5.19115,51.9466],[-5.16039,51.94945],[-5.11954,51.95893],[-5.08804,51.97602],[-5.08503,52.00186],[-5.07079,52.00186],[-5.07079,52.00804],[-5.08275,52.01447],[-5.08121,52.02119],[-5.07022,52.02635],[-5.0537,52.02851],[-5.0266,52.02741],[-5.01504,52.02534],[-4.96174,52.00751],[-4.94253,52.00747],[-4.91369,52.01484],[-4.92052,52.02851],[-4.9016,52.02643],[-4.86319,52.01699],[-4.84142,52.01484],[-4.83226,52.01899],[-4.83385,52.02875],[-4.83829,52.04011],[-4.838,52.04902],[-4.83039,52.05292],[-4.79699,52.05646],[-4.77758,52.06489],[-4.76317,52.07587],[-4.73868,52.10082],[-4.72029,52.11335],[-4.70653,52.11347],[-4.67345,52.0974],[-4.67569,52.12694],[-4.63752,52.1385],[-4.51382,52.13569],[-4.50227,52.13837],[-4.49576,52.1435],[-4.49096,52.15038],[-4.48428,52.15632],[-4.4547,52.16205],[-4.4348,52.17036],[-4.41539,52.18155],[-4.38557,52.20344],[-4.37125,52.2093],[-4.35473,52.2121],[-4.33434,52.21284],[-4.31583,52.21629],[-4.19713,52.27928],[-4.13907,52.33023],[-4.10961,52.3653],[-4.09626,52.38788],[-4.08739,52.43012],[-4.07897,52.45303],[-4.06794,52.47362],[-4.05655,52.48786],[-4.06184,52.49706],[-4.06404,52.50918],[-4.06257,52.52098],[-4.05655,52.52945],[-4.04849,52.53046],[-4.0266,52.52338],[-4.01618,52.52196],[-3.99877,52.52595],[-3.94734,52.54926],[-3.94734,52.55671],[-3.97448,52.55655],[-4.02587,52.54536],[-4.05313,52.54243],[-4.06847,52.55012],[-4.11413,52.58861],[-4.12548,52.60391],[-4.12222,52.62873],[-4.10595,52.65351],[-4.08483,52.67267],[-4.06713,52.68024],[-4.06355,52.68309],[-4.05883,52.6966],[-4.05655,52.70067],[-4.05272,52.70222],[-4.04198,52.70466],[-4.00109,52.72411],[-3.98827,52.73428],[-4.01472,52.73233],[-4.03197,52.72394],[-4.04882,52.72158],[-4.12515,52.77831],[-4.14436,52.8028],[-4.14904,52.81208],[-4.14623,52.82022],[-4.1289,52.82364],[-4.11734,52.83076],[-4.11978,52.84626],[-4.12776,52.86172],[-4.13219,52.86831],[-4.13199,52.88247],[-4.12987,52.88923],[-4.12361,52.89326],[-4.06404,52.91918],[-4.0714,52.92109],[-4.07457,52.9228],[-4.07763,52.92666],[-4.0891,52.91885],[-4.10049,52.91413],[-4.11059,52.91568],[-4.11856,52.92666],[-4.1444,52.91478],[-4.17162,52.91348],[-4.22851,52.91918],[-4.30069,52.90559],[-4.31729,52.89936],[-4.33731,52.89204],[-4.40661,52.89252],[-4.42724,52.88597],[-4.4462,52.87592],[-4.48168,52.8509],[-4.47794,52.84833],[-4.47549,52.84414],[-4.49136,52.8382],[-4.50097,52.82681],[-4.50133,52.81391],[-4.48913,52.80317],[-4.50194,52.79499],[-4.50919,52.79145],[-4.51647,52.7895],[-4.52855,52.79047],[-4.54247,52.80069],[-4.56395,52.80524],[-4.58308,52.81464],[-4.59463,52.8168],[-4.60652,52.81509],[-4.61351,52.8111],[-4.61921,52.80655],[-4.62633,52.80317],[-4.64859,52.79963],[-4.7045,52.80317],[-4.71931,52.79751],[-4.73323,52.7875],[-4.74743,52.78343],[-4.76285,52.7895],[-4.75251,52.79877],[-4.75145,52.80321],[-4.75544,52.80931],[-4.74926,52.81428],[-4.73493,52.83047],[-4.59606,52.92841],[-4.58096,52.9335],[-4.56208,52.93452],[-4.54353,52.93793],[-4.524,52.94424],[-4.44343,52.98216],[-4.4237,53.00263],[-4.35823,53.02847],[-4.34996,53.04149],[-4.34569,53.05948],[-4.34386,53.10106],[-4.34089,53.11274],[-4.33434,53.11677],[-4.32763,53.11469],[-4.3247,53.1079],[-4.32067,53.10151],[-4.31225,53.10944],[-4.30476,53.121],[-4.30362,53.12531],[-4.26354,53.15453],[-4.25235,53.15941],[-4.23453,53.16401],[-4.2213,53.17503],[-4.20055,53.201],[-4.17797,53.2176],[-4.15152,53.22809],[-4.12222,53.23347],[-4.09069,53.23517],[-4.08235,53.23355],[-4.07433,53.23066],[-4.06688,53.22907],[-4.05411,53.23436],[-4.0323,53.24071],[-4.0089,53.24445],[-3.9746,53.26179],[-3.86531,53.28913],[-3.83129,53.28913],[-3.84142,53.30744],[-3.87076,53.32563],[-3.87841,53.33759],[-3.85997,53.33633],[-3.84057,53.33283],[-3.82299,53.32656],[-3.81013,53.31708],[-3.79052,53.32343],[-3.76887,53.31916],[-3.7482,53.30781],[-3.73192,53.29287],[-3.7163,53.28693],[-3.6022,53.28889],[-3.56233,53.29442],[-3.37206,53.3509],[-3.33031,53.35179],[-3.29239,53.34052],[-3.27131,53.33055],[-3.26207,53.3205],[-3.2508,53.31257],[-3.12222,53.26227],[-3.10753,53.2519],[-3.09512,53.23933],[-3.08776,53.23469],[-3.08454,53.23859],[-3.08454,53.25857],[-3.08454,53.27546],[-3.09594,53.28714],[-3.1112,53.3028],[-3.13541,53.33381],[-3.17154,53.36225],[-3.18521,53.37726],[-3.18635,53.39277],[-3.17553,53.40274],[-3.1573,53.40876],[-3.11465,53.41267],[-3.09423,53.41739],[-3.05826,53.43476],[-3.03555,53.43374],[-3.0122,53.41669],[-2.95295,53.32392],[-2.93513,53.30948],[-2.91055,53.29633],[-2.8815,53.2884],[-2.85058,53.28913],[-2.8496,53.29121],[-2.84838,53.29556],[-2.84496,53.30012],[-2.83755,53.3028],[-2.8286,53.30244],[-2.81338,53.29776],[-2.80614,53.29658],[-2.78978,53.29743],[-2.7755,53.29987],[-2.74812,53.30964],[-2.75365,53.32246],[-2.75088,53.33161],[-2.74315,53.33853],[-2.73449,53.34443],[-2.72614,53.34199],[-2.71744,53.34272],[-2.70861,53.34614],[-2.69978,53.35179],[-2.7141,53.35236],[-2.76439,53.34516],[-2.77538,53.34101],[-2.78238,53.32636],[-2.79979,53.32103],[-2.81033,53.32172],[-2.84366,53.32392],[-2.88646,53.33356],[-2.92496,53.35],[-2.95694,53.37055],[-2.98082,53.39277],[-3.09659,53.54434],[-3.10192,53.55805],[-3.09948,53.57201],[-3.08764,53.58771],[-3.02184,53.65282],[-2.96866,53.69404],[-2.96036,53.69758],[-2.95173,53.70808],[-2.91145,53.72504],[-2.89904,53.73542],[-2.98485,53.73607],[-3.02147,53.74579],[-3.04918,53.76952],[-3.05639,53.80305],[-3.04491,53.87849],[-3.05663,53.90615],[-3.04068,53.92353],[-3.01757,53.93195],[-2.92569,53.9527],[-2.90925,53.95384],[-2.89611,53.94774],[-2.88854,53.94603],[-2.88537,53.95051],[-2.88199,53.95653],[-2.87418,53.96166],[-2.86514,53.96548],[-2.85798,53.9676],[-2.86925,53.97883],[-2.83446,53.99982],[-2.83007,54.01602],[-2.84752,54.00837],[-2.86486,54.0043],[-2.8955,54.00235],[-2.9003,54.00495],[-2.91609,54.02656],[-2.9182,54.03433],[-2.91128,54.03998],[-2.90079,54.04491],[-2.89208,54.05012],[-2.87267,54.0716],[-2.85888,54.081],[-2.82677,54.08881],[-2.81517,54.09878],[-2.79597,54.12519],[-2.81281,54.13988],[-2.83642,54.16759],[-2.85094,54.18464],[-2.85424,54.19408],[-2.83288,54.19904],[-2.81029,54.2119],[-2.79524,54.22948],[-2.79597,54.24872],[-2.80281,54.24872],[-2.80663,54.23371],[-2.82087,54.22175],[-2.85058,54.20775],[-2.88638,54.19628],[-2.90465,54.18765],[-2.91267,54.17699],[-2.9204,54.16205],[-2.9392,54.1551],[-2.9842,54.15314],[-2.99771,54.15957],[-3.01134,54.17414],[-3.01732,54.19009],[-3.00817,54.20034],[-3.01537,54.2119],[-3.02448,54.22158],[-3.03576,54.22598],[-3.04918,54.22207],[-3.04467,54.20832],[-3.04784,54.19432],[-3.05354,54.1813],[-3.05663,54.17023],[-3.06102,54.16193],[-3.09073,54.13947],[-3.10766,54.11856],[-3.11791,54.10883],[-3.14525,54.10004],[-3.14745,54.08869],[-3.1444,54.07514],[-3.14538,54.06379],[-3.18053,54.09284],[-3.18977,54.09789],[-3.20572,54.09854],[-3.21955,54.10078],[-3.23111,54.10513],[-3.24096,54.11213],[-3.23811,54.12759],[-3.23253,54.14468],[-3.23314,54.15917],[-3.2484,54.16682],[-3.2484,54.17365],[-3.2152,54.17984],[-3.20678,54.20893],[-3.20906,54.24274],[-3.20739,54.26301],[-3.22313,54.25764],[-3.23135,54.24722],[-3.24096,54.22207],[-3.23217,54.20254],[-3.24714,54.19794],[-3.27013,54.19912],[-3.286,54.19721],[-3.30679,54.19188],[-3.32852,54.20474],[-3.36449,54.2425],[-3.3942,54.26439],[-3.40738,54.27774],[-3.41291,54.29377],[-3.41039,54.30146],[-3.406,54.30964],[-3.40412,54.31855],[-3.41145,54.33275],[-3.41344,54.34296],[-3.41633,54.34492],[-3.44017,54.35175],[-3.47427,54.3935],[-3.49771,54.40583],[-3.59187,54.4831],[-3.60814,54.48827],[-3.61319,54.49164],[-3.62369,54.50609],[-3.63419,54.51288],[-3.62682,54.52041],[-3.6162,54.52757],[-3.61156,54.52993],[-3.59032,54.56464],[-3.56383,54.64277],[-3.53014,54.68806],[-3.51602,54.71288],[-3.50919,54.72167],[-3.50072,54.72598],[-3.47887,54.7309],[-3.46813,54.7353],[-3.45543,54.74502],[-3.43956,54.76146],[-3.43098,54.78046],[-3.44017,54.79743],[-3.40754,54.85602],[-3.38793,54.88337],[-3.36449,54.89981],[-3.34496,54.90253],[-3.33336,54.89728],[-3.32274,54.88988],[-3.30647,54.88618],[-3.29573,54.88691],[-3.25463,54.89981],[-3.26732,54.9055],[-3.31729,54.92031],[-3.29149,54.93667],[-3.27652,54.94343],[-3.21361,54.95441],[-3.20104,54.95222],[-3.19367,54.94864],[-3.18798,54.94448],[-3.18017,54.94082],[-3.14281,54.93354],[-3.12279,54.93268],[-3.03954,54.94717],[-3.02184,54.95441],[-3.09073,54.95441],[-3.09073,54.96125],[-3.07152,54.96312],[-3.05622,54.96882],[-3.04092,54.97248],[-3.02184,54.96809],[-3.02184,54.97553],[-3.04629,54.98212],[-3.05028,54.98151],[-3.13541,54.96809],[-3.45385,54.98176],[-3.47069,54.98444],[-3.48624,54.98949],[-3.50105,54.9925],[-3.51529,54.9892],[-3.51236,54.98713],[-3.51146,54.98688],[-3.51089,54.98599],[-3.50919,54.98176],[-3.52603,54.97712],[-3.54186,54.98066],[-3.57055,54.99543],[-3.58361,54.96809],[-3.57567,54.95734],[-3.57063,54.93757],[-3.56876,54.916],[-3.57055,54.89981],[-3.5817,54.88361],[-3.59838,54.878],[-3.69176,54.88321],[-3.71764,54.88085],[-3.73925,54.85981],[-3.81013,54.86628],[-3.80785,54.86107],[-3.80679,54.86091],[-3.80333,54.85887],[-3.81237,54.85517],[-3.81981,54.8559],[-3.82608,54.85993],[-3.83129,54.86628],[-3.81998,54.87857],[-3.81505,54.87714],[-3.81013,54.8725],[-3.81163,54.88003],[-3.81322,54.88312],[-3.81697,54.88618],[-3.82885,54.87499],[-3.84431,54.86628],[-3.83975,54.8559],[-3.83747,54.852],[-3.84411,54.85098],[-3.8579,54.84455],[-3.82384,54.82469],[-3.83361,54.82005],[-3.88573,54.80646],[-3.96418,54.77192],[-4.01171,54.76822],[-4.04288,54.76948],[-4.04288,54.77692],[-4.04678,54.77802],[-4.0502,54.77855],[-4.05333,54.77997],[-4.05578,54.78254],[-4.05297,54.78547],[-4.05016,54.78901],[-4.04971,54.78998],[-4.05175,54.80003],[-4.04772,54.81306],[-4.04996,54.82323],[-4.06359,54.82685],[-4.06404,54.83153],[-4.0786,54.82412],[-4.09008,54.80976],[-4.0935,54.79267],[-4.08385,54.77692],[-4.12295,54.77302],[-4.17394,54.7923],[-4.20914,54.82624],[-4.20055,54.86628],[-4.2154,54.86103],[-4.23974,54.843],[-4.25577,54.83832],[-4.27074,54.83942],[-4.34529,54.86017],[-4.35692,54.86555],[-4.36563,54.8725],[-4.37515,54.88691],[-4.37987,54.89789],[-4.38679,54.90477],[-4.4029,54.90729],[-4.40901,54.90302],[-4.41682,54.89281],[-4.42357,54.88036],[-4.4265,54.86945],[-4.41723,54.84593],[-4.40941,54.83124],[-4.4029,54.82469],[-4.38671,54.82416],[-4.37243,54.82184],[-4.35961,54.81664],[-4.34765,54.80732],[-4.34447,54.7945],[-4.35318,54.78311],[-4.35814,54.77098],[-4.34386,54.75642],[-4.35652,54.74189],[-4.35326,54.72089],[-4.34813,54.70197],[-4.35473,54.69379],[-4.36034,54.6916],[-4.36531,54.68696],[-4.3719,54.68228],[-4.38239,54.68008],[-4.40526,54.68207],[-4.4265,54.68757],[-4.45181,54.6988],[-4.46117,54.70124],[-4.49673,54.70063],[-4.5056,54.70466],[-4.56363,54.75642],[-4.59667,54.7753],[-4.71447,54.81786],[-4.75959,54.82534],[-4.78108,54.83308],[-4.79963,54.86127],[-4.82103,54.86664],[-4.85912,54.86628],[-4.88305,54.86009],[-4.90587,54.8498],[-4.92577,54.83739],[-4.94103,54.82469],[-4.94962,54.81582],[-4.95368,54.81],[-4.95482,54.80475],[-4.9547,54.79743],[-4.95287,54.78897],[-4.94791,54.77733],[-4.94026,54.76704],[-4.93017,54.76264],[-4.92325,54.75186],[-4.91194,54.72822],[-4.89599,54.70454],[-4.86726,54.69013],[-4.86693,54.68146],[-4.87214,54.66332],[-4.87243,54.65404],[-4.87206,54.64924],[-4.85912,54.63296],[-4.8806,54.63622],[-4.92349,54.64973],[-4.94408,54.65278],[-4.95368,54.65974],[-4.95987,54.67552],[-4.95897,54.69196],[-4.94726,54.70124],[-4.95482,54.70746],[-4.95889,54.71406],[-4.95906,54.72093],[-4.9547,54.7285],[-4.97338,54.72972],[-4.98156,54.73163],[-4.98819,54.7353],[-4.99267,54.74433],[-4.99706,54.75837],[-5.00329,54.77131],[-5.01301,54.77692],[-5.03319,54.78242],[-5.12824,54.84894],[-5.15713,54.8791],[-5.17553,54.91462],[-5.18065,54.95441],[-5.1776,54.99055],[-5.17081,55.00869],[-5.15673,55.01655],[-5.13561,55.01586],[-5.12458,55.01679],[-5.11974,55.01992],[-5.11514,55.03156],[-5.10521,55.02619],[-5.09553,55.01508],[-5.09187,55.00971],[-5.07689,54.99555],[-5.06949,54.98603],[-5.06456,54.97553],[-5.06379,54.96459],[-5.06526,54.94033],[-5.06086,54.93114],[-5.04752,54.92031],[-5.031,54.91132],[-5.01309,54.90961],[-4.99559,54.92031],[-4.9923,54.92426],[-4.98819,54.92772],[-4.98819,54.93456],[-5.02408,54.97639],[-5.02977,54.9855],[-5.0325,54.99372],[-5.03303,54.99527],[-5.04703,55.01508],[-5.05028,55.0268],[-5.04967,55.04898],[-5.0476,55.05573],[-5.04345,55.06428],[-5.02579,55.08869],[-5.01895,55.10224],[-5.01618,55.12263],[-5.0078,55.14118],[-4.98827,55.15266],[-4.94726,55.16791],[-4.88239,55.21857],[-4.87755,55.22089],[-4.86726,55.22248],[-4.86531,55.22565],[-4.86559,55.23631],[-4.86482,55.24136],[-4.84195,55.27509],[-4.838,55.284],[-4.83723,55.29385],[-4.83975,55.31558],[-4.838,55.32502],[-4.83251,55.33112],[-4.79922,55.35472],[-4.78108,55.36351],[-4.7731,55.36937],[-4.76716,55.37906],[-4.75878,55.40229],[-4.74926,55.41376],[-4.71703,55.43049],[-4.6505,55.44847],[-4.62633,55.46841],[-4.61779,55.49559],[-4.62678,55.51972],[-4.65079,55.53705],[-4.68716,55.54413],[-4.66625,55.5622],[-4.66649,55.5633],[-4.67113,55.58442],[-4.69274,55.60521],[-4.72199,55.61921],[-4.77652,55.63288],[-4.80875,55.63361],[-4.8181,55.63719],[-4.81062,55.64655],[-4.81062,55.654],[-4.86856,55.6756],[-4.90099,55.69233],[-4.92052,55.70856],[-4.87633,55.73526],[-4.86107,55.75674],[-4.86531,55.79047],[-4.87173,55.80244],[-4.8778,55.81102],[-4.88272,55.82136],[-4.88866,55.86453],[-4.88882,55.8653],[-4.89265,55.89289],[-4.88646,55.91966],[-4.87214,55.9372],[-4.84935,55.94823],[-4.8181,55.95563],[-4.79939,55.95791],[-4.7858,55.95698],[-4.72232,55.94009],[-4.70543,55.93846],[-4.69396,55.94135],[-4.67252,55.93378],[-4.50597,55.91909],[-4.48168,55.92829],[-4.59061,55.94151],[-4.63003,55.94628],[-4.67345,55.96186],[-4.72452,55.99836],[-4.76504,56.00707],[-4.78344,56.01765],[-4.79922,56.03095],[-4.81062,56.04377],[-4.82372,56.07368],[-4.82433,56.07852],[-4.83918,56.08063],[-4.84431,56.07298],[-4.84374,56.06297],[-4.83755,56.0506],[-4.79015,56.0102],[-4.77892,55.99209],[-4.78531,55.98404],[-4.80362,55.98208],[-4.82803,55.98233],[-4.85155,55.98802],[-4.86229,56.00214],[-4.86539,56.02021],[-4.86685,56.05834],[-4.86539,56.06672],[-4.82632,56.12421],[-4.75544,56.18838],[-4.75088,56.2027],[-4.75552,56.20653],[-4.76627,56.20209],[-4.77994,56.19147],[-4.83727,56.12442],[-4.85167,56.11262],[-4.87312,56.11201],[-4.8806,56.11986],[-4.87898,56.15054],[-4.88317,56.16401],[-4.89354,56.17426],[-4.90709,56.17707],[-4.92052,56.16791],[-4.90909,56.14997],[-4.89525,56.11473],[-4.88622,56.08039],[-4.88915,56.06485],[-4.90193,56.06192],[-4.90437,56.05435],[-4.90005,56.03413],[-4.90005,56.01459],[-4.89802,56.00117],[-4.89265,55.98973],[-4.9064,55.98574],[-4.92146,55.98867],[-4.93749,55.99384],[-4.9547,55.99657],[-4.9547,55.98973],[-4.94201,55.98631],[-4.92886,55.98115],[-4.91845,55.97333],[-4.91369,55.96186],[-4.91739,55.94746],[-4.92724,55.93769],[-4.93871,55.92963],[-4.94726,55.92084],[-4.95214,55.90913],[-4.95499,55.89936],[-4.95922,55.89012],[-4.96898,55.87987],[-4.98314,55.87104],[-4.99474,55.86982],[-5.02636,55.87372],[-5.04247,55.88475],[-5.05675,55.91031],[-5.0668,55.93879],[-5.07079,55.95869],[-5.11083,55.98896],[-5.11604,56.0017],[-5.12361,56.00991],[-5.13964,56.00275],[-5.12377,55.98631],[-5.08568,55.93187],[-5.07824,55.91096],[-5.08654,55.90127],[-5.10562,55.90497],[-5.17154,55.93553],[-5.18065,55.94843],[-5.18065,55.96931],[-5.19083,55.96174],[-5.19962,55.94855],[-5.20572,55.93452],[-5.20792,55.92463],[-5.21264,55.91714],[-5.24205,55.89289],[-5.21813,55.86469],[-5.20816,55.84927],[-5.20108,55.83149],[-5.21939,55.83145],[-5.26317,55.84577],[-5.2967,55.85269],[-5.30712,55.86042],[-5.31338,55.88544],[-5.31933,55.88911],[-5.32722,55.89155],[-5.33483,55.89667],[-5.33829,55.90375],[-5.3391,55.91303],[-5.33829,55.93138],[-5.33609,55.9392],[-5.32616,55.95026],[-5.32396,55.95869],[-5.32575,55.96723],[-5.33829,55.99657],[-5.31363,56.01236],[-5.2045,56.11945],[-5.14647,56.13312],[-5.1046,56.15152],[-5.09496,56.15738],[-5.05944,56.20311],[-5.04345,56.21629],[-5.0133,56.22761],[-4.97496,56.23701],[-4.94009,56.25141],[-4.92052,56.27778],[-4.9381,56.27098],[-4.97509,56.24799],[-4.99193,56.24299],[-5.0327,56.24116],[-5.04955,56.23705],[-5.06456,56.22932],[-5.07543,56.21699],[-5.09944,56.18195],[-5.10888,56.17471],[-5.22814,56.12922],[-5.31094,56.05805],[-5.31994,56.05492],[-5.33804,56.0541],[-5.34569,56.05121],[-5.34529,56.04613],[-5.35021,56.03193],[-5.35635,56.01976],[-5.35936,56.02074],[-5.36864,56.00943],[-5.39029,56.00568],[-5.41503,56.0069],[-5.43383,56.0102],[-5.43456,56.01496],[-5.43472,56.02363],[-5.43712,56.03002],[-5.44441,56.02757],[-5.44791,56.02228],[-5.44823,56.01606],[-5.44762,56.00943],[-5.45499,55.95563],[-5.45141,55.95344],[-5.43643,55.94896],[-5.43078,55.94819],[-5.42081,55.92829],[-5.41674,55.91682],[-5.41601,55.90742],[-5.41251,55.8996],[-5.40038,55.89289],[-5.40038,55.8867],[-5.40722,55.8867],[-5.40722,55.87987],[-5.40294,55.87873],[-5.39289,55.87372],[-5.39769,55.87157],[-5.4025,55.86835],[-5.40722,55.86628],[-5.3518,55.83242],[-5.32677,55.80858],[-5.31778,55.78303],[-5.32457,55.76923],[-5.33853,55.76264],[-5.37243,55.75642],[-5.38756,55.75031],[-5.43346,55.72101],[-5.44457,55.71162],[-5.45397,55.70059],[-5.46117,55.68814],[-5.46361,55.67984],[-5.46618,55.66218],[-5.46862,55.654],[-5.4901,55.6446],[-5.48827,55.64033],[-5.48428,55.63573],[-5.48229,55.63288],[-5.48388,55.61005],[-5.47476,55.60395],[-5.46264,55.60204],[-5.45499,55.59195],[-5.46109,55.5788],[-5.47692,55.5749],[-5.48876,55.56908],[-5.48229,55.55028],[-5.50353,55.52652],[-5.50963,55.51679],[-5.51061,55.51146],[-5.50963,55.49258],[-5.51098,55.48444],[-5.51427,55.48387],[-5.51879,55.48517],[-5.52326,55.48265],[-5.54552,55.44916],[-5.56151,55.43553],[-5.58462,55.42744],[-5.58462,55.42121],[-5.57213,55.42231],[-5.56208,55.41987],[-5.55309,55.41454],[-5.54369,55.40693],[-5.52746,55.38434],[-5.52668,55.38028],[-5.51496,55.37368],[-5.52505,55.35863],[-5.55797,55.33185],[-5.57437,55.32201],[-5.59411,55.31314],[-5.61628,55.30659],[-5.63996,55.3039],[-5.64953,55.30516],[-5.6691,55.31086],[-5.6809,55.31135],[-5.6914,55.30858],[-5.71402,55.29914],[-5.72558,55.29706],[-5.75455,55.29735],[-5.77229,55.30126],[-5.78287,55.31354],[-5.79467,55.35639],[-5.7967,55.3791],[-5.79141,55.39863],[-5.76342,55.41205],[-5.72541,55.43757],[-5.71565,55.4479],[-5.71524,55.4689],[-5.72012,55.49152],[-5.72191,55.51386],[-5.70775,55.54336],[-5.71207,55.55073],[-5.71886,55.55732],[-5.72183,55.5646],[-5.71813,55.57575],[-5.69449,55.60554],[-5.67333,55.64061],[-5.66942,55.66071],[-5.6809,55.67447],[-5.62654,55.70063],[-5.61946,55.71198],[-5.61319,55.72578],[-5.5983,55.74299],[-5.58121,55.75764],[-5.56786,55.76386],[-5.53917,55.77094],[-5.50463,55.78937],[-5.4735,55.81566],[-5.45499,55.84577],[-5.55175,55.78364],[-5.58747,55.76716],[-5.59944,55.76423],[-5.61262,55.76386],[-5.60578,55.77684],[-5.63321,55.78278],[-5.64672,55.7875],[-5.66039,55.79735],[-5.66796,55.81102],[-5.66902,55.83784],[-5.67406,55.84577],[-5.63199,55.88178],[-5.6256,55.88984],[-5.61937,55.90314],[-5.60436,55.91364],[-5.58629,55.92333],[-5.57103,55.93452],[-5.5935,55.92796],[-5.62759,55.90534],[-5.6538,55.89761],[-5.6717,55.88691],[-5.6809,55.8867],[-5.68798,55.89338],[-5.69416,55.90497],[-5.6964,55.91596],[-5.58682,56.01203],[-5.57844,56.02448],[-5.58267,56.02896],[-5.57665,56.03254],[-5.57103,56.03754],[-5.58389,56.04072],[-5.59642,56.03681],[-5.60985,56.03002],[-5.6256,56.02448],[-5.6317,56.00593],[-5.67488,55.97773],[-5.67406,55.95563],[-5.69079,55.93765],[-5.69449,55.93452],[-5.7045,55.93675],[-5.70751,55.94257],[-5.70588,55.94965],[-5.70198,55.95563],[-5.69644,55.98216],[-5.6599,56.02326],[-5.58462,56.08466],[-5.58153,56.08828],[-5.58007,56.09292],[-5.57746,56.09699],[-5.57103,56.09903],[-5.56461,56.09809],[-5.55655,56.09589],[-5.55069,56.09349],[-5.55053,56.09219],[-5.54784,56.09003],[-5.53946,56.08686],[-5.53161,56.08633],[-5.5301,56.09219],[-5.53474,56.09854],[-5.54141,56.10248],[-5.54752,56.10489],[-5.55053,56.10643],[-5.55696,56.12222],[-5.55871,56.1308],[-5.55468,56.1374],[-5.52253,56.16576],[-5.51574,56.17471],[-5.50963,56.18838],[-5.53991,56.18342],[-5.56249,56.16791],[-5.58267,56.15058],[-5.60578,56.13996],[-5.59935,56.16059],[-5.58642,56.18114],[-5.56941,56.20026],[-5.55053,56.21629],[-5.55944,56.22956],[-5.54723,56.24018],[-5.52562,56.24726],[-5.50617,56.24982],[-5.49474,56.25312],[-5.49283,56.2604],[-5.49926,56.26765],[-5.51268,56.27094],[-5.55427,56.2635],[-5.56314,56.26032],[-5.57262,56.25385],[-5.58235,56.24877],[-5.59215,56.24982],[-5.59805,56.25861],[-5.59557,56.26992],[-5.58462,56.29076],[-5.57258,56.32807],[-5.56273,56.34105],[-5.54369,56.35285],[-5.52522,56.34663],[-5.4982,56.34833],[-5.44811,56.35969],[-5.44811,56.36591],[-5.47216,56.36494],[-5.51537,56.35684],[-5.53751,56.35969],[-5.51732,56.39277],[-5.50963,56.40062],[-5.49893,56.40473],[-5.48607,56.40811],[-5.47802,56.41291],[-5.48229,56.42113],[-5.45702,56.44086],[-5.42357,56.45002],[-5.32287,56.45498],[-5.24205,56.44221],[-5.20873,56.44684],[-5.18187,56.45966],[-5.11852,56.50776],[-5.08568,56.54877],[-5.06456,56.56513],[-5.08654,56.5585],[-5.0996,56.54365],[-5.11059,56.52586],[-5.12597,56.51048],[-5.1669,56.49006],[-5.19017,56.46865],[-5.20108,56.4621],[-5.24376,56.45921],[-5.35017,56.47297],[-5.37808,56.45897],[-5.39428,56.46548],[-5.41055,56.50365],[-5.42414,56.50007],[-5.43594,56.49116],[-5.45499,56.46955],[-5.46862,56.47573],[-5.43334,56.52363],[-5.42764,56.53783],[-5.4038,56.5246],[-5.37926,56.51919],[-5.35668,56.51968],[-5.33829,56.52416],[-5.29052,56.54466],[-5.26504,56.55121],[-5.25255,56.55634],[-5.24205,56.56513],[-5.27562,56.55362],[-5.28677,56.55207],[-5.30679,56.5528],[-5.31094,56.55207],[-5.32771,56.54466],[-5.33869,56.5423],[-5.36034,56.53221],[-5.37243,56.53034],[-5.38435,56.53343],[-5.4005,56.54365],[-5.41393,56.54466],[-5.41088,56.55207],[-5.4073,56.55532],[-5.4027,56.55744],[-5.39664,56.56171],[-5.39269,56.56647],[-5.38931,56.5749],[-5.38663,56.5788],[-5.36071,56.60627],[-5.35192,56.61294],[-5.31086,56.63361],[-5.30451,56.64016],[-5.29845,56.64643],[-5.31778,56.65388],[-5.31778,56.66132],[-5.30907,56.66425],[-5.28677,56.67499],[-5.26146,56.67333],[-5.2482,56.67406],[-5.2189,56.68867],[-5.19644,56.68867],[-5.15331,56.68122],[-5.13264,56.68452],[-5.09337,56.69904],[-5.01281,56.7093],[-4.99559,56.71597],[-5.16055,56.69587],[-5.23827,56.71662],[-5.23851,56.72256],[-5.22842,56.73648],[-5.22208,56.74152],[-5.15465,56.78229],[-5.13638,56.79877],[-5.11974,56.81843],[-5.17907,56.78925],[-5.18749,56.78115],[-5.19176,56.77464],[-5.20226,56.76911],[-5.21467,56.7652],[-5.22496,56.76374],[-5.23347,56.76069],[-5.23705,56.75336],[-5.23892,56.74445],[-5.24205,56.73648],[-5.25524,56.72158],[-5.26846,56.71308],[-5.28336,56.70938],[-5.30101,56.70856],[-5.3098,56.70649],[-5.31916,56.6975],[-5.34016,56.69306],[-5.34838,56.6872],[-5.35936,56.67499],[-5.38805,56.65522],[-5.40388,56.64924],[-5.42422,56.64704],[-5.4344,56.64289],[-5.44872,56.62458],[-5.45812,56.62035],[-5.47077,56.61839],[-5.48257,56.61327],[-5.49332,56.60639],[-5.53344,56.5729],[-5.5996,56.52904],[-5.66739,56.49848],[-5.67406,56.49689],[-5.68301,56.50064],[-5.69469,56.51386],[-5.70539,56.51667],[-5.72179,56.5185],[-5.74083,56.52326],[-5.75821,56.52997],[-5.77025,56.53783],[-5.7552,56.55402],[-5.75105,56.562],[-5.74913,56.57197],[-5.75666,56.57197],[-5.79385,56.54328],[-5.85436,56.55048],[-6.00341,56.61872],[-6.00984,56.62653],[-6.00817,56.64228],[-5.99804,56.64989],[-5.98351,56.65282],[-5.93358,56.65473],[-5.89904,56.65082],[-5.86685,56.64155],[-5.83918,56.62653],[-5.8317,56.63398],[-5.85562,56.64472],[-5.86559,56.65143],[-5.86583,56.66132],[-5.76,56.70075],[-5.7355,56.70234],[-5.6726,56.68415],[-5.64737,56.68122],[-5.59415,56.68334],[-5.56481,56.68765],[-5.54369,56.69546],[-5.63655,56.68867],[-5.65856,56.69074],[-5.70885,56.70856],[-5.74999,56.71454],[-5.85904,56.68122],[-5.8968,56.67512],[-5.90738,56.67499],[-5.92032,56.67796],[-5.94274,56.68675],[-5.95556,56.68867],[-6.02489,56.6857],[-6.09862,56.69697],[-6.12385,56.69562],[-6.14354,56.68488],[-6.16173,56.67821],[-6.18659,56.6811],[-6.20962,56.68846],[-6.22277,56.69546],[-6.22818,56.70108],[-6.23253,56.70653],[-6.23534,56.71239],[-6.2364,56.71906],[-6.23449,56.72858],[-6.22956,56.72907],[-6.22277,56.7272],[-6.21532,56.72964],[-6.19347,56.74852],[-6.18053,56.75462],[-6.02697,56.76374],[-6.01488,56.76704],[-5.97989,56.78156],[-5.9652,56.78486],[-5.94823,56.78254],[-5.93798,56.77692],[-5.92854,56.76996],[-5.91364,56.76374],[-5.86091,56.7508],[-5.8522,56.74698],[-5.85334,56.75788],[-5.85814,56.76846],[-5.8684,56.77586],[-5.88634,56.77741],[-5.88634,56.78486],[-5.87401,56.78571],[-5.86181,56.7851],[-5.85009,56.78246],[-5.83918,56.77741],[-5.82462,56.78758],[-5.80207,56.79182],[-5.7766,56.78799],[-5.75666,56.78486],[-5.8317,56.80537],[-5.85082,56.81802],[-5.85119,56.82892],[-5.83747,56.83662],[-5.73388,56.84479],[-5.69274,56.85493],[-5.66039,56.87299],[-5.67357,56.87653],[-5.69201,56.87531],[-5.70849,56.87055],[-5.72435,56.85383],[-5.7445,56.85415],[-5.78392,56.85993],[-5.77538,56.86994],[-5.7355,56.89411],[-5.78059,56.89875],[-5.87487,56.88715],[-5.92113,56.89411],[-5.88756,56.89912],[-5.8522,56.90034],[-5.8522,56.9077],[-5.85985,56.91055],[-5.88012,56.92202],[-5.86254,56.93374],[-5.85143,56.95425],[-5.84252,56.97744],[-5.8317,56.99714],[-5.81412,57.00951],[-5.78604,57.02058],[-5.75524,57.02656],[-5.72932,57.02383],[-5.71988,57.01756],[-5.69994,56.99811],[-5.6883,56.98969],[-5.67406,56.98359],[-5.65856,56.97948],[-5.6256,56.97663],[-5.57128,56.98383],[-5.52326,56.99714],[-5.52326,57.00397],[-5.54044,57.00117],[-5.55651,56.99608],[-5.57128,56.99331],[-5.58462,56.99714],[-5.60709,56.98851],[-5.62881,56.99189],[-5.64989,56.99966],[-5.67032,57.00397],[-5.68554,57.00959],[-5.68171,57.02241],[-5.68004,57.0362],[-5.70198,57.04491],[-5.71093,57.04418],[-5.73135,57.03901],[-5.74234,57.03807],[-5.75255,57.04059],[-5.7696,57.04975],[-5.78018,57.05174],[-5.79113,57.05927],[-5.77619,57.07583],[-5.73449,57.10541],[-5.72265,57.11644],[-5.71565,57.12006],[-5.70328,57.12075],[-5.6737,57.11905],[-5.66348,57.12372],[-5.64586,57.12946],[-5.62084,57.12409],[-5.57844,57.10639],[-5.55826,57.10041],[-5.45983,57.0998],[-5.45499,57.10297],[-5.44742,57.11017],[-5.43078,57.11074],[-5.4143,57.10822],[-5.40722,57.10639],[-5.40038,57.10639],[-5.40038,57.11384],[-5.42003,57.12067],[-5.5039,57.1127],[-5.52741,57.10749],[-5.54064,57.10639],[-5.54772,57.11009],[-5.57331,57.12788],[-5.58462,57.13369],[-5.66845,57.14765],[-5.6809,57.1579],[-5.67382,57.17499],[-5.63882,57.20238],[-5.6256,57.21625],[-5.64415,57.23322],[-5.62011,57.25214],[-5.57824,57.26675],[-5.54369,57.2709],[-5.51159,57.25764],[-5.48009,57.23701],[-5.44628,57.22305],[-5.40722,57.22993],[-5.40722,57.23672],[-5.44884,57.24209],[-5.45812,57.24665],[-5.47289,57.26122],[-5.4829,57.26801],[-5.4925,57.2709],[-5.50194,57.27766],[-5.48892,57.29243],[-5.46483,57.30663],[-5.44066,57.31184],[-5.44066,57.31928],[-5.465,57.32494],[-5.48176,57.31672],[-5.49429,57.30443],[-5.50617,57.29816],[-5.52343,57.29515],[-5.55846,57.28144],[-5.57844,57.27766],[-5.59944,57.27924],[-5.63744,57.28901],[-5.65697,57.29133],[-5.70006,57.2836],[-5.72057,57.28449],[-5.72932,57.29816],[-5.72525,57.30158],[-5.70198,57.33234],[-5.69376,57.3371],[-5.67199,57.34443],[-5.66348,57.34968],[-5.65437,57.35395],[-5.64721,57.34992],[-5.64147,57.34321],[-5.63655,57.33979],[-5.61319,57.34199],[-5.50129,57.371],[-5.45665,57.39354],[-5.44811,57.4217],[-5.46508,57.4239],[-5.49205,57.40876],[-5.53751,57.37393],[-5.56347,57.3631],[-5.58666,57.36506],[-5.61091,57.37141],[-5.63996,57.37393],[-5.61559,57.38247],[-5.60709,57.38911],[-5.6092,57.39777],[-5.61775,57.4101],[-5.61962,57.41669],[-5.62401,57.41641],[-5.63996,57.40803],[-5.70718,57.35977],[-5.73241,57.35277],[-5.78458,57.34858],[-5.80777,57.35493],[-5.82486,57.39435],[-5.82226,57.3935],[-5.81737,57.39521],[-5.81286,57.3981],[-5.81119,57.40119],[-5.81387,57.40453],[-5.82311,57.41234],[-5.82486,57.41547],[-5.82527,57.4289],[-5.82189,57.43553],[-5.81119,57.44221],[-5.82152,57.44546],[-5.85253,57.45038],[-5.85904,57.4527],[-5.8612,57.46345],[-5.87051,57.48078],[-5.87267,57.49372],[-5.8697,57.50088],[-5.85607,57.51781],[-5.8522,57.52412],[-5.85106,57.5384],[-5.85147,57.55109],[-5.84708,57.55891],[-5.8317,57.55882],[-5.83385,57.56338],[-5.83703,57.57477],[-5.83918,57.57929],[-5.8214,57.5832],[-5.80362,57.58137],[-5.78637,57.57518],[-5.73257,57.54523],[-5.71565,57.5384],[-5.70702,57.5423],[-5.68977,57.5279],[-5.6809,57.52412],[-5.65087,57.51264],[-5.63996,57.51105],[-5.64533,57.51667],[-5.6483,57.52188],[-5.65054,57.5268],[-5.65355,57.53156],[-5.58153,57.5384],[-5.54027,57.53449],[-5.51684,57.53486],[-5.51268,57.54149],[-5.54312,57.55537],[-5.58837,57.56102],[-5.63272,57.55768],[-5.66039,57.54458],[-5.69449,57.56631],[-5.6892,57.5694],[-5.6809,57.57929],[-5.71422,57.58271],[-5.73168,57.59829],[-5.74425,57.61799],[-5.76281,57.63398],[-5.77815,57.63744],[-5.79361,57.63858],[-5.8059,57.64265],[-5.81119,57.6551],[-5.80541,57.66718],[-5.78502,57.67951],[-5.79076,57.68854],[-5.79076,57.69599],[-5.75357,57.70746],[-5.73449,57.70795],[-5.70499,57.69013],[-5.69249,57.69107],[-5.68196,57.69872],[-5.67406,57.70966],[-5.68517,57.71141],[-5.69229,57.7165],[-5.69884,57.72309],[-5.70885,57.72956],[-5.72053,57.73338],[-5.80382,57.74384],[-5.80696,57.75462],[-5.80207,57.78059],[-5.80382,57.79222],[-5.80126,57.80044],[-5.80993,57.82062],[-5.81119,57.8332],[-5.80736,57.84394],[-5.79996,57.85371],[-5.78954,57.86201],[-5.77652,57.86791],[-5.75113,57.87336],[-5.72476,57.87352],[-5.69864,57.86909],[-5.67406,57.8605],[-5.67789,57.84691],[-5.67479,57.82709],[-5.66796,57.80695],[-5.66039,57.79222],[-5.65054,57.78181],[-5.63736,57.77424],[-5.62214,57.77021],[-5.60578,57.77049],[-5.61327,57.77521],[-5.61791,57.78022],[-5.6256,57.79222],[-5.61303,57.79263],[-5.60326,57.79108],[-5.58462,57.78482],[-5.59118,57.80443],[-5.58703,57.81859],[-5.58528,57.83145],[-5.59899,57.84687],[-5.63756,57.86636],[-5.65038,57.87775],[-5.63996,57.88784],[-5.64769,57.88898],[-5.65079,57.89081],[-5.65355,57.89468],[-5.64395,57.9042],[-5.62076,57.92088],[-5.61262,57.92878],[-5.59822,57.91901],[-5.58731,57.91511],[-5.55053,57.91511],[-5.55626,57.88776],[-5.5279,57.86758],[-5.48705,57.85586],[-5.45499,57.85371],[-5.46117,57.8605],[-5.44905,57.86913],[-5.43712,57.89765],[-5.42764,57.90827],[-5.41491,57.90815],[-5.3695,57.89753],[-5.35562,57.89126],[-5.3275,57.87328],[-5.29385,57.86205],[-5.22159,57.84687],[-5.23632,57.86079],[-5.24755,57.86701],[-5.27676,57.87417],[-5.32067,57.8985],[-5.38492,57.91413],[-5.39289,57.9182],[-5.3944,57.9239],[-5.39684,57.92621],[-5.39733,57.9289],[-5.39289,57.93561],[-5.38655,57.93643],[-5.37898,57.93183],[-5.37173,57.93106],[-5.3662,57.94306],[-5.34716,57.93671],[-5.31916,57.91474],[-5.29735,57.90827],[-5.286,57.90876],[-5.26696,57.91401],[-5.25626,57.91511],[-5.24364,57.91291],[-5.22102,57.90404],[-5.21129,57.90209],[-5.1988,57.89777],[-5.16226,57.87849],[-5.11998,57.86799],[-5.09114,57.84032],[-5.07079,57.8332],[-5.07649,57.83853],[-5.0834,57.84756],[-5.08934,57.85725],[-5.09187,57.8642],[-5.09716,57.87092],[-5.19726,57.91787],[-5.22159,57.92133],[-5.22159,57.92878],[-5.20189,57.92866],[-5.19396,57.93598],[-5.19555,57.94766],[-5.2045,57.96015],[-5.2167,57.96589],[-5.24889,57.96939],[-5.26317,57.97655],[-5.29263,57.98062],[-5.33389,58.00853],[-5.35936,58.01138],[-5.35717,58.01406],[-5.35668,58.01488],[-5.35192,58.01752],[-5.36693,58.02888],[-5.38659,58.03254],[-5.42764,58.0312],[-5.42431,58.03555],[-5.42235,58.03897],[-5.41959,58.04206],[-5.41393,58.04548],[-5.41393,58.05231],[-5.44701,58.08438],[-5.42809,58.09797],[-5.39004,58.09219],[-5.3662,58.06599],[-5.34431,58.07551],[-5.32287,58.07172],[-5.30077,58.07014],[-5.27676,58.08641],[-5.28307,58.08641],[-5.27807,58.09626],[-5.2788,58.10537],[-5.28356,58.11347],[-5.29052,58.12055],[-5.27676,58.12055],[-5.27676,58.12739],[-5.29735,58.13483],[-5.28409,58.14008],[-5.25552,58.14378],[-5.24205,58.14789],[-5.24205,58.15534],[-5.27505,58.15453],[-5.29084,58.15632],[-5.3048,58.1621],[-5.29735,58.1684],[-5.3048,58.17333],[-5.31306,58.17731],[-5.32189,58.18024],[-5.33145,58.18203],[-5.32934,58.18671],[-5.32616,58.19843],[-5.32396,58.20311],[-5.33682,58.20319],[-5.34679,58.20685],[-5.39289,58.2447],[-5.39208,58.26138],[-5.37588,58.26423],[-5.35289,58.25894],[-5.31078,58.24339],[-5.29385,58.24091],[-5.27697,58.24339],[-5.23729,58.25764],[-5.21605,58.26142],[-5.19433,58.26],[-5.17321,58.25092],[-5.16564,58.25825],[-5.15225,58.26484],[-5.13834,58.2696],[-5.12938,58.27139],[-5.11156,58.26826],[-5.08129,58.2541],[-5.0677,58.25092],[-5.01773,58.25324],[-5.00243,58.25092],[-4.93358,58.22305],[-4.94343,58.23359],[-4.95482,58.23981],[-4.982,58.25092],[-4.96886,58.25678],[-4.94034,58.25947],[-4.92675,58.26459],[-4.99022,58.27143],[-5.00992,58.27139],[-5.01806,58.26862],[-5.02937,58.25971],[-5.04003,58.25776],[-5.05012,58.25991],[-5.07071,58.26923],[-5.08165,58.27139],[-5.09642,58.27676],[-5.12597,58.3002],[-5.13622,58.30557],[-5.13744,58.30927],[-5.15636,58.32461],[-5.16015,58.32661],[-5.1678,58.33926],[-5.17101,58.34667],[-5.17321,58.35395],[-5.15331,58.35395],[-5.1634,58.36457],[-5.16291,58.3745],[-5.15591,58.38447],[-5.14647,58.39496],[-5.1455,58.40005],[-5.14672,58.40664],[-5.14684,58.41242],[-5.14306,58.41478],[-5.13549,58.41376],[-5.12222,58.40957],[-5.11604,58.4086],[-5.05797,58.38727],[-5.01618,58.38813],[-5.04393,58.40009],[-5.05337,58.40664],[-5.05028,58.41478],[-5.05704,58.42219],[-5.06615,58.41714],[-5.07616,58.4145],[-5.08682,58.41389],[-5.09805,58.41478],[-5.09805,58.42219],[-5.08812,58.42194],[-5.08503,58.42219],[-5.08503,58.42902],[-5.09179,58.42975],[-5.09602,58.43146],[-5.10554,58.43651],[-5.05012,58.4538],[-5.02554,58.4477],[-4.99559,58.43651],[-5.10554,58.48737],[-5.10562,58.50556],[-5.10367,58.51423],[-5.09586,58.51887],[-5.0428,58.53547],[-5.02798,58.54409],[-5.01618,58.55939],[-5.02294,58.55939],[-5.01521,58.58006],[-5.01159,58.60057],[-5.00495,58.61774],[-4.98819,58.62832],[-4.85949,58.61323],[-4.83593,58.60505],[-4.8181,58.59292],[-4.81794,58.58759],[-4.81281,58.57197],[-4.80675,58.55842],[-4.80382,58.55939],[-4.8046,58.54833],[-4.80724,58.53962],[-4.81163,58.53205],[-4.8181,58.52464],[-4.79979,58.53246],[-4.79182,58.54165],[-4.78991,58.55174],[-4.79015,58.56249],[-4.78576,58.57705],[-4.77709,58.58332],[-4.7716,58.5904],[-4.77652,58.60716],[-4.75886,58.59911],[-4.72802,58.57746],[-4.71133,58.57307],[-4.68326,58.56151],[-4.6704,58.55939],[-4.66002,58.55585],[-4.65929,58.54755],[-4.66324,58.5384],[-4.66731,58.53205],[-4.67903,58.52391],[-4.71447,58.5056],[-4.73241,58.48045],[-4.75154,58.46162],[-4.76098,58.44798],[-4.74242,58.44953],[-4.68297,58.48456],[-4.67345,58.48737],[-4.66686,58.50292],[-4.6505,58.50996],[-4.63044,58.51496],[-4.61213,58.52464],[-4.60106,58.54194],[-4.59512,58.56],[-4.58495,58.57416],[-4.56054,58.5799],[-4.51749,58.57551],[-4.47549,58.56562],[-4.4265,58.54637],[-4.4265,58.53889],[-4.42789,58.53531],[-4.4287,58.53474],[-4.4265,58.52464],[-4.44994,58.5102],[-4.46475,58.49201],[-4.47765,58.47134],[-4.49535,58.44953],[-4.4781,58.45356],[-4.46117,58.46247],[-4.43391,58.48363],[-4.43273,58.48762],[-4.43399,58.49238],[-4.43423,58.49628],[-4.43017,58.49799],[-4.42593,58.49909],[-4.38537,58.52241],[-4.38239,58.52464],[-4.34386,58.53889],[-4.31701,58.54572],[-4.307,58.54637],[-4.28718,58.54291],[-4.25731,58.52798],[-4.23473,58.52464],[-4.24893,58.53205],[-4.23819,58.53644],[-4.23225,58.54243],[-4.22769,58.54816],[-4.22102,58.55195],[-4.20971,58.55292],[-4.19079,58.54784],[-4.17699,58.54637],[-4.1682,58.54938],[-4.16055,58.56257],[-4.14932,58.56562],[-4.1112,58.56562],[-4.09024,58.56208],[-4.08145,58.56184],[-4.07022,58.56562],[-4.06151,58.57282],[-4.04882,58.58959],[-4.03978,58.59292],[-4.03063,58.59406],[-4.02904,58.59516],[-4.02782,58.59272],[-4.00927,58.57331],[-4.00377,58.57062],[-3.98143,58.57307],[-3.89574,58.56562],[-3.81013,58.57307],[-3.76696,58.58373],[-3.69835,58.61115],[-3.6599,58.62084],[-3.59756,58.62714],[-3.5655,58.62661],[-3.54259,58.62084],[-3.55248,58.61546],[-3.55626,58.614],[-3.53205,58.60212],[-3.50402,58.60334],[-3.44701,58.614],[-3.39147,58.60065],[-3.36408,58.60082],[-3.35082,58.62084],[-3.36775,58.6247],[-3.38606,58.63174],[-3.40225,58.64204],[-3.41291,58.65559],[-3.39004,58.67178],[-3.37487,58.67707],[-3.35827,58.67548],[-3.35436,58.67015],[-3.3518,58.66083],[-3.34789,58.65204],[-3.34057,58.64814],[-3.30989,58.64814],[-3.24425,58.659],[-3.20409,58.66112],[-3.15193,58.64126],[-3.11876,58.6411],[-3.05289,58.64814],[-3.01911,58.64033],[-3.02538,58.62214],[-3.04442,58.60163],[-3.04918,58.58674],[-3.06045,58.57844],[-3.07543,58.56037],[-3.08454,58.55195],[-3.11075,58.53864],[-3.11803,58.53205],[-3.12926,58.51264],[-3.1293,58.49641],[-3.11872,58.48444],[-3.09752,58.47748],[-3.08507,58.47826],[-3.07396,58.48168],[-3.06444,58.48298],[-3.05663,58.47748],[-3.05333,58.46577],[-3.05773,58.45685],[-3.06676,58.45116],[-3.07706,58.44953],[-3.08633,58.41421],[-3.12979,58.36929],[-3.18277,58.32844],[-3.22053,58.30557],[-3.26228,58.29263],[-3.34984,58.27611],[-3.385,58.26459],[-3.4381,58.23603],[-3.44701,58.22675],[-3.45474,58.21015],[-3.47346,58.19343],[-3.51529,58.1684],[-3.73502,58.07217],[-3.80919,58.05191],[-3.8275,58.04206],[-3.83625,58.03144],[-3.8461,58.01118],[-3.85171,58.00389],[-3.86059,57.99893],[-3.88561,57.9914],[-3.91731,57.98745],[-3.98143,57.96357],[-3.99096,57.96039],[-3.99767,57.95441],[-4.00137,57.94611],[-4.00194,57.93561],[-4.0183,57.94062],[-4.02306,57.94306],[-4.01618,57.94929],[-4.03014,57.95319],[-4.05578,57.95498],[-4.08438,57.96418],[-4.0891,57.96015],[-4.08633,57.95189],[-4.07763,57.94306],[-4.06265,57.93696],[-4.03148,57.93618],[-4.01618,57.9322],[-4.00943,57.92768],[-3.98827,57.90827],[-4.00894,57.88959],[-4.01382,57.87934],[-4.00935,57.86791],[-4.02514,57.86807],[-4.05484,57.87434],[-4.07022,57.87417],[-4.07934,57.87027],[-4.09691,57.85737],[-4.10497,57.85371],[-4.13292,57.85415],[-4.19042,57.87006],[-4.21817,57.87417],[-4.2989,57.86278],[-4.32095,57.87104],[-4.35318,57.89521],[-4.3723,57.90449],[-4.3924,57.90827],[-4.33959,57.86571],[-4.30773,57.85147],[-4.2694,57.84687],[-4.22907,57.85725],[-4.20824,57.8592],[-4.19058,57.85029],[-4.17345,57.83902],[-4.14973,57.82982],[-4.13345,57.83015],[-4.13907,57.84687],[-4.07506,57.82319],[-4.03991,57.81818],[-3.98351,57.84235],[-3.95149,57.83832],[-3.93371,57.82567],[-3.94734,57.81269],[-3.91478,57.80768],[-3.87767,57.81672],[-3.84187,57.83491],[-3.81355,57.85712],[-3.79845,57.86652],[-3.78604,57.86542],[-3.77945,57.85566],[-3.78222,57.83942],[-3.79003,57.83072],[-3.92601,57.73481],[-3.94884,57.72492],[-3.97521,57.70327],[-3.98827,57.69599],[-4.00805,57.69379],[-4.02367,57.69782],[-4.02864,57.70771],[-4.01618,57.72333],[-4.04296,57.73729],[-4.07795,57.73029],[-4.15534,57.69257],[-4.16857,57.68944],[-4.194,57.68854],[-4.25927,57.6787],[-4.27782,57.68061],[-4.29479,57.68016],[-4.30215,57.66861],[-4.30883,57.65485],[-4.32405,57.64826],[-4.33821,57.64509],[-4.40319,57.60952],[-4.41218,57.60297],[-4.42032,57.59296],[-4.42846,57.57754],[-4.42345,57.57681],[-4.4099,57.58246],[-4.37987,57.58934],[-4.3651,57.59724],[-4.35106,57.60737],[-4.34081,57.61717],[-4.32872,57.62629],[-4.28311,57.64142],[-4.24454,57.66303],[-4.20189,57.67499],[-4.19376,57.67552],[-4.18224,57.6728],[-4.16902,57.66376],[-4.11872,57.6577],[-4.09679,57.65811],[-4.08072,57.66498],[-4.0681,57.67231],[-4.02465,57.6872],[-4.00935,57.68854],[-4.00451,57.67597],[-4.02526,57.65522],[-4.05419,57.63573],[-4.0834,57.62336],[-4.11856,57.59296],[-4.11547,57.58784],[-4.11229,57.58413],[-4.10888,57.58145],[-4.10497,57.57929],[-4.15136,57.57685],[-4.17064,57.57075],[-4.18749,57.55882],[-4.17809,57.54955],[-4.18493,57.54816],[-4.208,57.55207],[-4.2626,57.55207],[-4.2626,57.54458],[-4.23396,57.54511],[-4.22029,57.5434],[-4.208,57.5384],[-4.22631,57.51545],[-4.23746,57.50532],[-4.24893,57.49746],[-4.2128,57.49217],[-4.19481,57.4916],[-4.1739,57.49746],[-4.15762,57.50849],[-4.15005,57.51504],[-4.14932,57.51789],[-4.12678,57.51887],[-4.1162,57.5218],[-4.09752,57.53669],[-4.083,57.54442],[-4.06729,57.54995],[-4.05313,57.55207],[-4.03498,57.55687],[-4.04646,57.56786],[-4.08385,57.58613],[-4.05602,57.58515],[-3.96434,57.59296],[-3.86828,57.58788],[-3.83747,57.59296],[-3.6848,57.65445],[-3.62515,57.66193],[-3.63256,57.65095],[-3.63768,57.64623],[-3.64562,57.64142],[-3.63248,57.63565],[-3.61962,57.63622],[-3.60607,57.63947],[-3.59097,57.64142],[-3.61156,57.66812],[-3.57478,57.66112],[-3.55492,57.65986],[-3.53576,57.66193],[-3.52147,57.66779],[-3.50544,57.67866],[-3.49596,57.69135],[-3.5017,57.70283],[-3.49185,57.71312],[-3.48282,57.71402],[-3.47305,57.711],[-3.46068,57.70966],[-3.44787,57.71247],[-3.42125,57.72138],[-3.40917,57.72333],[-3.28474,57.72045],[-3.21007,57.694],[-3.07868,57.66942],[-3.0349,57.66861],[-2.9945,57.67552],[-2.93269,57.69961],[-2.91609,57.70283],[-2.75805,57.70283],[-2.75121,57.70063],[-2.74112,57.69086],[-2.73107,57.68854],[-2.71988,57.69062],[-2.71154,57.694],[-2.70352,57.69473],[-2.69294,57.68854],[-2.65892,57.69746],[-2.57339,57.68146],[-2.54198,57.68236],[-2.52611,57.66861],[-2.51814,57.67011],[-2.51106,57.6778],[-2.49795,57.68236],[-2.48005,57.68122],[-2.43285,57.66812],[-2.42553,57.67573],[-2.4178,57.67426],[-2.40876,57.66962],[-2.39806,57.66812],[-2.38659,57.67158],[-2.3695,57.68057],[-2.3605,57.68236],[-2.34105,57.67585],[-2.32897,57.67406],[-2.3236,57.67894],[-2.32055,57.68456],[-2.31338,57.68993],[-2.30407,57.694],[-2.29564,57.69599],[-2.27432,57.69383],[-2.23013,57.67914],[-2.20995,57.67552],[-2.18407,57.67845],[-2.12434,57.70283],[-2.10814,57.70498],[-1.99767,57.70283],[-1.99694,57.69904],[-1.99083,57.69038],[-1.98217,57.6811],[-1.9735,57.67552],[-1.96129,57.67471],[-1.94473,57.68256],[-1.93248,57.68236],[-1.92569,57.67817],[-1.91421,57.66474],[-1.82946,57.61347],[-1.82046,57.59634],[-1.81701,57.57819],[-1.81139,57.56049],[-1.79601,57.54458],[-1.79601,57.5384],[-1.80004,57.52586],[-1.78954,57.51484],[-1.76114,57.49746],[-1.77538,57.49653],[-1.78213,57.489],[-1.78124,57.48041],[-1.77172,57.47626],[-1.75935,57.47358],[-1.76594,57.46743],[-1.78917,57.45645],[-1.83015,57.42617],[-1.84748,57.40815],[-1.84996,57.39435],[-1.9545,57.34113],[-1.9803,57.31928],[-2.04467,57.22651],[-2.06851,57.17463],[-2.07413,57.1542],[-2.0714,57.13557],[-2.05236,57.12743],[-2.04931,57.11884],[-2.06526,57.10053],[-2.06583,57.09984],[-2.15616,57.0207],[-2.18692,56.98469],[-2.2001,56.94872],[-2.19713,56.94025],[-2.19123,56.93415],[-2.18627,56.92674],[-2.18639,56.91454],[-2.19131,56.90892],[-2.20971,56.89582],[-2.21369,56.89069],[-2.21988,56.87263],[-2.23461,56.8614],[-2.26895,56.84634],[-2.29581,56.82526],[-2.31981,56.80158],[-2.33609,56.79084],[-2.39184,56.77119],[-2.40868,56.76293],[-2.42642,56.75129],[-2.43594,56.74038],[-2.44074,56.73485],[-2.45165,56.69099],[-2.46373,56.67878],[-2.47741,56.66869],[-2.48746,56.65388],[-2.48754,56.64606],[-2.48127,56.63239],[-2.48062,56.62653],[-2.4862,56.61957],[-2.50406,56.60883],[-2.51456,56.5915],[-2.53002,56.58076],[-2.62377,56.5434],[-2.64094,56.52237],[-2.66137,56.51423],[-2.69978,56.50365],[-2.70873,56.496],[-2.72765,56.46955],[-2.73729,56.46703],[-2.74437,56.46955],[-2.75231,56.47362],[-2.7648,56.47573],[-2.81933,56.4713],[-3.05565,56.45213],[-3.06062,56.45173],[-3.09927,56.44188],[-3.1339,56.42695],[-3.23819,56.36774],[-3.28018,56.3579],[-3.32348,56.36591]]}},{"type":"Feature","properties":{"featurecla":"Coastline","scalerank":0,"min_zoom":0.0},"geometry":{"type":"LineString","coordinates":[[19.00213,54.34492],[19.37721,54.37763],[19.45997,54.40103],[19.49928,54.4064],[19.53102,54.41494],[19.59254,54.45238],[19.60955,54.45673],[19.60963,54.45673],[19.62648,54.461],[19.62648,54.46845],[19.73406,54.5257],[19.83188,54.59813],[19.88315,54.6562],[19.88868,54.66022],[19.89283,54.66104],[19.89633,54.66218],[19.90016,54.66706],[19.90105,54.6717],[19.89926,54.68301],[19.90016,54.68757],[19.90561,54.69481],[19.91521,54.70254],[19.93019,54.71943],[19.95631,54.7569],[19.96168,54.77318],[19.95883,54.79682],[19.95232,54.81631],[19.92579,54.86713],[19.92221,54.87661],[19.92066,54.88959],[19.93434,54.91694],[19.94077,54.93439],[19.95672,54.95185],[19.97674,54.96459],[19.99586,54.96809],[20.02166,54.95124],[20.0337,54.94819],[20.07496,54.95441],[20.14357,54.95181],[20.20582,54.95844],[20.36557,54.94619],[20.40699,54.95161],[20.48243,54.97553],[20.63404,55.04877],[20.80844,55.17626],[20.82228,55.18098],[20.92457,55.28266],[20.92482,55.2829],[20.99952,55.357],[21.04151,55.41608],[21.08237,55.49763],[21.09311,55.58169],[21.09938,55.5987],[21.09392,55.60346],[21.09938,55.61298],[21.09067,55.63312],[21.09352,55.69554],[21.08522,55.72285],[21.11744,55.69977],[21.13152,55.65559],[21.13356,55.5683],[21.13136,55.55573],[21.12208,55.53901],[21.11988,55.52704],[21.11988,55.48945],[21.10841,55.47309],[21.09262,55.45661],[21.08717,55.44107],[21.10621,55.42744],[21.10621,55.42121],[21.09181,55.41071],[21.0735,55.39179],[21.05763,55.36945],[21.05095,55.34886],[21.03785,55.3286],[20.98894,55.29133],[20.98943,55.2731],[20.98951,55.27041],[20.95191,55.25471],[20.94109,55.24868],[20.94313,55.24531],[20.94337,55.24453],[20.93702,55.23774],[20.9131,55.23322],[20.90333,55.22582],[20.90553,55.21857],[20.89527,55.21625],[20.89064,55.21259],[20.88844,55.206],[20.88404,55.19807],[20.87696,55.19184],[20.86069,55.18134],[20.85304,55.17414],[20.83481,55.15204],[20.82374,55.14313],[20.77361,55.11449],[20.68784,55.05069],[20.55812,54.98176],[20.54868,54.97797],[20.53989,54.97663],[20.53338,54.97358],[20.53094,54.96467],[20.53395,54.95966],[20.54135,54.95205],[20.55047,54.94477],[20.55812,54.94082],[20.57691,54.93891],[20.76368,54.9477],[20.80519,54.94082],[20.86036,54.91132],[20.96909,54.89981],[21.03932,54.904],[21.05095,54.91039],[21.05592,54.91446],[21.06617,54.9101],[21.07602,54.90339],[21.07895,54.89981],[21.09067,54.90156],[21.09693,54.90546],[21.10084,54.90998],[21.10621,54.91352],[21.19028,54.92691],[21.23015,54.93891],[21.24342,54.96125],[21.23634,54.98078],[21.21941,55.01325],[21.19508,55.1354],[21.19191,55.14346],[21.19158,55.14716],[21.18344,55.16865],[21.18133,55.17109],[21.18133,55.19335],[21.18344,55.20173],[21.18881,55.20832],[21.20167,55.21442],[21.2103,55.21149],[21.21664,55.20527],[21.22291,55.20148],[21.23683,55.20063],[21.24887,55.20148],[21.25904,55.20498],[21.26759,55.21174],[21.27133,55.22028],[21.27329,55.23265],[21.27231,55.24384],[21.26759,55.24868],[21.26905,55.25357],[21.2645,55.27656],[21.26441,55.284],[21.27084,55.28803],[21.27809,55.28657],[21.28533,55.28705],[21.29119,55.29706],[21.28924,55.30524],[21.28248,55.31684],[21.27418,55.32734],[21.26759,55.33185],[21.25945,55.33625],[21.25636,55.34675],[21.25709,55.36937],[21.24659,55.37018],[21.18881,55.33861],[21.18336,55.34618],[21.18328,55.34837],[21.18605,55.34919],[21.22429,55.39932],[21.23276,55.40693],[21.2483,55.41787],[21.24838,55.44233],[21.23658,55.48265],[21.22429,55.5124],[21.22291,55.52021],[21.21852,55.52363],[21.20899,55.52961],[21.19939,55.53767],[21.19508,55.54719],[21.19606,55.55939],[21.19776,55.56733],[21.19809,55.57477],[21.19508,55.58511],[21.15756,55.64175],[21.15016,55.65933],[21.14723,55.67817],[21.1408,55.68814],[21.09938,55.72907],[21.08953,55.73526],[21.08074,55.73859],[21.07439,55.74494],[21.06983,55.76972],[21.06056,55.78925],[21.04469,55.87372],[21.04469,55.91771],[21.04689,55.92866],[21.05616,55.94253],[21.05836,55.95185],[21.05836,56.03754],[21.0534,56.07262],[21.0534,56.07294],[21.05258,56.07754],[21.04274,56.11457],[21.02882,56.14741],[20.98406,56.21044],[20.9734,56.232],[20.96909,56.25349],[20.97104,56.25967],[20.98024,56.27928],[20.98268,56.29076],[20.98268,56.30146],[20.98146,56.31049],[20.97096,56.34984],[20.9686,56.36982],[20.97055,56.38898],[20.97901,56.40436],[20.99252,56.41791],[20.99838,56.42569],[21.00318,56.4348],[21.00538,56.44587],[21.00554,56.46552],[21.01059,56.47573],[21.00327,56.49258],[21.0005,56.51065],[21.00636,56.51996],[21.02426,56.51048],[21.03053,56.50015],[21.03582,56.47394],[21.04469,56.4621],[21.03053,56.44843],[21.03745,56.44465],[21.04469,56.44221],[21.04469,56.42796],[21.04469,56.42113],[21.03053,56.40811],[21.0534,56.38996],[21.06178,56.38703],[21.07016,56.38935],[21.07716,56.39521],[21.07976,56.40306],[21.06861,56.42406],[21.06666,56.44184],[21.06813,56.45881],[21.07211,56.46955],[21.06764,56.47639],[21.06324,56.49396],[21.05836,56.50365],[21.05291,56.51105],[21.04811,56.51561],[21.03053,56.52416],[21.01954,56.52709],[21.01051,56.52778],[21.0031,56.53002],[20.99635,56.53783],[20.9922,56.5489],[20.99513,56.55337],[21.00034,56.55768],[21.01051,56.5987],[21.04615,56.6562],[21.05836,56.68867],[21.0652,56.77432],[21.06121,56.79413],[21.05421,56.81196],[21.05274,56.82892],[21.0652,56.84634],[21.14723,56.87641],[21.15675,56.88557],[21.22291,56.9077],[21.24098,56.91828],[21.2776,56.94912],[21.28777,56.95551],[21.30014,56.95954],[21.32822,56.97362],[21.36012,56.98969],[21.3825,57.00894],[21.40162,57.0375],[21.41358,57.07319],[21.41481,57.11384],[21.41188,57.12446],[21.40105,57.15131],[21.40317,57.16205],[21.41261,57.17621],[21.41481,57.18488],[21.41261,57.25007],[21.41481,57.2709],[21.4214,57.28872],[21.4336,57.30646],[21.44947,57.32001],[21.46656,57.32551],[21.48024,57.33364],[21.51775,57.3876],[21.58912,57.43879],[21.69923,57.55532],[21.72967,57.5738],[21.77166,57.58613],[21.9559,57.59296],[21.99928,57.60033],[22.19451,57.65762],[22.48373,57.7425],[22.52613,57.74966],[22.54908,57.75064],[22.56031,57.75275],[22.5726,57.75682],[22.58579,57.75971],[22.60027,57.75804],[22.61036,57.75462],[22.61012,57.75349],[22.60499,57.75104],[22.60027,57.74384],[22.59083,57.70612],[22.58717,57.66498],[22.59099,57.64476],[22.60076,57.63011],[22.6561,57.58576],[22.87892,57.48127],[22.95037,57.43281],[23.03142,57.39448],[23.08334,57.37824],[23.11752,57.37393],[23.13022,57.37079],[23.13315,57.36298],[23.13356,57.35309],[23.13803,57.34317],[23.16017,57.31859],[23.16456,57.31367],[23.17457,57.29735],[23.18238,57.27766],[23.1902,57.2425],[23.19874,57.22419],[23.21355,57.21625],[23.22242,57.20702],[23.2505,57.11445],[23.26092,57.09894],[23.27491,57.09272],[23.29265,57.08893],[23.3401,57.05858],[23.42286,57.04023],[23.50856,57.03124],[23.52084,57.02558],[23.56967,56.98627],[23.57862,56.98208],[23.58513,56.97907],[23.63201,56.97093],[23.69516,56.96727],[23.86606,56.99018],[23.92693,57.00633],[23.95289,57.01325],[23.99122,57.03124],[24.00929,57.0456],[24.02198,57.05903],[24.03566,57.069],[24.07455,57.07494],[24.11305,57.08873],[24.21079,57.12372],[24.21925,57.13801],[24.23862,57.14956],[24.26124,57.15746],[24.27858,57.16104],[24.27882,57.17178],[24.28875,57.1789],[24.31267,57.1883],[24.37916,57.23021],[24.40065,57.25812],[24.40886,57.29816],[24.40553,57.34447],[24.3816,57.46943],[24.37989,57.50654],[24.37517,57.52855],[24.36451,57.5384],[24.35857,57.55036],[24.36297,57.57661],[24.37477,57.61347],[24.36305,57.67227],[24.35768,57.68549],[24.31373,57.72504],[24.29957,57.74384],[24.29957,57.76191],[24.28883,57.80891],[24.28598,57.83259],[24.28883,57.84528],[24.29615,57.85737],[24.30616,57.86819],[24.30616,57.86823],[24.31666,57.87726],[24.32439,57.88679],[24.32789,57.89814],[24.33033,57.9101],[24.33383,57.92133],[24.38111,57.98383],[24.39829,58.02326],[24.44654,58.05451],[24.46412,58.07217],[24.46412,58.12055],[24.47145,58.14248],[24.47291,58.15473],[24.46754,58.16527],[24.45981,58.17451],[24.45509,58.18525],[24.45484,58.19644],[24.46754,58.21784],[24.46811,58.22883],[24.46762,58.23981],[24.47096,58.25092],[24.49147,58.26569],[24.52149,58.27611],[24.54851,58.28929],[24.56039,58.31232],[24.55104,58.33373],[24.52882,58.35065],[24.44418,58.38614],[24.40317,58.39533],[24.36183,58.39728],[24.327,58.38813],[24.31593,58.37995],[24.30454,58.36807],[24.29575,58.35497],[24.29225,58.34309],[24.29078,58.32754],[24.28688,58.31855],[24.25587,58.28954],[24.24334,58.28022],[24.22885,58.27412],[24.21079,58.27139],[24.17416,58.2768],[24.15602,58.27684],[24.13893,58.26797],[24.12086,58.24518],[24.11166,58.24103],[24.09409,58.2447],[24.08351,58.25088],[24.05323,58.27827],[24.00709,58.30052],[23.98024,58.31843],[23.91383,58.33332],[23.87371,58.33519],[23.85467,58.33967],[23.84946,58.34276],[23.83839,58.35139],[23.83351,58.35395],[23.82447,58.35456],[23.81837,58.35175],[23.81284,58.34829],[23.80567,58.3465],[23.79664,58.34882],[23.78688,58.35309],[23.77711,58.35497],[23.76808,58.35025],[23.76205,58.34439],[23.75563,58.34003],[23.74855,58.33906],[23.74098,58.34309],[23.73487,58.35139],[23.72926,58.36286],[23.72527,58.3749],[23.72364,58.38471],[23.71892,58.39956],[23.70753,58.40738],[23.69418,58.41315],[23.68336,58.42219],[23.67742,58.43525],[23.6775,58.44554],[23.68336,58.47004],[23.68434,58.49966],[23.67897,58.52416],[23.66383,58.5362],[23.63494,58.52839],[23.62241,58.52912],[23.6032,58.53596],[23.58432,58.54487],[23.5735,58.55195],[23.56625,58.5659],[23.56511,58.57738],[23.56121,58.58316],[23.54615,58.5799],[23.53273,58.57026],[23.52475,58.55956],[23.51637,58.55463],[23.50148,58.56249],[23.49806,58.57221],[23.50441,58.58295],[23.51352,58.59382],[23.51824,58.60375],[23.51246,58.62238],[23.50099,58.64712],[23.49317,58.67341],[23.49773,58.6966],[23.50652,58.70539],[23.51482,58.70669],[23.5359,58.70279],[23.54322,58.7049],[23.54664,58.70962],[23.54623,58.7143],[23.53004,58.72285],[23.52735,58.73615],[23.53305,58.74746],[23.54615,58.74775],[23.58448,58.73794],[23.62176,58.7414],[23.65895,58.74893],[23.69703,58.75117],[23.71664,58.74702],[23.75522,58.73359],[23.77182,58.7307],[23.8025,58.7307],[23.80543,58.73387],[23.80665,58.74095],[23.80486,58.74799],[23.79908,58.75117],[23.78338,58.75585],[23.77955,58.76642],[23.78549,58.77798],[23.79949,58.78535],[23.81617,58.78461],[23.85515,58.77326],[23.87436,58.77167],[23.84742,58.78823],[23.81568,58.79995],[23.78419,58.80097],[23.75766,58.78535],[23.73951,58.798],[23.71909,58.79906],[23.67652,58.79218],[23.60336,58.79483],[23.58033,58.79218],[23.56031,58.78583],[23.55014,58.78091],[23.54274,58.77538],[23.53663,58.77448],[23.50489,58.77912],[23.48552,58.77733],[23.42945,58.76484],[23.46656,58.80073],[23.48569,58.80964],[23.51881,58.81265],[23.52613,58.81977],[23.46363,58.86416],[23.45509,58.883],[23.42237,58.90868],[23.42205,58.9287],[23.4437,58.94404],[23.5101,58.9416],[23.53191,58.95669],[23.54916,58.95083],[23.56691,58.95014],[23.58448,58.95356],[23.61671,58.96768],[23.62485,58.9726],[23.6277,58.97915],[23.6281,58.9914],[23.62159,59.01533],[23.60548,59.03266],[23.58351,59.04475],[23.55983,59.0528],[23.57228,59.03974],[23.6019,59.02448],[23.61443,59.0113],[23.60597,59.00849],[23.58758,59.00747],[23.58033,59.00507],[23.55983,58.9914],[23.55844,58.98794],[23.5586,58.982],[23.55299,58.97089],[23.5433,58.96988],[23.53712,58.97435],[23.53199,58.98054],[23.52565,58.98395],[23.46127,58.99238],[23.43483,59.00381],[23.40838,59.02558],[23.41521,59.02497],[23.42945,59.02586],[23.43629,59.02558],[23.42921,59.04361],[23.43491,59.0561],[23.48032,59.08364],[23.49073,59.08828],[23.50123,59.08544],[23.51824,59.07331],[23.51938,59.12499],[23.48618,59.17414],[23.47088,59.21214],[23.52565,59.23041],[23.53679,59.22968],[23.55779,59.22525],[23.56967,59.22419],[23.57846,59.2263],[23.59278,59.23566],[23.61549,59.24177],[23.6277,59.25007],[23.64186,59.25739],[23.66228,59.25829],[23.71551,59.23168],[23.71852,59.23143],[23.73048,59.23041],[23.7422,59.23941],[23.74293,59.25015],[23.73601,59.25959],[23.72364,59.26508],[23.73487,59.27774],[23.75685,59.28364],[23.84539,59.28465],[23.88885,59.27875],[23.93556,59.28059],[23.98764,59.29092],[24.03858,59.29328],[24.08058,59.27131],[24.10011,59.2945],[24.09205,59.31257],[24.02817,59.35765],[24.01938,59.36725],[24.02223,59.37812],[24.03484,59.38866],[24.04819,59.39509],[24.063,59.39737],[24.08058,59.39545],[24.10865,59.38483],[24.16489,59.35407],[24.19386,59.34772],[24.22193,59.35517],[24.21339,59.37226],[24.18727,59.39069],[24.1631,59.40229],[24.18287,59.40876],[24.27125,59.4121],[24.30616,59.41909],[24.31772,59.43098],[24.3296,59.46381],[24.33383,59.47061],[24.39967,59.47883],[24.42254,59.47744],[24.44215,59.46988],[24.47828,59.44839],[24.4983,59.44383],[24.51677,59.44823],[24.5324,59.45677],[24.54819,59.46296],[24.56715,59.46003],[24.62485,59.43891],[24.64259,59.43643],[24.66049,59.44062],[24.65659,59.4499],[24.64039,59.45905],[24.62184,59.46312],[24.62184,59.47061],[24.64812,59.46922],[24.65854,59.47207],[24.66277,59.48115],[24.66627,59.49209],[24.67498,59.49604],[24.68629,59.49506],[24.69752,59.49103],[24.71559,59.4759],[24.72828,59.45856],[24.7444,59.44721],[24.77263,59.4501],[24.78419,59.45478],[24.79005,59.45893],[24.81324,59.48404],[24.81577,59.48933],[24.80681,59.50471],[24.8003,59.51057],[24.79135,59.51472],[24.78354,59.51984],[24.78012,59.52896],[24.77996,59.5384],[24.77898,59.54548],[24.7767,59.55215],[24.77263,59.55996],[24.80348,59.5705],[24.84164,59.55443],[24.90919,59.51154],[24.93442,59.50804],[25.01222,59.51838],[25.03582,59.5152],[25.07716,59.50104],[25.09783,59.49787],[25.11647,59.50312],[25.10792,59.529],[25.12208,59.5395],[25.14552,59.53913],[25.1941,59.52265],[25.40773,59.49103],[25.40943,59.49103],[25.40235,59.51431],[25.41578,59.52709],[25.44011,59.53213],[25.53321,59.53205],[25.54371,59.53514],[25.5433,59.54222],[25.53614,59.5493],[25.52573,59.55248],[25.49708,59.57087],[25.48194,59.61115],[25.47853,59.65152],[25.48487,59.66983],[25.50245,59.66226],[25.53533,59.62897],[25.55372,59.62141],[25.57504,59.61689],[25.59205,59.60602],[25.62233,59.58047],[25.64454,59.57184],[25.67677,59.56607],[25.7059,59.56928],[25.71852,59.58759],[25.71079,59.60456],[25.69557,59.61591],[25.68483,59.62865],[25.69068,59.64936],[25.68434,59.65021],[25.6753,59.65412],[25.67066,59.6555],[25.69467,59.67088],[25.72535,59.66584],[25.78053,59.63569],[25.77312,59.62824],[25.78541,59.61546],[25.79371,59.59121],[25.80738,59.58047],[25.82618,59.57526],[25.83692,59.57648],[25.84449,59.57734],[25.86134,59.58613],[25.87623,59.6009],[25.86883,59.60773],[25.88307,59.63133],[25.90447,59.62401],[25.92693,59.60529],[25.94451,59.59467],[25.96502,59.59732],[25.96705,59.60383],[25.96274,59.61253],[25.96437,59.62141],[25.9769,59.63125],[25.98854,59.63434],[26.0018,59.63264],[26.03639,59.62324],[26.07447,59.60432],[26.07838,59.60029],[26.08033,59.59467],[26.08172,59.58731],[26.09099,59.58564],[26.28004,59.58731],[26.29933,59.58421],[26.3401,59.5705],[26.4017,59.56306],[26.45769,59.54588],[26.49781,59.53998],[26.51987,59.5395],[26.53647,59.54267],[26.57032,59.55679],[26.58473,59.55996],[26.62631,59.55805],[26.66505,59.55195],[26.70232,59.54141],[26.73902,59.52582],[26.78085,59.50255],[26.82691,59.47696],[26.87574,59.46772],[26.91749,59.45417],[26.93767,59.4501],[27.11622,59.44204],[27.27508,59.44697],[27.40903,59.45189],[27.56316,59.43207],[27.71705,59.42715],[27.8733,59.40762],[27.91472,59.41454],[27.95346,59.42817],[27.98316,59.44697],[28.01905,59.48176],[28.05535,59.5279],[28.0726,59.57803],[28.05177,59.62482],[28.01588,59.65965],[28.00017,59.68138],[27.99342,59.70331],[27.99537,59.71552],[28.00489,59.74311],[28.00701,59.75825],[28.0586,59.78962],[28.08692,59.79938],[28.12387,59.7923],[28.15984,59.77611],[28.18523,59.75861],[28.19972,59.73591],[28.20924,59.71109],[28.22389,59.69111],[28.33579,59.66816],[28.37525,59.66633],[28.40496,59.68285],[28.41774,59.7084],[28.42115,59.73526],[28.41863,59.78962],[28.4275,59.81342],[28.44907,59.83503],[28.47608,59.85175],[28.5005,59.86103],[28.51734,59.86225],[28.53582,59.85956],[28.55291,59.85358],[28.58188,59.83405],[28.61997,59.82905],[28.64796,59.82001],[28.66863,59.81708],[28.67856,59.81318],[28.68393,59.80874],[28.69361,59.79706],[28.69907,59.79267],[28.71803,59.78681],[28.73406,59.78897],[28.76677,59.79955],[28.78492,59.79926],[28.8143,59.78913],[28.83253,59.78653],[28.84596,59.79023],[28.8838,59.8166],[28.89536,59.81855],[28.91912,59.81395],[28.9319,59.8166],[28.95875,59.82632],[28.96632,59.82746],[28.97633,59.83128],[29.011,59.85761],[29.03443,59.8867],[29.03077,59.90111],[28.98024,59.92988],[29.00668,59.92862],[29.01441,59.92988],[29.04127,59.94351],[29.08937,59.97993],[29.12045,59.99445],[29.16139,60.00263],[29.26629,59.99811],[29.49969,59.96841],[29.80421,59.94009],[29.8628,59.91795],[30.115,59.87055],[30.16196,59.86848],[30.19256,59.8806],[30.21632,59.90721],[30.22429,59.93325],[30.2068,59.94355],[30.21844,59.95816],[30.23585,59.96621],[30.2461,59.97492],[30.23463,59.99136],[30.20997,60.00113],[30.00082,60.01195],[29.94825,60.02969],[29.93238,60.06647],[29.92351,60.06684],[29.91041,60.07502],[29.8978,60.08759],[29.89088,60.10122],[29.89283,60.11335],[29.8991,60.12295],[29.89967,60.13361],[29.88461,60.1496],[29.84897,60.16694],[29.70102,60.20051],[29.5254,60.20087],[29.45834,60.17788],[29.4179,60.16885],[29.41782,60.16885],[29.25636,60.17695],[29.0923,60.17796],[29.05201,60.18427],[29.01515,60.19684],[28.9865,60.21723],[28.94695,60.26374],[28.92237,60.27985],[28.88746,60.2862],[28.8602,60.29536],[28.84344,60.31696],[28.83082,60.34199],[28.81568,60.36127],[28.79949,60.36884],[28.79558,60.36079],[28.79477,60.34809],[28.78785,60.34138],[28.74635,60.34211],[28.72364,60.34492],[28.70973,60.3513],[28.69361,60.36213],[28.63087,60.37556],[28.61695,60.38198],[28.6067,60.38947],[28.51759,60.48884],[28.45362,60.53962],[28.43898,60.55988],[28.45297,60.56464],[28.4734,60.56623],[28.49391,60.56464],[28.50733,60.55988],[28.51336,60.55158],[28.51824,60.53197],[28.52442,60.52237],[28.54379,60.5104],[28.61695,60.48884],[28.65903,60.46406],[28.6836,60.45588],[28.70281,60.46117],[28.7072,60.47846],[28.69907,60.49982],[28.68629,60.51805],[28.66139,60.53461],[28.66066,60.55508],[28.66293,60.57787],[28.65805,60.59406],[28.66383,60.61445],[28.68539,60.61514],[28.67677,60.62914],[28.64918,60.65575],[28.64454,60.66975],[28.65463,60.68187],[28.67482,60.67935],[28.69654,60.67202],[28.71274,60.66975],[28.73455,60.69282],[28.72193,60.72118],[28.69044,60.73847],[28.65463,60.72809],[28.63803,60.71662],[28.60328,60.70018],[28.58611,60.68716],[28.5739,60.68268],[28.52101,60.68403],[28.50831,60.68179],[28.4878,60.67202],[28.47625,60.66975],[28.42408,60.6717],[28.40056,60.66527],[28.39064,60.64619],[28.38299,60.62425],[28.36443,60.62336],[28.34181,60.62763],[28.32163,60.62132],[28.3309,60.61591],[28.33758,60.60981],[28.34181,60.60261],[28.34344,60.59406],[28.33237,60.59833],[28.31967,60.60147],[28.3069,60.60273],[28.2951,60.60147],[28.28647,60.59833],[28.28305,60.59512],[28.28053,60.59162],[28.26026,60.58006],[28.23561,60.55996],[28.21583,60.54755],[28.21046,60.54686],[28.18832,60.5478],[28.16879,60.55207],[28.15846,60.55305],[28.15219,60.54995],[28.1504,60.54316],[28.14723,60.53632],[28.13738,60.53319],[28.12664,60.53413],[28.10662,60.5384],[28.09645,60.53937],[28.07993,60.53742],[28.05144,60.52831],[28.03443,60.52578],[27.9004,60.52847],[27.87094,60.54047],[27.86305,60.56733],[27.84571,60.55781],[27.8318,60.54059],[27.81642,60.52823],[27.79412,60.53319],[27.79916,60.53803],[27.80787,60.55305],[27.79119,60.5622],[27.7776,60.57368],[27.76205,60.58015],[27.73951,60.57416],[27.74317,60.57095],[27.74952,60.56314],[27.75318,60.55988],[27.73618,60.55557],[27.73341,60.54426],[27.74057,60.53059],[27.75318,60.51895],[27.73813,60.51333],[27.73268,60.51211],[27.74643,60.5065],[27.75318,60.50585],[27.71844,60.48847],[27.70541,60.48542],[27.63649,60.49225],[27.64576,60.50357],[27.67661,60.51118],[27.69166,60.51895],[27.6517,60.52265],[27.63217,60.52167],[27.61598,60.51211],[27.60825,60.49995],[27.61085,60.49213],[27.61931,60.48408],[27.62965,60.47114],[27.59246,60.47736],[27.50847,60.51386],[27.47267,60.50585],[27.48227,60.5043],[27.48634,60.50194],[27.49317,60.49225],[27.48707,60.48945],[27.47828,60.48168],[27.47267,60.47797],[27.48357,60.47443],[27.49301,60.4702],[27.50074,60.46475],[27.50668,60.45746],[27.4568,60.46369],[27.36931,60.49787],[27.32521,60.50585],[27.24879,60.50788],[27.23243,60.51211],[27.2308,60.52631],[27.2566,60.52945],[27.30812,60.52578],[27.28492,60.53653],[27.21192,60.55988],[27.22771,60.57958],[27.21461,60.58495],[27.19174,60.57974],[27.17774,60.56733],[27.18385,60.55219],[27.19703,60.53705],[27.20069,60.52326],[27.17774,60.51211],[27.17579,60.52513],[27.16969,60.52863],[27.14991,60.52578],[27.13771,60.52904],[27.12403,60.54352],[27.11256,60.54682],[27.10564,60.54361],[27.09571,60.5292],[27.08839,60.52578],[27.07895,60.52863],[27.06284,60.54291],[27.05437,60.54682],[27.04518,60.5458],[27.03338,60.54182],[27.02442,60.53608],[27.02394,60.52949],[27.02711,60.51992],[27.02076,60.51435],[27.01173,60.50947],[26.99822,60.48802],[26.9769,60.48355],[26.93141,60.48542],[26.95558,60.46931],[26.96534,60.45848],[26.96241,60.44721],[26.9546,60.44941],[26.92433,60.46699],[26.91472,60.47455],[26.82309,60.45775],[26.79363,60.45746],[26.80104,60.46369],[26.80649,60.47053],[26.81471,60.48542],[26.79705,60.48591],[26.77654,60.48286],[26.75685,60.47663],[26.74244,60.468],[26.73902,60.46088],[26.74098,60.44367],[26.73902,60.43696],[26.73194,60.43293],[26.71062,60.42585],[26.70143,60.41991],[26.68735,60.41816],[26.66928,60.42841],[26.65089,60.44208],[26.63592,60.45063],[26.61704,60.45295],[26.59441,60.4523],[26.57716,60.44733],[26.57447,60.43696],[26.5534,60.43301],[26.52735,60.43989],[26.50196,60.45307],[26.48268,60.468],[26.47486,60.48725],[26.49147,60.49811],[26.51726,60.5058],[26.53663,60.51553],[26.56365,60.54336],[26.56764,60.54995],[26.56446,60.57258],[26.56739,60.58096],[26.57984,60.59138],[26.62501,60.60961],[26.66668,60.60643],[26.75318,60.57416],[26.73178,60.61286],[26.69923,60.6402],[26.65919,60.6518],[26.61549,60.64305],[26.59181,60.62857],[26.55331,60.59178],[26.46583,60.50812],[26.45623,60.47455],[26.48569,60.44379],[26.46941,60.42748],[26.4607,60.42088],[26.45151,60.41649],[26.42335,60.41633],[26.41635,60.41193],[26.42416,60.39598],[26.41285,60.39802],[26.4026,60.40266],[26.38331,60.41649],[26.38453,60.40485],[26.3812,60.39875],[26.37403,60.39643],[26.3628,60.39598],[26.35141,60.39281],[26.34897,60.38581],[26.34832,60.37873],[26.34205,60.37556],[26.32399,60.383],[26.31023,60.3994],[26.29916,60.41592],[26.29021,60.42333],[26.27866,60.42914],[26.26254,60.44099],[26.24562,60.45087],[26.23178,60.45063],[26.22934,60.43842],[26.24293,60.42426],[26.27345,60.40217],[26.17897,60.41063],[26.17042,60.40965],[26.15073,60.3985],[26.14243,60.39598],[26.13445,60.40282],[26.09457,60.42333],[26.06219,60.43228],[26.04916,60.43749],[26.01368,60.46259],[25.98097,60.47578],[25.9463,60.4842],[25.91725,60.48542],[25.91725,60.47797],[25.97185,60.46491],[25.9826,60.45808],[26.00375,60.4405],[26.02898,60.43334],[26.03614,60.42475],[26.03932,60.4145],[26.04005,60.40595],[26.03248,60.40062],[26.01743,60.40168],[26.00685,60.40054],[26.01222,60.38858],[26.0232,60.38068],[26.06056,60.36811],[26.0796,60.35041],[26.08863,60.34394],[26.10141,60.34138],[26.10816,60.33592],[26.10646,60.32404],[26.09986,60.31208],[26.09132,60.30663],[26.04005,60.29979],[26.03883,60.32266],[25.99708,60.35493],[26.00587,60.36811],[25.9935,60.36782],[25.98487,60.3631],[25.97731,60.35773],[25.96803,60.35505],[25.95655,60.35602],[25.94776,60.35887],[25.88836,60.38915],[25.8672,60.39704],[25.84205,60.40217],[25.8777,60.37792],[25.8991,60.36725],[25.91725,60.36127],[25.90724,60.34097],[25.88429,60.32001],[25.88307,60.30663],[25.89243,60.29157],[25.92123,60.26529],[25.93019,60.24518],[25.90935,60.24616],[25.89487,60.24958],[25.88266,60.25593],[25.86883,60.26569],[25.87623,60.27253],[25.86101,60.284],[25.84148,60.28775],[25.82032,60.28889],[25.80055,60.29295],[25.77036,60.31415],[25.75375,60.32075],[25.73902,60.31346],[25.74537,60.2958],[25.78094,60.28266],[25.84889,60.26569],[25.78053,60.25141],[25.78053,60.24518],[25.76197,60.24038],[25.73552,60.24726],[25.65577,60.29304],[25.64967,60.29979],[25.65089,60.31346],[25.65854,60.32274],[25.67058,60.32746],[25.64967,60.33393],[25.64967,60.34138],[25.70436,60.34138],[25.6902,60.36286],[25.66863,60.36465],[25.64601,60.35635],[25.62916,60.3476],[25.60271,60.33857],[25.52613,60.32709],[25.52613,60.32095],[25.54127,60.31635],[25.54656,60.30585],[25.5451,60.2923],[25.54038,60.27871],[25.5359,60.2757],[25.52882,60.27448],[25.52223,60.27139],[25.51686,60.25454],[25.51092,60.24921],[25.50278,60.24616],[25.36166,60.24518],[25.36345,60.26008],[25.35092,60.26724],[25.31381,60.27253],[25.31617,60.26789],[25.31951,60.25629],[25.3213,60.25141],[25.29054,60.24592],[25.19752,60.24518],[25.19215,60.24384],[25.19044,60.24006],[25.19093,60.22846],[25.19028,60.22777],[25.1858,60.22313],[25.17416,60.22541],[25.15626,60.23216],[25.15504,60.22378],[25.19125,60.21235],[25.20395,60.20425],[25.19467,60.20083],[25.18141,60.20051],[25.19711,60.19062],[25.17701,60.18329],[25.11704,60.17573],[25.09474,60.17634],[25.09742,60.18342],[25.09897,60.18651],[25.10157,60.19062],[25.0586,60.17731],[25.04786,60.16889],[25.06739,60.16267],[25.06105,60.15656],[25.04526,60.15681],[25.02931,60.14785],[25.01075,60.15135],[24.99789,60.16267],[25.01075,60.16987],[25.02149,60.18399],[25.02589,60.19945],[25.01905,60.21109],[24.99879,60.21284],[24.98455,60.19945],[24.96119,60.15156],[24.95094,60.14346],[24.86573,60.14012],[24.84523,60.14374],[24.83416,60.15583],[24.87094,60.16169],[24.86883,60.17975],[24.84246,60.19465],[24.80681,60.19062],[24.82732,60.16267],[24.81251,60.15827],[24.7859,60.14623],[24.77263,60.14216],[24.72096,60.13841],[24.68775,60.13251],[24.6797,60.13011],[24.67335,60.12543],[24.67115,60.11823],[24.67482,60.10554],[24.67026,60.10122],[24.65642,60.10098],[24.64959,60.10956],[24.64617,60.12092],[24.64226,60.1291],[24.63063,60.1363],[24.5691,60.154],[24.55405,60.15595],[24.549,60.15278],[24.56039,60.14216],[24.57667,60.13524],[24.59083,60.13223],[24.59685,60.12726],[24.58766,60.11481],[24.57472,60.10773],[24.56056,60.10456],[24.54802,60.09968],[24.54038,60.08755],[24.60816,60.10122],[24.60271,60.09178],[24.59425,60.08495],[24.57399,60.07392],[24.59449,60.06647],[24.59449,60.06025],[24.52703,60.03535],[24.48764,60.0058],[24.46811,59.99641],[24.44565,59.99225],[24.41627,59.99136],[24.42433,60.00507],[24.45297,60.03775],[24.46412,60.04658],[24.44614,60.04751],[24.42091,60.03547],[24.37477,60.00495],[24.36769,60.02204],[24.35027,60.01655],[24.32976,60.00336],[24.31267,59.9975],[24.3191,60.01415],[24.33058,60.02167],[24.34425,60.0268],[24.35768,60.03604],[24.36036,60.04312],[24.35971,60.05199],[24.36085,60.0624],[24.36793,60.07392],[24.31967,60.07583],[24.29591,60.07221],[24.27858,60.06025],[24.29225,60.0528],[24.26108,60.04157],[24.25245,60.03974],[24.23902,60.03937],[24.20395,60.04658],[24.17652,60.04804],[24.15846,60.04304],[24.15797,60.03449],[24.18295,60.02546],[24.16424,60.01944],[24.14772,60.02196],[24.13185,60.02798],[24.11476,60.03229],[24.10597,60.03193],[24.06813,60.02058],[24.05836,60.02041],[24.0464,60.02546],[24.02817,60.00934],[24.00961,60.01057],[24.00261,60.02098],[24.01922,60.03229],[24.01922,60.03974],[24.00082,60.03828],[23.99024,60.03156],[23.98194,60.02196],[23.97071,60.01179],[23.95533,60.00357],[23.94068,59.99934],[23.87306,59.99307],[23.79949,59.95661],[23.77125,59.96796],[23.6076,59.95661],[23.59449,59.96113],[23.58383,59.97333],[23.5735,59.97769],[23.56186,59.97761],[23.49545,59.96809],[23.45297,59.95726],[23.42945,59.95661],[23.4406,59.97183],[23.48357,60.0113],[23.4983,60.01927],[23.52711,60.02383],[23.54086,60.02912],[23.54274,60.03604],[23.53614,60.04499],[23.53435,60.0537],[23.53736,60.06306],[23.54615,60.07392],[23.50961,60.06745],[23.4983,60.0633],[23.49024,60.05549],[23.48569,60.04515],[23.47877,60.03612],[23.46388,60.03229],[23.45379,60.02798],[23.44939,60.01756],[23.44606,60.00511],[23.43971,59.99445],[23.43019,59.98867],[23.40797,59.98041],[23.39869,59.97427],[23.365,59.94538],[23.32643,59.92304],[23.23715,59.89802],[23.22234,59.88622],[23.22218,59.86782],[23.23316,59.852],[23.25131,59.84797],[23.25131,59.84113],[23.08058,59.82685],[23.06813,59.82079],[23.00685,59.82616],[22.9839,59.82372],[22.96485,59.8183],[22.90512,59.81122],[22.88819,59.81318],[22.90602,59.81965],[22.93141,59.84284],[22.94614,59.84797],[22.98658,59.85196],[23.12745,59.88638],[23.16814,59.8889],[23.16114,59.91022],[23.16586,59.91767],[23.17709,59.91743],[23.18922,59.91559],[23.22242,59.91608],[23.24708,59.92243],[23.26889,59.93622],[23.29371,59.95869],[23.30909,59.97944],[23.32643,60.00934],[23.33286,60.02985],[23.31593,60.02241],[23.24977,59.94847],[23.2234,59.92988],[23.20362,59.92988],[23.20509,59.93317],[23.20729,59.93976],[23.20973,59.94355],[23.19972,59.94819],[23.18881,59.95018],[23.17807,59.94892],[23.16814,59.94355],[23.17123,59.93643],[23.13185,59.94294],[23.12094,59.93358],[23.11785,59.92377],[23.11069,59.92329],[23.10369,59.92967],[23.1006,59.94042],[23.11069,59.97028],[23.11134,59.97427],[23.12818,59.9831],[23.20362,59.9975],[23.21795,60.00837],[23.24138,60.03311],[23.25758,60.03974],[23.20509,60.04971],[23.10621,60.03905],[23.05942,60.03974],[23.03549,60.04458],[23.01336,60.05158],[22.99692,60.06208],[22.99073,60.07734],[22.99724,60.08967],[23.01287,60.10175],[23.04591,60.12165],[23.0254,60.13532],[23.01987,60.12881],[23.0088,60.11201],[23.00489,60.10737],[22.99676,60.10371],[22.97788,60.09878],[22.96949,60.09439],[22.96827,60.11083],[22.95867,60.12157],[22.94256,60.12739],[22.90789,60.13178],[22.88697,60.14492],[22.87469,60.1496],[22.88478,60.15986],[22.88559,60.16934],[22.87916,60.17748],[22.8672,60.18374],[22.92156,60.23115],[22.94288,60.24518],[23.00758,60.277],[23.0254,60.29295],[23.03126,60.30264],[23.0381,60.31916],[23.04591,60.32709],[23.07252,60.33869],[23.08286,60.34589],[23.08058,60.35505],[23.06031,60.35733],[23.03419,60.34394],[23.01059,60.32396],[22.99806,60.30663],[22.94117,60.31647],[22.87713,60.30109],[22.73618,60.23819],[22.61118,60.21996],[22.5534,60.20502],[22.52508,60.20425],[22.53981,60.21357],[22.59344,60.23216],[22.5735,60.23493],[22.57203,60.24266],[22.59034,60.26227],[22.60108,60.26822],[22.64812,60.27871],[22.5984,60.27578],[22.57455,60.27082],[22.52735,60.25214],[22.50359,60.24706],[22.44947,60.24518],[22.45777,60.25239],[22.45924,60.25873],[22.45916,60.26496],[22.46306,60.27253],[22.46941,60.27692],[22.48748,60.28498],[22.5088,60.30109],[22.54029,60.319],[22.54566,60.33393],[22.59636,60.36367],[22.62761,60.37539],[22.63136,60.38955],[22.62428,60.39907],[22.58082,60.37592],[22.54347,60.37254],[22.46306,60.37556],[22.48357,60.40217],[22.32618,60.38239],[22.29151,60.38264],[22.28012,60.38646],[22.24952,60.40461],[22.18149,60.43049],[22.16114,60.43464],[22.11671,60.43696],[22.11101,60.44408],[22.10816,60.45685],[22.10108,60.46214],[22.08269,60.44721],[22.06446,60.43635],[22.04705,60.43879],[22.01808,60.45746],[22.01743,60.45991],[22.01857,60.4687],[22.01808,60.47114],[22.01344,60.47175],[22.00172,60.47012],[21.99757,60.47114],[21.98902,60.47517],[21.98194,60.47675],[21.97918,60.48078],[21.9839,60.49225],[21.93539,60.49225],[21.93971,60.49921],[21.94565,60.51203],[21.95037,60.51895],[21.93165,60.52497],[21.90317,60.52888],[21.87403,60.52953],[21.85353,60.52578],[21.84392,60.51553],[21.84848,60.50373],[21.87403,60.47797],[21.82862,60.48542],[21.806,60.48599],[21.78533,60.47797],[21.78956,60.4951],[21.80299,60.52513],[21.80567,60.54682],[21.80535,60.56196],[21.80787,60.57559],[21.81959,60.58503],[21.84604,60.58784],[21.83326,60.5965],[21.82846,60.60639],[21.8309,60.61713],[21.84051,60.62873],[21.77394,60.60395],[21.75424,60.59097],[21.73178,60.58173],[21.67897,60.57648],[21.66179,60.56733],[21.66017,60.55907],[21.66896,60.54523],[21.66481,60.53632],[21.6587,60.53034],[21.65561,60.52595],[21.65447,60.51984],[21.65431,60.50898],[21.64145,60.49575],[21.61207,60.48884],[21.57984,60.48786],[21.55812,60.49225],[21.58375,60.50503],[21.56967,60.52643],[21.51775,60.56733],[21.53346,60.56806],[21.57862,60.55988],[21.57862,60.56733],[21.55502,60.57217],[21.48609,60.57416],[21.4546,60.56769],[21.44264,60.56733],[21.43434,60.56989],[21.41847,60.57844],[21.40854,60.58039],[21.40854,60.58784],[21.41505,60.58845],[21.41944,60.58991],[21.4284,60.59406],[21.41481,60.6083],[21.44516,60.6022],[21.46266,60.60175],[21.46998,60.6083],[21.42156,60.62873],[21.39991,60.6341],[21.37965,60.64704],[21.36305,60.66279],[21.35328,60.67658],[21.35401,60.68171],[21.3558,60.68293],[21.35621,60.68439],[21.35328,60.69017],[21.42595,60.67963],[21.43898,60.68032],[21.44565,60.69286],[21.44093,60.70303],[21.43116,60.71296],[21.42213,60.725],[21.46998,60.725],[21.46998,60.73115],[21.4485,60.73225],[21.42709,60.73652],[21.4065,60.74348],[21.38738,60.75235],[21.40333,60.75825],[21.41163,60.75967],[21.42213,60.7591],[21.40024,60.77456],[21.38771,60.77924],[21.37428,60.77961],[21.38087,60.7934],[21.37428,60.8076],[21.36085,60.81623],[21.34645,60.81314],[21.33904,60.81712],[21.33326,60.82184],[21.32887,60.82754],[21.32594,60.83487],[21.33644,60.84471],[21.31853,60.86469],[21.33253,60.86835],[21.38233,60.86319],[21.40789,60.86457],[21.4284,60.8758],[21.41733,60.88032],[21.40594,60.88203],[21.38087,60.88203],[21.37371,60.88459],[21.35328,60.90253],[21.36378,60.90485],[21.38168,60.91462],[21.3908,60.91682],[21.39967,60.91405],[21.4074,60.90827],[21.41619,60.90323],[21.4284,60.90253],[21.42221,60.91291],[21.41782,60.9243],[21.41277,60.9335],[21.40447,60.93724],[21.39259,60.93903],[21.38787,60.94367],[21.38551,60.95026],[21.38054,60.95771],[21.3357,61.00458],[21.31853,61.01236],[21.33286,61.02391],[21.33904,61.0266],[21.31153,61.03754],[21.30209,61.04605],[21.29868,61.06013],[21.32032,61.06021],[21.36427,61.04475],[21.38738,61.04027],[21.40886,61.04328],[21.40813,61.04816],[21.40773,61.05073],[21.39137,61.05793],[21.36695,61.06013],[21.39527,61.0694],[21.45387,61.055],[21.48227,61.06013],[21.46827,61.06684],[21.45484,61.07819],[21.45045,61.09077],[21.46315,61.10114],[21.4524,61.12523],[21.44606,61.13516],[21.43523,61.14273],[21.44508,61.14305],[21.46998,61.14956],[21.46266,61.14936],[21.45582,61.15021],[21.44907,61.15233],[21.44264,61.15575],[21.45631,61.16999],[21.44264,61.16999],[21.45582,61.17617],[21.47104,61.17817],[21.50343,61.17744],[21.49887,61.18745],[21.49659,61.19111],[21.52662,61.19969],[21.55812,61.20417],[21.54347,61.22508],[21.5241,61.23461],[21.47608,61.24575],[21.48561,61.25617],[21.49936,61.26105],[21.50831,61.26683],[21.50343,61.27985],[21.54444,61.27985],[21.54444,61.2873],[21.542,61.29271],[21.54444,61.31078],[21.54444,61.32087],[21.542,61.32689],[21.53419,61.32949],[21.53077,61.33446],[21.52996,61.34052],[21.53175,61.34968],[21.53077,61.35497],[21.52426,61.37531],[21.5184,61.38158],[21.50343,61.38911],[21.49008,61.39326],[21.46209,61.39842],[21.4489,61.40278],[21.47788,61.41157],[21.54168,61.40839],[21.57244,61.41641],[21.55787,61.43122],[21.54225,61.44212],[21.51026,61.45799],[21.44207,61.47504],[21.42213,61.48534],[21.55567,61.47517],[21.59213,61.48534],[21.57114,61.51411],[21.5656,61.51948],[21.55095,61.5218],[21.52426,61.5174],[21.51026,61.51948],[21.46998,61.54682],[21.46192,61.55777],[21.46013,61.5624],[21.46648,61.56444],[21.48227,61.56786],[21.50799,61.57014],[21.62338,61.54588],[21.68686,61.52448],[21.71632,61.51948],[21.71632,61.52692],[21.64812,61.56029],[21.61427,61.58544],[21.59181,61.62812],[21.57325,61.63557],[21.5525,61.64077],[21.53761,61.64985],[21.53614,61.65803],[21.54412,61.67284],[21.54103,61.68024],[21.51775,61.70506],[21.51775,61.71125],[21.53631,61.7082],[21.57032,61.69501],[21.58595,61.69766],[21.55934,61.71332],[21.48927,61.73697],[21.46998,61.75971],[21.47267,61.77192],[21.48194,61.78559],[21.48902,61.79914],[21.48609,61.81118],[21.4725,61.81684],[21.45558,61.81997],[21.44459,61.82632],[21.4489,61.84162],[21.41847,61.86253],[21.40317,61.87641],[21.39422,61.88939],[21.40358,61.89313],[21.41196,61.90009],[21.41407,61.90689],[21.39357,61.91323],[21.3895,61.92113],[21.38722,61.93041],[21.38054,61.93781],[21.37143,61.93911],[21.32569,61.93781],[21.31674,61.9392],[21.31251,61.93985],[21.29021,61.94892],[21.27752,61.95148],[21.29493,61.97134],[21.28053,61.97956],[21.23658,61.98501],[21.27622,62.0502],[21.28435,62.07494],[21.28907,62.12157],[21.2964,62.13044],[21.31227,62.10912],[21.32911,62.13813],[21.33253,62.15257],[21.32594,62.16376],[21.34034,62.17573],[21.3711,62.18647],[21.38396,62.19448],[21.3899,62.20816],[21.38087,62.21784],[21.35328,62.232],[21.37428,62.26679],[21.35231,62.26602],[21.34002,62.25519],[21.32936,62.24144],[21.31227,62.232],[21.31617,62.24824],[21.32846,62.27717],[21.33277,62.29409],[21.33351,62.34056],[21.33904,62.35554],[21.28533,62.34528],[21.27068,62.34931],[21.26246,62.3592],[21.26043,62.37198],[21.26531,62.3852],[21.27752,62.39647],[21.27068,62.41079],[21.20509,62.35969],[21.2024,62.34919],[21.21608,62.33503],[21.19435,62.33706],[21.18979,62.35244],[21.19508,62.37287],[21.2024,62.39033],[21.19654,62.39151],[21.18702,62.39525],[21.18133,62.39647],[21.18946,62.40839],[21.19459,62.41323],[21.2024,62.41763],[21.18605,62.42357],[21.16676,62.42133],[21.1478,62.4138],[21.13356,62.40396],[21.13136,62.41669],[21.14918,62.44709],[21.15455,62.46479],[21.13697,62.45799],[21.12428,62.45482],[21.11638,62.46015],[21.11305,62.47842],[21.11557,62.49579],[21.12428,62.51],[21.13787,62.5207],[21.15455,62.52749],[21.14877,62.53555],[21.12672,62.55414],[21.14682,62.56281],[21.16733,62.57575],[21.18816,62.58487],[21.20924,62.5821],[21.19353,62.6009],[21.12159,62.60944],[21.10621,62.62303],[21.09409,62.61945],[21.08326,62.6127],[21.0652,62.59577],[21.06788,62.6201],[21.08318,62.65925],[21.07895,62.67829],[21.09889,62.68089],[21.12574,62.69017],[21.14967,62.7038],[21.16082,62.71931],[21.16017,62.73017],[21.15561,62.73176],[21.14861,62.73041],[21.14039,62.7329],[21.12281,62.74372],[21.11647,62.74966],[21.10792,62.76704],[21.11354,62.7812],[21.12908,62.79084],[21.15089,62.79438],[21.17107,62.78461],[21.18336,62.78238],[21.18881,62.79068],[21.19223,62.79291],[21.20965,62.8076],[21.21608,62.81485],[21.22193,62.83104],[21.22267,62.84565],[21.22674,62.85847],[21.24342,62.86945],[21.26743,62.86905],[21.3357,62.85545],[21.3567,62.85952],[21.36427,62.86542],[21.38282,62.87458],[21.3908,62.88032],[21.39552,62.88736],[21.39967,62.9007],[21.40919,62.9138],[21.4201,62.93488],[21.42213,62.9418],[21.4275,62.94404],[21.46315,62.9514],[21.44654,62.98701],[21.44272,63.00507],[21.44264,63.02709],[21.44174,63.03437],[21.44077,63.03779],[21.4441,63.04092],[21.45631,63.04755],[21.46705,63.04792],[21.47527,63.04304],[21.48048,63.04304],[21.48227,63.05817],[21.49513,63.07172],[21.52345,63.06395],[21.5652,63.04076],[21.59547,63.03486],[21.62574,63.02387],[21.65675,63.01789],[21.68849,63.02709],[21.64568,63.05524],[21.57911,63.08373],[21.55958,63.09512],[21.55323,63.10859],[21.57244,63.12336],[21.56007,63.1197],[21.54591,63.11791],[21.53199,63.1197],[21.52084,63.12678],[21.51677,63.1376],[21.51783,63.14802],[21.51612,63.15546],[21.50343,63.15746],[21.51051,63.1684],[21.52223,63.17206],[21.55193,63.17113],[21.55193,63.17792],[21.51287,63.185],[21.50099,63.19245],[21.49659,63.20897],[21.50489,63.21743],[21.52377,63.22541],[21.54444,63.23102],[21.55812,63.23261],[21.61541,63.20392],[21.64723,63.19766],[21.66798,63.21955],[21.688,63.21019],[21.71469,63.20234],[21.74236,63.19965],[21.76417,63.20588],[21.74903,63.21088],[21.71795,63.21532],[21.70265,63.21955],[21.70265,63.22578],[21.74366,63.23941],[21.75807,63.24152],[21.79835,63.23941],[21.8213,63.24372],[21.86988,63.25943],[21.89454,63.26048],[21.88445,63.24543],[21.88266,63.23591],[21.89145,63.1966],[21.8899,63.18818],[21.88087,63.17792],[21.90553,63.17544],[21.9839,63.14322],[21.97218,63.16498],[21.9559,63.18476],[21.98406,63.19123],[21.9944,63.19644],[22.00441,63.20588],[22.01002,63.21577],[22.01254,63.22431],[22.01596,63.232],[22.02475,63.23941],[22.04314,63.24559],[22.05356,63.24091],[22.06137,63.23212],[22.07203,63.22578],[22.08758,63.22578],[22.11402,63.23627],[22.12721,63.23941],[22.1395,63.23798],[22.15919,63.23176],[22.17506,63.23261],[22.18019,63.2355],[22.18116,63.24006],[22.18084,63.24445],[22.1819,63.24681],[22.18727,63.24641],[22.195,63.24413],[22.20143,63.24136],[22.20297,63.23941],[22.24464,63.26708],[22.26637,63.28535],[22.27809,63.30146],[22.28492,63.30146],[22.30763,63.27586],[22.33009,63.28384],[22.35222,63.30561],[22.37371,63.32136],[22.36394,63.32689],[22.35719,63.33421],[22.34693,63.34927],[22.33383,63.35969],[22.30535,63.37271],[22.25538,63.40644],[22.2505,63.41132],[22.23292,63.41181],[22.21827,63.41437],[22.20582,63.42031],[22.19557,63.43122],[22.19093,63.45844],[22.21339,63.47089],[22.24676,63.46963],[22.27467,63.45572],[22.30494,63.43586],[22.33522,63.43041],[22.36695,63.42829],[22.40162,63.41816],[22.31821,63.46052],[22.27996,63.48762],[22.27125,63.51374],[22.28142,63.52619],[22.29225,63.52973],[22.31935,63.52741],[22.33741,63.52334],[22.33709,63.51362],[22.33123,63.50235],[22.33334,63.49323],[22.35548,63.48749],[22.38022,63.48542],[22.39682,63.47696],[22.39479,63.45234],[22.4074,63.45694],[22.42368,63.468],[22.4358,63.47281],[22.4358,63.47956],[22.4284,63.48876],[22.43149,63.49738],[22.43865,63.50654],[22.44264,63.51748],[22.44549,63.51813],[22.46306,63.55475],[22.47242,63.56184],[22.48373,63.56684],[22.49317,63.57347],[22.49724,63.58576],[22.50343,63.5871],[22.54566,63.57518],[22.53777,63.58771],[22.49724,63.62299],[22.51441,63.63597],[22.52223,63.64061],[22.53199,63.64411],[22.52947,63.65086],[22.52784,63.65388],[22.52508,63.6577],[22.56739,63.65314],[22.5857,63.65705],[22.59344,63.67451],[22.59108,63.69416],[22.58904,63.70331],[22.59409,63.70429],[22.61329,63.69929],[22.62778,63.68745],[22.63705,63.68309],[22.64112,63.68846],[22.64487,63.69855],[22.65406,63.70376],[22.66521,63.70478],[22.6753,63.70238],[22.69077,63.69379],[22.70232,63.68342],[22.70704,63.67133],[22.70265,63.6577],[22.71323,63.64989],[22.73406,63.62759],[22.74049,63.62299],[22.75522,63.62409],[22.77345,63.62751],[22.79054,63.633],[22.80226,63.64033],[22.81023,63.64374],[22.82049,63.64419],[22.82927,63.64623],[22.83302,63.65436],[22.83302,63.66181],[22.83351,63.6673],[22.8357,63.67211],[22.84034,63.67764],[22.85548,63.68716],[22.88697,63.69522],[22.90187,63.70551],[22.88526,63.71231],[22.83302,63.72602],[22.90187,63.72602],[22.88209,63.74213],[22.87469,63.74653],[22.9004,63.74006],[22.91472,63.7392],[22.92579,63.74339],[22.92848,63.74877],[22.92986,63.7569],[22.92921,63.76435],[22.92579,63.76756],[22.90773,63.77241],[22.89877,63.78327],[22.90252,63.79487],[22.92237,63.8017],[22.94288,63.80048],[22.95484,63.79328],[22.97316,63.77098],[22.99,63.7613],[23.00066,63.76362],[23.0018,63.77375],[22.99073,63.7875],[22.99073,63.78762],[22.99464,63.80073],[22.99448,63.80622],[22.99073,63.81538],[23.04762,63.84129],[23.06284,63.85297],[23.07496,63.85737],[23.12135,63.84955],[23.13258,63.85248],[23.14234,63.85847],[23.15349,63.86347],[23.15122,63.86489],[23.14161,63.86945],[23.14186,63.87596],[23.15504,63.88369],[23.16733,63.88695],[23.19793,63.89061],[23.27524,63.8889],[23.30649,63.89423],[23.32643,63.91096],[23.35076,63.89883],[23.37281,63.90062],[23.39422,63.91108],[23.41578,63.92463],[23.38478,63.9383],[23.37086,63.94652],[23.37086,63.956],[23.37875,63.96894],[23.37672,63.97875],[23.37086,63.98753],[23.36744,63.99726],[23.36988,64.00324],[23.3816,64.04816],[23.39649,64.05614],[23.41521,64.05622],[23.44996,64.04816],[23.45655,64.04548],[23.46754,64.03791],[23.47731,64.0351],[23.48756,64.03596],[23.49676,64.03946],[23.5066,64.04165],[23.53834,64.03189],[23.6045,64.02766],[23.6198,64.03803],[23.60597,64.0611],[23.58172,64.08466],[23.56609,64.09658],[23.57358,64.10725],[23.58546,64.10855],[23.61443,64.10342],[23.62208,64.10712],[23.64479,64.12442],[23.65602,64.13007],[23.66033,64.1433],[23.67954,64.15534],[23.70427,64.16669],[23.70647,64.16808],[23.72364,64.17853],[23.71681,64.17853],[23.71941,64.19428],[23.72438,64.20893],[23.73569,64.21621],[23.75766,64.20954],[23.77272,64.20893],[23.8191,64.22065],[23.83351,64.22687],[23.84164,64.23615],[23.86109,64.26789],[23.8816,64.2661],[23.92449,64.25471],[23.94337,64.24677],[23.93458,64.25849],[23.92758,64.27119],[23.92514,64.28547],[23.92905,64.30142],[23.94093,64.31656],[23.9712,64.33515],[23.98422,64.3498],[23.9961,64.37987],[24.00441,64.38911],[24.0254,64.39765],[24.06861,64.40559],[24.08473,64.41474],[24.08058,64.43171],[24.09327,64.43041],[24.10483,64.43122],[24.11549,64.4348],[24.12501,64.44233],[24.12916,64.44082],[24.16928,64.45222],[24.20574,64.45222],[24.21079,64.456],[24.21046,64.47309],[24.21225,64.48102],[24.21778,64.48701],[24.2295,64.48916],[24.25758,64.48599],[24.26889,64.49006],[24.27516,64.49763],[24.28094,64.51016],[24.28598,64.51496],[24.30633,64.52204],[24.32569,64.5246],[24.34409,64.53075],[24.36109,64.54841],[24.36012,64.55537],[24.35564,64.56452],[24.35499,64.57241],[24.37387,64.57954],[24.37452,64.5878],[24.37086,64.59516],[24.36793,64.59687],[24.3755,64.61725],[24.38266,64.62865],[24.40886,64.65143],[24.41432,64.65908],[24.4183,64.66804],[24.42286,64.6756],[24.42937,64.67878],[24.44117,64.6811],[24.47096,64.69929],[24.51157,64.71003],[24.53028,64.71784],[24.54607,64.73338],[24.53647,64.74413],[24.5324,64.74771],[24.5324,64.75385],[24.54371,64.76472],[24.55714,64.7709],[24.58766,64.7812],[24.55006,64.79658],[24.53842,64.80532],[24.55665,64.80915],[24.57838,64.80793],[24.65854,64.78864],[24.6683,64.78913],[24.67652,64.79487],[24.67677,64.79955],[24.6657,64.80707],[24.66277,64.81257],[24.67066,64.82974],[24.68963,64.8347],[24.7317,64.83584],[24.73634,64.85537],[24.77312,64.86579],[24.89698,64.87311],[25.07374,64.91608],[25.09474,64.91836],[25.11232,64.91446],[25.12176,64.9051],[25.12973,64.89378],[25.14324,64.88422],[25.15105,64.88386],[25.15846,64.8867],[25.16668,64.88841],[25.17726,64.88422],[25.17986,64.87995],[25.18393,64.86579],[25.18727,64.86066],[25.20248,64.84919],[25.21762,64.84146],[25.23561,64.8371],[25.25929,64.83584],[25.25929,64.82958],[25.24977,64.82954],[25.24155,64.82811],[25.22511,64.82274],[25.25953,64.81647],[25.35483,64.82958],[25.36215,64.83308],[25.35043,64.85171],[25.35182,64.86066],[25.36671,64.89175],[25.3685,64.8985],[25.35955,64.91112],[25.34783,64.91157],[25.33481,64.90693],[25.3213,64.90473],[25.30633,64.90888],[25.2798,64.92231],[25.24122,64.92902],[25.22348,64.93891],[25.19093,64.96678],[25.19606,64.96979],[25.20623,64.97748],[25.21144,64.98041],[25.20395,64.98664],[25.22096,64.99055],[25.32163,64.98359],[25.3401,64.97724],[25.37599,64.95995],[25.3991,64.95189],[25.42156,64.94888],[25.43816,64.95307],[25.44353,64.96678],[25.43629,64.98029],[25.42433,64.98908],[25.41676,64.9986],[25.42311,65.01459],[25.41619,65.01992],[25.4131,65.02448],[25.41326,65.02924],[25.41627,65.03506],[25.39259,65.04767],[25.38087,65.05598],[25.37599,65.06574],[25.37436,65.07636],[25.36997,65.08442],[25.36354,65.09077],[25.35548,65.0965],[25.32407,65.10981],[25.21144,65.12377],[25.21827,65.14574],[25.22584,65.15664],[25.25929,65.17219],[25.27263,65.18041],[25.28248,65.19139],[25.28566,65.20478],[25.2798,65.21996],[25.29217,65.21906],[25.30445,65.21967],[25.31625,65.22211],[25.32748,65.22687],[25.32065,65.22842],[25.30787,65.23273],[25.30014,65.23363],[25.30885,65.24909],[25.31381,65.25414],[25.29721,65.25951],[25.28907,65.26114],[25.2798,65.26097],[25.2942,65.27114],[25.30787,65.30215],[25.3213,65.31623],[25.31739,65.31932],[25.3108,65.32685],[25.30698,65.32982],[25.31625,65.33137],[25.32244,65.33356],[25.33497,65.34349],[25.26612,65.37763],[25.28004,65.38117],[25.3069,65.38158],[25.3213,65.38508],[25.33009,65.39053],[25.34669,65.40575],[25.35548,65.41181],[25.34449,65.42853],[25.35865,65.46552],[25.35182,65.48412],[25.32358,65.50678],[25.29371,65.52509],[25.219,65.55728],[25.19711,65.56265],[25.1701,65.56224],[25.14682,65.55903],[25.12485,65.5611],[25.10157,65.57689],[25.09636,65.58503],[25.09319,65.59191],[25.09181,65.59496],[25.08546,65.60517],[25.07423,65.61416],[25.06072,65.61725],[25.03582,65.61416],[25.02247,65.621],[25.00489,65.62702],[24.9572,65.62279],[24.93719,65.62409],[24.92408,65.63044],[24.9061,65.64594],[24.89552,65.65135],[24.85914,65.65913],[24.81951,65.66218],[24.78028,65.65974],[24.74529,65.65135],[24.71909,65.63788],[24.7068,65.63329],[24.68702,65.63154],[24.67579,65.63544],[24.67107,65.64496],[24.67018,65.68342],[24.66774,65.69086],[24.65968,65.69505],[24.59653,65.70917],[24.58399,65.71686],[24.56772,65.73066],[24.55486,65.7451],[24.55047,65.7635],[24.56039,65.78913],[24.57537,65.80817],[24.63201,65.86058],[24.64576,65.87946],[24.65366,65.88557],[24.67026,65.89159],[24.6976,65.89448],[24.70753,65.89924],[24.71062,65.9121],[24.69459,65.904],[24.64226,65.89159],[24.63445,65.89094],[24.62534,65.8913],[24.61793,65.88923],[24.615,65.88133],[24.61549,65.87079],[24.61451,65.86616],[24.61158,65.86433],[24.58717,65.85432],[24.54363,65.80899],[24.51881,65.79605],[24.4944,65.79515],[24.47348,65.79719],[24.45297,65.79694],[24.43051,65.78913],[24.42799,65.7862],[24.42612,65.78168],[24.42286,65.7766],[24.4157,65.7718],[24.4048,65.76923],[24.35711,65.7792],[24.32789,65.79792],[24.31666,65.80223],[24.27784,65.80939],[24.23829,65.8227],[24.2483,65.80903],[24.25123,65.79413],[24.24431,65.78156],[24.22462,65.77489],[24.20623,65.77875],[24.18824,65.79023],[24.17302,65.80419],[24.1631,65.81586],[24.1631,65.8227],[24.14031,65.80451],[24.10515,65.80183],[24.03273,65.80972],[24.03907,65.80366],[24.04086,65.80052],[24.04379,65.79853],[24.05323,65.79605],[24.02882,65.79011],[23.98015,65.79487],[23.95704,65.78913],[23.95143,65.78311],[23.94386,65.76655],[23.93653,65.76122],[23.92644,65.7604],[23.91814,65.76317],[23.91033,65.76691],[23.89454,65.77001],[23.88543,65.77363],[23.8777,65.779],[23.87436,65.78579],[23.87184,65.79487],[23.86573,65.79487],[23.85467,65.78913],[23.80567,65.78946],[23.78175,65.79304],[23.77149,65.80598],[23.76197,65.82225],[23.73943,65.82929],[23.6902,65.83015],[23.67498,65.82538],[23.64926,65.80305],[23.63551,65.79605],[23.6233,65.79621],[23.61622,65.80093],[23.61166,65.80646],[23.6076,65.80972],[23.52801,65.81],[23.48414,65.81586],[23.49057,65.82978],[23.48357,65.83438],[23.47006,65.83332],[23.45737,65.83015],[23.45818,65.82844],[23.44996,65.81586],[23.44313,65.81269],[23.43621,65.81135],[23.42897,65.80878],[23.42205,65.80223],[23.43328,65.7978],[23.43784,65.7923],[23.43824,65.78498],[23.43629,65.77489],[23.43344,65.76667],[23.42848,65.76533],[23.41879,65.76724],[23.40187,65.7687],[23.38502,65.77521],[23.37428,65.79043],[23.37045,65.80834],[23.37428,65.8227],[23.35279,65.82136],[23.33806,65.81306],[23.32586,65.80292],[23.31219,65.79605],[23.28972,65.79584],[23.26881,65.80313],[23.23024,65.8227],[23.21339,65.82705],[23.19597,65.82697],[23.18377,65.81965],[23.18238,65.80223],[23.19077,65.78986],[23.20574,65.78132],[23.23764,65.7687],[23.22193,65.76362],[23.15846,65.75023],[23.1482,65.74559],[23.12843,65.73395],[23.12957,65.71503],[23.10304,65.70466],[23.07879,65.70722],[23.08676,65.72773],[23.05812,65.75507],[23.04591,65.76122],[22.98976,65.76431],[22.94402,65.77534],[22.93605,65.77863],[22.91489,65.79605],[22.90105,65.79865],[22.8777,65.79487],[22.8602,65.79605],[22.83717,65.80768],[22.80592,65.84858],[22.78517,65.86433],[22.67302,65.90571],[22.65301,65.90839],[22.63429,65.90522],[22.64698,65.89509],[22.67254,65.88178],[22.68214,65.87108],[22.68531,65.86249],[22.68898,65.83698],[22.69304,65.82392],[22.69752,65.8142],[22.69972,65.80394],[22.69646,65.78913],[22.68873,65.77562],[22.67758,65.76472],[22.66375,65.75751],[22.64812,65.75507],[22.65301,65.77806],[22.62794,65.79035],[22.56983,65.79605],[22.556,65.79214],[22.52272,65.77643],[22.51149,65.77489],[22.50554,65.7836],[22.51157,65.79466],[22.5228,65.80459],[22.53199,65.80972],[22.5184,65.82266],[22.50359,65.831],[22.4699,65.84321],[22.47242,65.84687],[22.47731,65.85688],[22.40553,65.86392],[22.37013,65.86172],[22.36744,65.84321],[22.32594,65.83698],[22.36744,65.80972],[22.36451,65.7978],[22.35125,65.79654],[22.3191,65.80223],[22.33058,65.79291],[22.34555,65.77131],[22.36061,65.76122],[22.32602,65.7355],[22.28549,65.74339],[22.24464,65.76024],[22.20924,65.76122],[22.23024,65.74531],[22.24985,65.73574],[22.27329,65.73054],[22.33953,65.72419],[22.36183,65.71625],[22.37664,65.70026],[22.38795,65.67251],[22.37525,65.67353],[22.3628,65.67292],[22.35084,65.67023],[22.33961,65.66503],[22.32944,65.68928],[22.30787,65.70083],[22.2815,65.70148],[22.25758,65.69302],[22.26531,65.68789],[22.26808,65.68122],[22.26547,65.67353],[22.25758,65.66503],[22.26531,65.65949],[22.27223,65.65103],[22.28492,65.63154],[22.26205,65.62556],[22.18922,65.62409],[22.26271,65.61176],[22.30063,65.61152],[22.3191,65.63154],[22.31414,65.64179],[22.28956,65.65571],[22.28492,65.66503],[22.29314,65.67365],[22.3086,65.66938],[22.32439,65.65957],[22.33334,65.65135],[22.32594,65.64521],[22.38038,65.63402],[22.38453,65.62783],[22.3401,65.61286],[22.33334,65.60419],[22.3436,65.59565],[22.36598,65.58893],[22.40496,65.58316],[22.41139,65.57901],[22.41863,65.56916],[22.42897,65.54898],[22.40528,65.54194],[22.38689,65.55003],[22.36988,65.56281],[22.35011,65.5694],[22.32032,65.57197],[22.29851,65.57689],[22.27491,65.58788],[22.26303,65.58959],[22.25074,65.58316],[22.2566,65.56904],[22.22828,65.57209],[22.12648,65.60375],[22.05128,65.61734],[22.02133,65.63496],[22.0062,65.64179],[21.96388,65.64671],[21.92986,65.6634],[21.86785,65.67251],[21.85279,65.67829],[21.84352,65.68382],[21.82276,65.70295],[21.80958,65.7106],[21.77817,65.71947],[21.76417,65.72773],[21.78777,65.68671],[21.84791,65.66096],[21.97023,65.63154],[22.05274,65.59764],[22.11866,65.58348],[22.13258,65.57819],[22.14772,65.5694],[22.1701,65.55305],[22.18336,65.54857],[22.20297,65.54898],[22.17693,65.53978],[22.12086,65.5395],[22.09311,65.53535],[22.08399,65.53181],[22.08204,65.5292],[22.08123,65.52534],[22.07569,65.51789],[22.06593,65.51431],[22.05681,65.51899],[22.04762,65.52497],[22.03826,65.52509],[22.01124,65.51748],[21.87469,65.53685],[21.85353,65.53535],[21.90024,65.50129],[21.92791,65.48945],[21.95037,65.49494],[21.92986,65.50605],[21.92172,65.508],[21.94711,65.50943],[22.00457,65.47687],[22.03159,65.46703],[22.0241,65.45319],[22.01889,65.44131],[22.01173,65.43203],[21.99757,65.42609],[21.98121,65.42683],[21.96608,65.43374],[21.94223,65.45336],[21.9323,65.44135],[21.93588,65.43106],[21.94288,65.42154],[21.94223,65.41181],[21.92774,65.40412],[21.90699,65.40278],[21.88852,65.40766],[21.88087,65.41865],[21.85092,65.40754],[21.82097,65.40103],[21.79021,65.40009],[21.7059,65.4145],[21.68832,65.41234],[21.70265,65.39814],[21.6561,65.39716],[21.63111,65.40005],[21.61004,65.41865],[21.58668,65.4182],[21.54444,65.41181],[21.54444,65.40559],[21.58546,65.39753],[21.59962,65.39814],[21.59962,65.39191],[21.52752,65.3968],[21.48911,65.39338],[21.46998,65.37763],[21.47608,65.37645],[21.48504,65.37238],[21.48976,65.37084],[21.4489,65.35716],[21.46974,65.35456],[21.49155,65.34829],[21.51157,65.33861],[21.52735,65.32612],[21.54298,65.31859],[21.56568,65.31586],[21.58399,65.32095],[21.58595,65.33666],[21.60475,65.33373],[21.62233,65.32648],[21.65431,65.30878],[21.68702,65.29682],[21.70167,65.28587],[21.69923,65.27155],[21.66814,65.25275],[21.62281,65.24079],[21.577,65.2381],[21.54444,65.2473],[21.53443,65.25751],[21.51596,65.28339],[21.50343,65.29572],[21.48959,65.30549],[21.47429,65.31403],[21.45639,65.32014],[21.43556,65.32246],[21.40895,65.3332],[21.37843,65.35505],[21.34555,65.37279],[21.31227,65.37084],[21.31772,65.36953],[21.32732,65.36555],[21.33277,65.364],[21.31951,65.35139],[21.27784,65.35004],[21.26441,65.33666],[21.39137,65.32184],[21.42213,65.30878],[21.48227,65.26097],[21.53761,65.2309],[21.60987,65.16885],[21.61883,65.14802],[21.59986,65.13906],[21.54444,65.13744],[21.55714,65.13117],[21.56284,65.1225],[21.56219,65.11201],[21.54379,65.08308],[21.54933,65.07762],[21.54933,65.07758],[21.54941,65.07758],[21.56528,65.07559],[21.58595,65.06916],[21.56316,65.06127],[21.47926,65.06232],[21.46705,65.05549],[21.47739,65.04051],[21.49488,65.02631],[21.50343,65.02143],[21.47234,65.00947],[21.46315,65.00772],[21.45289,65.00934],[21.43336,65.01496],[21.42213,65.01459],[21.42213,65.01276],[21.42026,65.00837],[21.41749,65.00365],[21.41481,65.00092],[21.39763,64.99437],[21.38315,64.98656],[21.37941,64.97736],[21.39422,64.96678],[21.37778,64.96003],[21.25611,64.95673],[21.24342,64.95311],[21.24147,64.94538],[21.24733,64.93952],[21.25221,64.93256],[21.24684,64.92178],[21.23894,64.91454],[21.22788,64.90656],[21.21518,64.90034],[21.2024,64.8985],[21.21258,64.87198],[21.19288,64.86115],[21.1727,64.85342],[21.18133,64.83584],[21.16529,64.82982],[21.13087,64.82347],[21.11305,64.82274],[21.09734,64.82754],[21.09148,64.83836],[21.08953,64.85008],[21.08522,64.85757],[21.0691,64.86074],[21.05356,64.85668],[21.042,64.84687],[21.03736,64.83271],[21.04233,64.81989],[21.0547,64.81444],[21.08522,64.80915],[21.08107,64.79873],[21.07895,64.79487],[21.09718,64.78531],[21.115,64.78144],[21.15398,64.7812],[21.21754,64.78925],[21.28126,64.77676],[21.30584,64.7683],[21.31227,64.75385],[21.29949,64.74885],[21.2483,64.7508],[21.22918,64.74771],[21.24627,64.73086],[21.26726,64.71752],[21.31227,64.69929],[21.31227,64.69245],[21.29575,64.69208],[21.28875,64.68684],[21.29135,64.67935],[21.30494,64.67194],[21.30494,64.66572],[21.27866,64.67088],[21.23129,64.694],[21.20582,64.69929],[21.18483,64.70673],[21.16489,64.72158],[21.14389,64.73298],[21.11988,64.72968],[21.10914,64.71638],[21.11118,64.69937],[21.12273,64.68305],[21.14039,64.67194],[21.16822,64.66787],[21.20167,64.66657],[21.23194,64.66108],[21.25025,64.64399],[21.2317,64.64265],[21.23219,64.633],[21.24513,64.62202],[21.26385,64.61664],[21.28541,64.61616],[21.2951,64.61433],[21.30494,64.6105],[21.31023,64.60566],[21.31886,64.59268],[21.32228,64.59003],[21.33025,64.58686],[21.34392,64.5727],[21.35328,64.56953],[21.3628,64.57221],[21.36541,64.57762],[21.36354,64.58234],[21.36012,64.58259],[21.36695,64.59479],[21.36834,64.60423],[21.37403,64.60798],[21.39422,64.60301],[21.41481,64.58967],[21.43727,64.57111],[21.45558,64.56249],[21.4673,64.58735],[21.47641,64.58747],[21.48561,64.58344],[21.48976,64.57917],[21.48976,64.55585],[21.50123,64.54418],[21.51515,64.5371],[21.53191,64.53413],[21.55193,64.53474],[21.5394,64.52814],[21.52556,64.52289],[21.511,64.52094],[21.49659,64.52456],[21.47096,64.54499],[21.46315,64.54841],[21.41456,64.52936],[21.38657,64.52171],[21.37428,64.5314],[21.37143,64.53832],[21.36459,64.54169],[21.35662,64.54157],[21.34986,64.53815],[21.34734,64.53197],[21.3532,64.52953],[21.36695,64.52798],[21.38608,64.51032],[21.39918,64.50519],[21.41163,64.51118],[21.42254,64.51463],[21.46323,64.51699],[21.47608,64.51496],[21.47967,64.51065],[21.48756,64.49409],[21.48976,64.48701],[21.47771,64.47167],[21.47967,64.46084],[21.49195,64.45433],[21.51051,64.45222],[21.51987,64.45539],[21.53102,64.46955],[21.53761,64.47272],[21.55828,64.4704],[21.57862,64.46589],[21.57244,64.48017],[21.58595,64.48017],[21.59767,64.47517],[21.60532,64.46564],[21.60646,64.45222],[21.60011,64.44245],[21.58863,64.44111],[21.57521,64.44111],[21.56178,64.43513],[21.55055,64.42841],[21.52573,64.42178],[21.51393,64.4147],[21.45729,64.37165],[21.41676,64.35309],[21.39763,64.33983],[21.37322,64.33039],[21.35182,64.34007],[21.33351,64.35578],[21.31853,64.36408],[21.32276,64.35517],[21.32423,64.34663],[21.32276,64.33812],[21.31853,64.32933],[21.32496,64.32624],[21.32765,64.32294],[21.32936,64.31924],[21.33277,64.31501],[21.31642,64.31208],[21.28777,64.30231],[21.27068,64.30142],[21.25636,64.30512],[21.25025,64.30866],[21.24391,64.30707],[21.11704,64.22114],[21.11305,64.21943],[21.08269,64.22549],[21.07895,64.22687],[21.07032,64.22175],[21.04469,64.19156],[20.96656,64.1494],[20.9485,64.13007],[20.96079,64.11286],[20.95427,64.09479],[20.91481,64.05695],[20.91236,64.05292],[20.91147,64.04759],[20.90756,64.0351],[20.91,64.0371],[20.91228,64.03351],[20.91383,64.0279],[20.9144,64.02424],[20.91261,64.02106],[20.9087,64.02045],[20.90431,64.01919],[20.90138,64.01406],[20.89991,63.99396],[20.89698,63.98371],[20.89047,63.97923],[20.87875,63.97712],[20.87086,63.9724],[20.86598,63.96772],[20.86329,63.96556],[20.84148,63.95942],[20.82496,63.94473],[20.80519,63.91096],[20.78647,63.87861],[20.77719,63.86937],[20.72934,63.84955],[20.68474,63.84846],[20.67482,63.84272],[20.66993,63.82909],[20.67791,63.82258],[20.69288,63.82099],[20.70899,63.82221],[20.68751,63.79873],[20.67465,63.78925],[20.66432,63.79121],[20.64308,63.81452],[20.63022,63.82087],[20.61264,63.82221],[20.56495,63.79833],[20.56178,63.78522],[20.55356,63.77704],[20.54265,63.77534],[20.53094,63.78124],[20.54086,63.79169],[20.53875,63.80077],[20.52931,63.80878],[20.50766,63.82103],[20.50343,63.82201],[20.45582,63.7722],[20.43686,63.76118],[20.41358,63.76756],[20.4192,63.75934],[20.41847,63.75422],[20.41529,63.74909],[20.41358,63.7403],[20.42058,63.71845],[20.42107,63.71235],[20.41505,63.70112],[20.40561,63.68985],[20.3943,63.6811],[20.38307,63.67764],[20.36492,63.68073],[20.35475,63.68915],[20.35353,63.7014],[20.36232,63.71605],[20.36166,63.72549],[20.35239,63.73871],[20.33888,63.75015],[20.32545,63.75397],[20.31666,63.74006],[20.31813,63.67902],[20.30795,63.65436],[20.29518,63.65225],[20.27931,63.65925],[20.26759,63.6706],[20.26694,63.68134],[20.27524,63.69269],[20.28256,63.70669],[20.28663,63.72077],[20.28443,63.73286],[20.2649,63.71971],[20.2461,63.69823],[20.23601,63.67357],[20.24285,63.65086],[20.21941,63.65339],[20.15349,63.65086],[20.14324,63.6485],[20.1316,63.64423],[20.11988,63.64248],[20.10914,63.64745],[20.10231,63.65729],[20.0984,63.66157],[20.09205,63.66454],[20.07358,63.66625],[20.05348,63.6634],[20.03452,63.65681],[20.02003,63.64745],[20.01108,63.6341],[20.01344,63.62287],[20.03053,63.60248],[19.95232,63.61929],[19.93775,63.61986],[19.92311,63.61237],[19.88697,63.60309],[19.87973,63.59907],[19.86443,63.57319],[19.82814,63.55557],[19.78631,63.541],[19.75318,63.52432],[19.75034,63.51423],[19.76686,63.48762],[19.77247,63.46459],[19.76889,63.46076],[19.7448,63.45726],[19.73561,63.45295],[19.72267,63.44489],[19.69947,63.43374],[19.68735,63.43134],[19.6395,63.44489],[19.63649,63.45913],[19.64031,63.46979],[19.63705,63.47834],[19.61297,63.48583],[19.61541,63.48969],[19.61752,63.49657],[19.61915,63.50007],[19.60572,63.50406],[19.57862,63.52119],[19.52638,63.5305],[19.51295,63.53758],[19.49252,63.5528],[19.47023,63.56147],[19.4463,63.56086],[19.42042,63.54853],[19.43149,63.54279],[19.44313,63.53889],[19.46876,63.53425],[19.4546,63.50894],[19.46705,63.50088],[19.49399,63.49738],[19.52345,63.48583],[19.49562,63.47671],[19.48162,63.47382],[19.4651,63.47281],[19.46144,63.46894],[19.47136,63.46039],[19.51173,63.43334],[19.51539,63.42626],[19.51661,63.41474],[19.50799,63.41185],[19.48829,63.41718],[19.4546,63.43122],[19.37257,63.47956],[19.3462,63.48591],[19.34523,63.47761],[19.37257,63.44489],[19.35141,63.44001],[19.33074,63.44831],[19.31121,63.46044],[19.29322,63.46654],[19.28077,63.45942],[19.27613,63.44269],[19.27654,63.40762],[19.2754,63.39802],[19.27068,63.38178],[19.26954,63.37287],[19.26954,63.34247],[19.25929,63.32905],[19.24545,63.32233],[19.23365,63.32567],[19.22926,63.34247],[19.20753,63.32612],[19.15659,63.31904],[19.13307,63.30829],[19.13917,63.30561],[19.15349,63.29401],[19.14186,63.28742],[19.1233,63.26415],[19.11199,63.25308],[19.13307,63.25308],[19.11671,63.23664],[19.09718,63.23786],[19.05738,63.26048],[19.03989,63.23896],[19.05641,63.22651],[19.08692,63.22085],[19.11199,63.21955],[19.10418,63.20783],[19.09278,63.20661],[19.08009,63.20751],[19.06788,63.20213],[19.06129,63.19204],[19.0586,63.18391],[19.05274,63.17886],[19.03679,63.17792],[19.03248,63.18203],[19.00441,63.19961],[18.99903,63.20213],[18.99098,63.20844],[18.97088,63.21833],[18.96176,63.22578],[18.96656,63.23892],[18.95509,63.24584],[18.93751,63.25056],[18.92384,63.25678],[18.90675,63.26708],[18.886,63.27253],[18.87289,63.26919],[18.87916,63.25308],[18.86606,63.2499],[18.81031,63.26048],[18.76905,63.26215],[18.75115,63.25947],[18.7352,63.25308],[18.75563,63.24274],[18.91334,63.21206],[18.89438,63.19782],[18.86264,63.19204],[18.79664,63.1916],[18.80112,63.18171],[18.80348,63.17792],[18.78728,63.16804],[18.77312,63.16877],[18.76043,63.17756],[18.75563,63.1916],[18.75294,63.20767],[18.77442,63.21186],[18.8239,63.21206],[18.8239,63.21955],[18.72901,63.232],[18.70045,63.22578],[18.71412,63.21922],[18.7199,63.211],[18.7225,63.20148],[18.72779,63.1916],[18.75017,63.16608],[18.75563,63.15746],[18.61134,63.1789],[18.56446,63.17792],[18.56446,63.17113],[18.58562,63.17072],[18.60865,63.16535],[18.62916,63.15672],[18.64308,63.14692],[18.65154,63.13589],[18.65707,63.12372],[18.65463,63.11371],[18.63966,63.10969],[18.61891,63.11376],[18.59889,63.12124],[18.57862,63.1245],[18.55698,63.11652],[18.54965,63.10708],[18.54542,63.09577],[18.53842,63.08466],[18.52296,63.07551],[18.55698,63.07551],[18.51271,63.05744],[18.49903,63.05508],[18.49293,63.04963],[18.48658,63.0257],[18.4782,63.02025],[18.46795,63.02367],[18.43409,63.04755],[18.41928,63.05313],[18.40382,63.05565],[18.38787,63.05419],[18.37208,63.04755],[18.4048,63.03547],[18.42189,63.02692],[18.43409,63.01411],[18.36834,63.02025],[18.36549,63.02241],[18.35662,63.03303],[18.35157,63.03705],[18.34311,63.03954],[18.34067,63.03608],[18.34034,63.03059],[18.3379,63.02709],[18.33912,63.02558],[18.32423,63.01411],[18.29982,63.00666],[18.24171,62.99982],[18.26645,62.9903],[18.52442,62.99189],[18.55112,62.98591],[18.57065,62.97309],[18.57667,62.9584],[18.56804,62.95344],[18.55405,62.9584],[18.54396,62.97309],[18.53663,62.97309],[18.52809,62.9538],[18.50489,62.9492],[18.4769,62.95311],[18.41814,62.96931],[18.40333,62.96483],[18.39259,62.94522],[18.43963,62.92817],[18.4546,62.92475],[18.49106,62.93122],[18.511,62.93244],[18.52296,62.92475],[18.51254,62.90412],[18.47234,62.90168],[18.40008,62.91108],[18.41505,62.89716],[18.46339,62.8876],[18.47446,62.8769],[18.47136,62.86774],[18.46258,62.86115],[18.45135,62.85712],[18.42693,62.85407],[18.41782,62.85017],[18.41,62.8454],[18.40008,62.84154],[18.37761,62.83674],[18.36638,62.83625],[18.34718,62.83967],[18.33107,62.84007],[18.32423,62.84154],[18.32097,62.84467],[18.31886,62.84931],[18.31691,62.85578],[18.28443,62.87629],[18.26832,62.88349],[18.24855,62.88373],[18.25099,62.87979],[18.25538,62.86945],[18.20704,62.86945],[18.20704,62.86323],[18.21803,62.85932],[18.22023,62.85228],[18.21567,62.8439],[18.20704,62.83535],[18.22926,62.82954],[18.26222,62.84829],[18.28273,62.84154],[18.2588,62.81061],[18.24366,62.79902],[18.22438,62.79438],[18.2151,62.79011],[18.20558,62.78197],[18.19508,62.77741],[18.18336,62.78351],[18.18287,62.78998],[18.18816,62.79776],[18.19557,62.80443],[18.20086,62.80801],[18.18629,62.81167],[18.17693,62.8041],[18.16912,62.79145],[18.15919,62.7801],[18.14047,62.77192],[18.12037,62.77058],[18.07732,62.77387],[18.08204,62.78327],[18.08473,62.78693],[18.06837,62.79389],[18.04884,62.7958],[18.00896,62.79438],[18.03403,62.81147],[18.12143,62.80581],[18.14617,62.82225],[18.10418,62.83096],[18.08432,62.83735],[18.07106,62.84894],[18.0735,62.85106],[18.07447,62.8522],[18.07521,62.85334],[18.07732,62.85578],[18.0547,62.85285],[18.02027,62.84125],[17.98862,62.82591],[17.97486,62.81147],[17.96778,62.80781],[17.95167,62.81098],[17.93531,62.81704],[17.92644,62.82225],[17.92433,62.83112],[17.92644,62.86636],[17.92449,62.86933],[17.91505,62.87832],[17.91277,62.88373],[17.91472,62.88874],[17.92416,62.89728],[17.92644,62.90054],[17.9214,62.91572],[17.90935,62.91576],[17.89373,62.91083],[17.87867,62.91108],[17.87208,62.91844],[17.8545,62.95515],[17.84571,62.96361],[17.83546,62.97028],[17.8235,62.97541],[17.80974,62.97932],[17.81691,62.98383],[17.83082,62.99982],[17.8086,62.99836],[17.77719,62.98334],[17.76197,62.97932],[17.7435,62.98359],[17.7269,62.99242],[17.71079,62.99824],[17.69361,62.9936],[17.81756,62.94233],[17.84767,62.92129],[17.8659,62.90192],[17.88966,62.87018],[17.90187,62.8393],[17.88551,62.82225],[17.88551,62.81485],[17.92905,62.80052],[17.94068,62.79438],[17.95289,62.78596],[17.9568,62.78254],[17.95493,62.76333],[17.96241,62.75214],[17.99537,62.72773],[18.0027,62.70897],[18.00017,62.69782],[17.9909,62.68081],[17.99195,62.67455],[17.99733,62.66486],[17.99342,62.6599],[17.98439,62.6579],[17.97486,62.65717],[17.96778,62.65913],[17.94483,62.66865],[17.9336,62.67084],[17.87184,62.67084],[17.89161,62.65803],[18.04322,62.62617],[18.04412,62.61518],[18.0477,62.60663],[18.05421,62.60029],[18.06422,62.59577],[18.04249,62.59211],[17.96827,62.56049],[17.96217,62.56363],[17.9607,62.576],[17.95281,62.6057],[17.95338,62.61176],[17.95037,62.61481],[17.93702,62.61563],[17.93067,62.61237],[17.92579,62.60472],[17.91489,62.57323],[17.91334,62.56493],[17.91277,62.55756],[17.90935,62.54938],[17.90065,62.54572],[17.87867,62.54108],[17.89283,62.52749],[17.86166,62.5008],[17.84311,62.48969],[17.8235,62.48583],[17.81251,62.48945],[17.79542,62.50283],[17.78614,62.50576],[17.73463,62.50576],[17.69304,62.49775],[17.67123,62.48945],[17.65895,62.47842],[17.65968,62.46137],[17.67604,62.45531],[17.69606,62.45059],[17.70737,62.43745],[17.57635,62.44033],[17.56178,62.44375],[17.54998,62.44831],[17.5315,62.46271],[17.52613,62.46479],[17.48146,62.50576],[17.438,62.53677],[17.42677,62.54108],[17.4061,62.53559],[17.39552,62.5113],[17.37867,62.50576],[17.35857,62.50397],[17.34148,62.49811],[17.33082,62.48774],[17.33058,62.47224],[17.37501,62.43745],[17.37745,62.43391],[17.37924,62.42577],[17.37973,62.41682],[17.37843,62.41079],[17.37094,62.40624],[17.35939,62.40396],[17.34702,62.40331],[17.33741,62.40396],[17.34889,62.39802],[17.36052,62.38959],[17.36647,62.37889],[17.36118,62.36612],[17.36004,62.35566],[17.36801,62.34309],[17.38063,62.33267],[17.39275,62.32827],[17.424,62.33173],[17.43784,62.33027],[17.45411,62.32144],[17.46192,62.31257],[17.46876,62.30195],[17.47682,62.2923],[17.48829,62.28661],[17.48829,62.28046],[17.47885,62.28075],[17.47267,62.27912],[17.46022,62.27302],[17.54656,62.24909],[17.56666,62.25389],[17.59938,62.24958],[17.63209,62.24067],[17.65268,62.232],[17.56951,62.20474],[17.54444,62.20161],[17.54176,62.20637],[17.56951,62.232],[17.55299,62.23725],[17.53492,62.23501],[17.51905,62.22793],[17.50864,62.21841],[17.50416,62.20368],[17.50538,62.18745],[17.50807,62.17308],[17.50864,62.16376],[17.50164,62.15062],[17.49855,62.14757],[17.48162,62.13044],[17.47446,62.1166],[17.47242,62.09683],[17.47316,62.08466],[17.46762,62.07636],[17.44728,62.06818],[17.469,62.06216],[17.45924,62.04865],[17.42612,62.02656],[17.43784,62.02155],[17.45265,62.01227],[17.46046,62.00332],[17.45069,61.99925],[17.40284,61.99559],[17.3921,61.99242],[17.38649,61.98208],[17.38868,61.97085],[17.386,61.96198],[17.36459,61.95832],[17.35475,61.95531],[17.34816,61.94758],[17.34457,61.93667],[17.34425,61.92414],[17.34816,61.91157],[17.36183,61.89395],[17.36459,61.8863],[17.3615,61.87971],[17.34734,61.8745],[17.34425,61.86957],[17.34352,61.87128],[17.34262,61.86376],[17.34262,61.85566],[17.34425,61.85586],[17.34693,61.85513],[17.35182,61.85253],[17.35377,61.84732],[17.34767,61.83853],[17.34262,61.83393],[17.33863,61.82901],[17.33741,61.82368],[17.34083,61.81806],[17.35369,61.81403],[17.40561,61.82111],[17.40073,61.81159],[17.39291,61.80524],[17.38307,61.8017],[17.37159,61.8006],[17.37159,61.79316],[17.38836,61.78832],[17.39064,61.77709],[17.38705,61.76215],[17.38592,61.74604],[17.39112,61.72773],[17.39918,61.72236],[17.44825,61.7285],[17.46559,61.73355],[17.48308,61.73456],[17.50196,61.72553],[17.51417,61.71381],[17.52027,61.70238],[17.52003,61.69123],[17.51205,61.68024],[17.50563,61.66706],[17.50245,61.64985],[17.49635,61.63508],[17.48146,61.62873],[17.4616,61.62962],[17.44614,61.63288],[17.43287,61.63939],[17.41993,61.64985],[17.38331,61.69269],[17.36232,61.70913],[17.33058,61.71809],[17.33229,61.70502],[17.33741,61.69514],[17.35092,61.67715],[17.31316,61.68195],[17.29982,61.68993],[17.30323,61.70506],[17.26661,61.72163],[17.22429,61.72724],[17.13803,61.72553],[17.1504,61.7143],[17.1657,61.71039],[17.19996,61.71125],[17.26857,61.69082],[17.25978,61.67414],[17.22869,61.66307],[17.19191,61.65742],[17.16619,61.65668],[17.16619,61.64985],[17.17384,61.64887],[17.19337,61.64232],[17.16481,61.63642],[17.11891,61.64582],[17.09718,61.63614],[17.2256,61.62202],[17.24789,61.60883],[17.22592,61.60285],[17.20851,61.60456],[17.17237,61.61567],[17.15073,61.61791],[17.08351,61.61567],[17.08351,61.60883],[17.11915,61.60969],[17.13494,61.60594],[17.14568,61.5952],[17.10288,61.58503],[17.05633,61.58218],[17.08237,61.57128],[17.18653,61.56102],[17.18653,61.55419],[17.09034,61.55606],[17.08009,61.55048],[17.08904,61.54536],[17.11158,61.54145],[17.13014,61.5327],[17.15553,61.52953],[17.16619,61.52692],[17.16619,61.51948],[17.12452,61.51948],[17.12452,61.51325],[17.16375,61.50406],[17.17237,61.49897],[17.17701,61.48688],[17.17156,61.48041],[17.16131,61.4746],[17.15187,61.46483],[17.15748,61.45628],[17.16147,61.44798],[17.16928,61.44111],[17.1797,61.43696],[17.19256,61.437],[17.19874,61.44208],[17.20411,61.44823],[17.21355,61.45116],[17.22039,61.44798],[17.22145,61.44099],[17.21705,61.43391],[17.20704,61.43073],[17.19549,61.42988],[17.18458,61.42731],[17.17482,61.42284],[17.16619,61.41641],[17.1587,61.42414],[17.14723,61.43354],[17.13657,61.43708],[17.12761,61.41828],[17.10841,61.40937],[17.10401,61.39936],[17.10914,61.39362],[17.13803,61.36929],[17.167,61.35578],[17.20021,61.34813],[17.20183,61.3371],[17.27605,61.31403],[17.2461,61.31029],[17.21372,61.31342],[17.15187,61.32831],[17.16627,61.30842],[17.19313,61.29926],[17.2234,61.29438],[17.24789,61.2873],[17.20509,61.28852],[17.18727,61.29121],[17.1351,61.31611],[17.11842,61.31965],[17.09718,61.32087],[17.09718,61.31403],[17.12135,61.30817],[17.15154,61.29389],[17.18035,61.27603],[17.20021,61.25943],[17.21274,61.2353],[17.19711,61.2263],[17.17091,61.22004],[17.15187,61.20417],[17.18653,61.19111],[17.18165,61.16596],[17.17433,61.15766],[17.1587,61.14956],[17.17897,61.13597],[17.18279,61.12324],[17.1714,61.11506],[17.14568,61.11473],[17.15675,61.11176],[17.18385,61.11156],[17.19337,61.10859],[17.19809,61.10269],[17.19988,61.09589],[17.19752,61.0904],[17.18995,61.08808],[17.18116,61.08369],[17.17384,61.0729],[17.16871,61.05931],[17.16619,61.04654],[17.16969,61.04247],[17.17726,61.03718],[17.18653,61.03286],[17.16554,61.02228],[17.1587,61.01984],[17.21144,61.02387],[17.23585,61.02228],[17.24789,61.01236],[17.18824,61.00458],[17.16774,60.99217],[17.1587,60.96454],[17.15748,60.95238],[17.15821,60.94843],[17.1797,60.93724],[17.19744,60.93622],[17.20509,60.93391],[17.2024,60.92154],[17.20509,60.9147],[17.21388,60.90253],[17.21681,60.89936],[17.23292,60.90461],[17.24171,60.90253],[17.24627,60.89802],[17.28224,60.84101],[17.2741,60.83975],[17.26515,60.83698],[17.25807,60.83275],[17.25554,60.82738],[17.25929,60.81566],[17.26661,60.81517],[17.27508,60.81721],[17.28224,60.81314],[17.28484,60.79999],[17.28224,60.78974],[17.28305,60.78115],[17.2964,60.77277],[17.31544,60.76972],[17.33082,60.77033],[17.3357,60.76691],[17.32374,60.75235],[17.31153,60.74527],[17.27914,60.73627],[17.25221,60.72004],[17.21469,60.70624],[17.19117,60.70173],[17.18629,60.69709],[17.1867,60.69237],[17.19337,60.69017],[17.20525,60.69135],[17.22755,60.69648],[17.23805,60.6977],[17.25799,60.6944],[17.27801,60.67988],[17.31023,60.67304],[17.36459,60.64924],[17.32374,60.63565],[17.32374,60.62873],[17.33953,60.62299],[17.35987,60.62149],[17.37664,60.62389],[17.38022,60.62442],[17.39576,60.63223],[17.41383,60.63793],[17.54713,60.64916],[17.57496,60.64789],[17.59409,60.63935],[17.60841,60.63044],[17.64552,60.6186],[17.65895,60.6083],[17.64674,60.59955],[17.61109,60.58853],[17.60377,60.58413],[17.60694,60.56953],[17.62143,60.54706],[17.62477,60.53632],[17.63819,60.51545],[17.67058,60.5041],[17.74147,60.49844],[17.74147,60.50585],[17.72706,60.53474],[17.76222,60.5633],[17.81609,60.58527],[17.91863,60.60017],[17.94874,60.59919],[17.97486,60.58784],[17.99537,60.55305],[17.9935,60.54092],[17.98764,60.53075],[17.97869,60.52334],[17.96746,60.51895],[17.96746,60.51211],[17.99342,60.51093],[18.01832,60.50226],[18.06422,60.47797],[18.0984,60.46491],[18.10255,60.45893],[18.10873,60.44253],[18.11199,60.43696],[18.14332,60.41356],[18.17872,60.39891],[18.26222,60.38239],[18.24537,60.3769],[18.2199,60.36367],[18.20704,60.35505],[18.20704,60.3476],[18.2212,60.33906],[18.22788,60.33381],[18.23487,60.32709],[18.25066,60.33405],[18.27752,60.34935],[18.2964,60.35505],[18.31349,60.35692],[18.32635,60.35554],[18.35841,60.3476],[18.42799,60.34878],[18.44776,60.34138],[18.44663,60.33836],[18.44581,60.33023],[18.44597,60.32071],[18.44776,60.31346],[18.452,60.31025],[18.47446,60.29979],[18.47446,60.29295],[18.46209,60.29125],[18.44988,60.29243],[18.438,60.29206],[18.42677,60.2862],[18.56544,60.25934],[18.60483,60.23835],[18.56373,60.22761],[18.40056,60.25959],[18.36915,60.279],[18.31691,60.32095],[18.3309,60.28571],[18.36988,60.25861],[18.41505,60.23509],[18.44776,60.21109],[18.43067,60.21035],[18.41725,60.21577],[18.39259,60.23216],[18.39967,60.20783],[18.41993,60.19351],[18.46827,60.17634],[18.49293,60.16079],[18.50611,60.15575],[18.52296,60.15583],[18.53492,60.15888],[18.54412,60.16425],[18.54802,60.17231],[18.54851,60.17414],[18.54811,60.14387],[18.55014,60.1291],[18.55454,60.12141],[18.57342,60.0882],[18.57814,60.07392],[18.58432,60.07392],[18.58985,60.08885],[18.59083,60.1083],[18.58717,60.12751],[18.57814,60.14216],[18.59938,60.14826],[18.62574,60.15082],[18.65138,60.14826],[18.68572,60.1308],[18.72071,60.12604],[18.7352,60.11481],[18.74,60.09862],[18.73829,60.06411],[18.74513,60.04971],[18.78883,60.01756],[18.79664,60.00495],[18.7815,60.03083],[18.76254,60.05598],[18.7531,60.08218],[18.76588,60.11107],[18.80348,60.12165],[18.81691,60.11758],[18.82049,60.11367],[18.81764,60.09781],[18.81959,60.081],[18.82447,60.0683],[18.86817,59.99372],[18.90309,59.94721],[18.92213,59.93431],[18.96583,59.92683],[18.98878,59.91934],[19.00554,59.91181],[19.00953,59.90941],[19.01002,59.90693],[19.00896,59.89875],[19.00953,59.89631],[19.02442,59.88451],[19.03207,59.8815],[19.04363,59.88207],[19.04176,59.88687],[19.03883,59.89802],[19.03679,59.90253],[19.05454,59.9007],[19.07163,59.89631],[19.06821,59.8819],[19.06666,59.84195],[19.06788,59.83369],[19.03468,59.83503],[19.02125,59.84003],[18.94907,59.89997],[18.91676,59.92129],[18.886,59.92988],[18.89633,59.91706],[18.93067,59.88548],[18.93531,59.86848],[18.92408,59.85228],[18.86158,59.80305],[18.84344,59.79556],[18.82081,59.79267],[18.77703,59.79385],[18.75457,59.79116],[18.73862,59.78278],[18.7339,59.76878],[18.75196,59.76887],[18.78981,59.77904],[19.042,59.78498],[19.08522,59.7722],[19.07447,59.7497],[19.05779,59.73615],[19.03598,59.7285],[18.97527,59.71906],[18.9568,59.71922],[18.94125,59.72382],[18.93165,59.73139],[18.92091,59.74641],[18.91334,59.75178],[18.90138,59.73469],[18.87989,59.72158],[18.85548,59.71308],[18.78126,59.70156],[18.75782,59.69107],[18.75563,59.67666],[18.71998,59.67573],[18.71412,59.67324],[18.71258,59.66437],[18.70851,59.65746],[18.702,59.65257],[18.69361,59.64936],[18.74204,59.64936],[18.73561,59.64151],[18.72381,59.63227],[18.71046,59.62458],[18.70045,59.62141],[18.6902,59.62425],[18.68198,59.63007],[18.6727,59.6352],[18.66,59.63569],[18.6797,59.61677],[18.68653,59.60578],[18.67709,59.6009],[18.66432,59.59772],[18.63998,59.58364],[18.59734,59.57404],[18.5407,59.54584],[18.48406,59.53441],[18.45786,59.52196],[18.4131,59.49103],[18.37965,59.47639],[18.34498,59.47309],[18.26905,59.47744],[18.26905,59.47061],[18.30323,59.45698],[18.28932,59.45059],[18.26222,59.45246],[18.24855,59.4501],[18.26677,59.44477],[18.28273,59.43643],[18.27687,59.42255],[18.29314,59.41405],[18.31788,59.40974],[18.3379,59.40851],[18.3073,59.3968],[18.24757,59.39769],[18.18849,59.40742],[18.15919,59.42219],[18.17066,59.42609],[18.18287,59.42805],[18.19532,59.42715],[18.20704,59.42219],[18.20387,59.43061],[18.19947,59.45087],[18.19402,59.45698],[18.18141,59.4582],[18.15919,59.44701],[18.14552,59.44383],[18.13771,59.44603],[18.12623,59.45527],[18.11883,59.45698],[18.11329,59.45466],[18.10125,59.44579],[18.09498,59.44383],[18.08448,59.43895],[18.08448,59.4278],[18.09059,59.41592],[18.0984,59.40851],[18.06544,59.39716],[18.05397,59.39545],[18.04249,59.39737],[18.02068,59.40607],[18.00896,59.40851],[18.14617,59.34024],[18.11052,59.336],[18.09506,59.33841],[18.09514,59.32681],[18.17286,59.32656],[18.19663,59.33417],[18.20704,59.33267],[18.21437,59.31977],[18.22055,59.31977],[18.25473,59.36278],[18.31813,59.37592],[18.38966,59.36945],[18.44776,59.35391],[18.44215,59.35073],[18.43214,59.34333],[18.42677,59.34024],[18.4568,59.33535],[18.47006,59.3371],[18.48194,59.34772],[18.45493,59.38158],[18.44776,59.39545],[18.49562,59.39545],[18.45582,59.40965],[18.43751,59.41926],[18.42677,59.43643],[18.48463,59.43423],[18.51075,59.42817],[18.53663,59.41596],[18.53826,59.4125],[18.54217,59.39924],[18.54396,59.39545],[18.61232,59.37495],[18.60084,59.36249],[18.58367,59.36245],[18.56349,59.36689],[18.54396,59.36815],[18.56658,59.36131],[18.60108,59.35578],[18.63258,59.34691],[18.64649,59.33027],[18.63893,59.31509],[18.6198,59.30829],[18.56764,59.30671],[18.55161,59.30439],[18.53566,59.30012],[18.5193,59.29829],[18.50245,59.30296],[18.49,59.30785],[18.46119,59.31245],[18.44776,59.31293],[18.36443,59.30659],[18.3379,59.31293],[18.33985,59.31757],[18.34278,59.32949],[18.34474,59.33405],[18.32488,59.33442],[18.30738,59.33023],[18.29127,59.3227],[18.27589,59.31293],[18.28875,59.30829],[18.30014,59.30134],[18.30958,59.2934],[18.31691,59.28559],[18.31691,59.27875],[18.28305,59.279],[18.27296,59.27424],[18.27931,59.2617],[18.33766,59.24461],[18.36118,59.24079],[18.38819,59.23029],[18.41228,59.21503],[18.42677,59.19684],[18.3357,59.23591],[18.31373,59.23408],[18.31349,59.22211],[18.32944,59.21467],[18.3506,59.21092],[18.36524,59.20991],[18.37233,59.20352],[18.3777,59.19123],[18.38705,59.18309],[18.40626,59.1894],[18.40284,59.18549],[18.40065,59.1822],[18.39772,59.1791],[18.39259,59.17577],[18.39259,59.16889],[18.41896,59.17512],[18.4297,59.17463],[18.43409,59.16523],[18.43141,59.15351],[18.42416,59.14395],[18.41432,59.14004],[18.40309,59.14533],[18.38152,59.14777],[18.34376,59.14175],[18.30763,59.13129],[18.29021,59.12055],[18.30144,59.12222],[18.31137,59.121],[18.31935,59.11644],[18.32423,59.1081],[18.23048,59.0843],[18.20086,59.08076],[18.2142,59.08666],[18.24195,59.09545],[18.25538,59.10126],[18.24171,59.1081],[18.24838,59.11164],[18.25538,59.11433],[18.25538,59.12055],[18.23894,59.12149],[18.22364,59.11953],[18.20973,59.11408],[18.19744,59.10468],[18.18523,59.09931],[18.15187,59.09736],[18.13868,59.09382],[18.12989,59.08706],[18.10865,59.06306],[18.0962,59.05834],[18.04322,59.05972],[18.04518,59.05484],[18.04851,59.0432],[18.05055,59.03856],[18.02565,59.04536],[18.01368,59.04491],[18.0027,59.03856],[18.01857,59.02289],[18.00327,59.00601],[17.97739,58.98656],[17.96119,58.96345],[17.9629,58.95173],[17.9686,58.94408],[17.97055,58.93598],[17.96119,58.92251],[17.94825,58.91474],[17.93067,58.91006],[17.91277,58.90986],[17.89967,58.91572],[17.8943,58.90339],[17.89234,58.8898],[17.89283,58.86103],[17.87989,58.8675],[17.8694,58.87702],[17.86524,58.88882],[17.87184,58.90204],[17.86451,58.91498],[17.86118,58.91909],[17.85182,58.92479],[17.84441,58.92463],[17.83774,58.92255],[17.83082,58.92251],[17.81471,58.92821],[17.80519,58.93391],[17.78614,58.95356],[17.77361,58.96068],[17.77565,58.94721],[17.78736,58.92552],[17.80348,58.90827],[17.792,58.89086],[17.78631,58.88422],[17.77931,58.88154],[17.77442,58.88622],[17.7754,58.89692],[17.77914,58.90843],[17.78297,58.91572],[17.74928,58.92381],[17.74676,58.94261],[17.75196,58.96507],[17.74147,58.98395],[17.74147,58.9914],[17.75571,59.00633],[17.76075,59.03701],[17.76026,59.06721],[17.75856,59.08076],[17.75611,59.08519],[17.76905,59.10895],[17.76881,59.12055],[17.75815,59.12592],[17.74464,59.12275],[17.73276,59.11445],[17.72779,59.10468],[17.72633,59.07355],[17.7212,59.05899],[17.71046,59.0528],[17.70135,59.05728],[17.66578,59.08076],[17.66871,59.09545],[17.68881,59.11799],[17.69361,59.13142],[17.68995,59.14281],[17.68092,59.15339],[17.66969,59.1623],[17.65895,59.16889],[17.67311,59.13475],[17.66114,59.11961],[17.64747,59.10806],[17.63111,59.09955],[17.61109,59.09382],[17.62045,59.07258],[17.61622,59.05117],[17.61451,59.03213],[17.6316,59.01813],[17.62143,59.00239],[17.61427,58.9807],[17.60711,58.96597],[17.5975,58.97089],[17.58644,58.96499],[17.58627,58.96491],[17.58139,58.96113],[17.57691,58.95669],[17.58473,58.951],[17.59295,58.94684],[17.60174,58.94424],[17.61109,58.94302],[17.61109,58.93618],[17.60125,58.9278],[17.61378,58.92402],[17.62672,58.91779],[17.61793,58.90204],[17.59897,58.89411],[17.57814,58.89558],[17.55681,58.90034],[17.53598,58.90204],[17.54575,58.88963],[17.55942,58.88036],[17.59067,58.86725],[17.59067,58.86103],[17.56951,58.86103],[17.57651,58.85651],[17.58375,58.85358],[17.55567,58.85415],[17.48024,58.88614],[17.44728,58.89521],[17.44728,58.88837],[17.46502,58.8815],[17.46909,58.87043],[17.46022,58.83999],[17.45143,58.82339],[17.44996,58.81586],[17.4572,58.81265],[17.46437,58.81102],[17.48829,58.79963],[17.45973,58.79145],[17.33741,58.80646],[17.37159,58.779],[17.3768,58.76439],[17.35776,58.75117],[17.30519,58.75239],[17.27605,58.74885],[17.27605,58.7307],[17.16236,58.732],[17.13185,58.73753],[17.12078,58.74409],[17.10084,58.76138],[17.08692,58.76484],[17.07537,58.76268],[17.04615,58.75332],[17.02817,58.75117],[17.04176,58.74702],[17.07342,58.74478],[17.08351,58.73753],[17.08367,58.72871],[17.0774,58.72036],[17.0691,58.71381],[17.06251,58.71019],[17.08302,58.70287],[17.12534,58.7058],[17.14568,58.70279],[17.14568,58.6966],[17.12257,58.68329],[17.10792,58.66966],[17.09303,58.66083],[17.06983,58.66181],[17.01092,58.68183],[16.97495,58.68537],[16.95387,58.66926],[17.00164,58.66787],[17.01954,58.65986],[17.03582,58.6413],[17.01295,58.64142],[16.92416,58.62543],[16.57895,58.64735],[16.23373,58.66926],[16.23373,58.66181],[16.24643,58.65864],[16.25709,58.65176],[16.26149,58.64305],[16.25489,58.63451],[16.23992,58.63227],[16.19776,58.6374],[16.17921,58.63451],[16.17921,58.62832],[16.19174,58.6319],[16.20395,58.63398],[16.21412,58.63129],[16.22006,58.62084],[16.24024,58.62812],[16.28541,58.61591],[16.30616,58.62458],[16.32065,58.63618],[16.33399,58.63915],[16.34604,58.63581],[16.36752,58.62173],[16.37159,58.62055],[16.37208,58.61713],[16.37159,58.60375],[16.37648,58.59516],[16.38771,58.59162],[16.40024,58.59235],[16.40919,58.59663],[16.41603,58.60908],[16.4214,58.6249],[16.4284,58.63939],[16.43979,58.64814],[16.45387,58.64598],[16.50457,58.63093],[16.51783,58.62458],[16.63592,58.62678],[16.6574,58.6223],[16.67604,58.61058],[16.68971,58.60545],[16.73048,58.60228],[16.7483,58.59292],[16.74635,58.59785],[16.7435,58.60912],[16.74155,58.614],[16.77687,58.60765],[16.78932,58.60716],[16.77963,58.58869],[16.78598,58.57274],[16.80421,58.56208],[16.83033,58.55939],[16.82106,58.55353],[16.81666,58.55195],[16.81666,58.54637],[16.844,58.54637],[16.844,58.53889],[16.83416,58.52953],[16.84669,58.52436],[16.88494,58.51846],[16.9402,58.49112],[16.91619,58.48347],[16.8659,58.48306],[16.844,58.47748],[16.85288,58.46308],[16.83033,58.45209],[16.7964,58.44514],[16.77198,58.44269],[16.76547,58.44066],[16.75359,58.43146],[16.7483,58.42902],[16.74098,58.42963],[16.72755,58.43488],[16.72047,58.43651],[16.59791,58.44864],[16.53972,58.46817],[16.44142,58.48599],[16.41261,58.47748],[16.44825,58.4748],[16.65952,58.41478],[16.69256,58.41275],[16.70558,58.4077],[16.71485,58.39496],[16.71502,58.38573],[16.71144,58.37739],[16.70965,58.36913],[16.71485,58.36017],[16.7234,58.36074],[16.73894,58.36494],[16.75229,58.37006],[16.75457,58.37377],[16.76661,58.3686],[16.77125,58.3631],[16.77508,58.33967],[16.63168,58.35395],[16.64812,58.34325],[16.68474,58.32787],[16.69996,58.31916],[16.6963,58.30858],[16.6985,58.3017],[16.71079,58.29873],[16.72185,58.29987],[16.72706,58.30362],[16.72674,58.31],[16.72047,58.31916],[16.77931,58.32559],[16.79916,58.32364],[16.78932,58.30557],[16.78395,58.30414],[16.76734,58.30598],[16.7614,58.30557],[16.76051,58.30244],[16.76002,58.29633],[16.75864,58.28974],[16.75457,58.2851],[16.74301,58.28132],[16.7068,58.27827],[16.7068,58.27139],[16.7295,58.2685],[16.80299,58.2447],[16.7933,58.23884],[16.78932,58.23725],[16.80258,58.23102],[16.81373,58.2204],[16.8213,58.2071],[16.82407,58.19286],[16.82228,58.17963],[16.81707,58.17719],[16.80836,58.17988],[16.79615,58.18203],[16.78826,58.17927],[16.79151,58.17292],[16.80047,58.16608],[16.80983,58.1621],[16.77719,58.13052],[16.72145,58.14985],[16.66188,58.18553],[16.61744,58.20311],[16.63209,58.18574],[16.67189,58.16527],[16.68629,58.14789],[16.6797,58.14826],[16.66603,58.14741],[16.65952,58.14789],[16.68165,58.12824],[16.71608,58.10415],[16.73609,58.08478],[16.71485,58.07958],[16.71762,58.0668],[16.71225,58.05952],[16.70102,58.05695],[16.68629,58.05854],[16.70737,58.04987],[16.72486,58.04584],[16.74024,58.03978],[16.75457,58.02497],[16.74643,58.01659],[16.7378,58.01423],[16.72885,58.01728],[16.72047,58.02497],[16.69158,58.01484],[16.68678,58.00873],[16.69996,57.99771],[16.67905,58.00511],[16.65797,58.03535],[16.6447,58.03864],[16.6312,58.0279],[16.63722,58.01447],[16.65952,57.99022],[16.67164,57.99177],[16.68629,57.99022],[16.68686,57.98924],[16.6976,57.97065],[16.70639,57.9621],[16.71762,57.96662],[16.72779,57.97407],[16.73536,57.97191],[16.74,57.9621],[16.74155,57.94619],[16.74724,57.94042],[16.77394,57.92341],[16.78248,57.91511],[16.76539,57.91523],[16.72731,57.92878],[16.73618,57.91376],[16.76539,57.89883],[16.76881,57.88784],[16.75815,57.87702],[16.74106,57.87718],[16.7234,57.88349],[16.71079,57.89126],[16.69117,57.91621],[16.68287,57.91889],[16.67945,57.89838],[16.67075,57.89142],[16.65056,57.89086],[16.61061,57.89468],[16.61378,57.90351],[16.61378,57.9121],[16.61036,57.92056],[16.60377,57.92878],[16.615,57.92959],[16.62566,57.92837],[16.63559,57.92548],[16.6447,57.92133],[16.51531,57.99885],[16.50587,57.99824],[16.4983,57.99299],[16.49448,57.98404],[16.49724,57.9772],[16.50457,57.97016],[16.53207,57.95026],[16.5901,57.93561],[16.58481,57.9326],[16.57488,57.92438],[16.56959,57.92133],[16.57602,57.91128],[16.577,57.90192],[16.57252,57.89395],[16.56275,57.88784],[16.54412,57.89891],[16.52459,57.90632],[16.4808,57.91511],[16.49448,57.90209],[16.48707,57.89468],[16.48015,57.89826],[16.4603,57.90209],[16.4603,57.89468],[16.67547,57.76447],[16.7068,57.75064],[16.69996,57.74384],[16.68295,57.7473],[16.6351,57.76569],[16.6211,57.77424],[16.54184,57.83902],[16.41944,57.89468],[16.42758,57.8769],[16.43898,57.86538],[16.4734,57.84687],[16.53004,57.82526],[16.57325,57.79536],[16.5809,57.78693],[16.58676,57.77888],[16.59449,57.77289],[16.60719,57.77049],[16.61817,57.76659],[16.65268,57.74632],[16.66521,57.73701],[16.65211,57.72956],[16.67302,57.72972],[16.69077,57.72565],[16.70484,57.71678],[16.71485,57.70283],[16.69313,57.70283],[16.69313,57.69599],[16.7068,57.69599],[16.7068,57.68854],[16.63917,57.69233],[16.6089,57.69872],[16.577,57.70966],[16.58399,57.70038],[16.60255,57.68903],[16.61061,57.68236],[16.61997,57.66665],[16.61769,57.65827],[16.60483,57.65681],[16.58326,57.66193],[16.59181,57.65168],[16.60328,57.64912],[16.61508,57.64789],[16.62485,57.64142],[16.63054,57.6291],[16.62615,57.62458],[16.61655,57.62238],[16.60719,57.61717],[16.59783,57.6103],[16.57,57.59569],[16.56275,57.59296],[16.55714,57.59687],[16.55494,57.60619],[16.55494,57.61738],[16.55592,57.62714],[16.54762,57.62222],[16.53883,57.62067],[16.5298,57.62238],[16.52052,57.62714],[16.53053,57.61546],[16.53533,57.61148],[16.54225,57.60733],[16.52735,57.59545],[16.52052,57.59296],[16.52052,57.58613],[16.54225,57.57929],[16.54225,57.5725],[16.51498,57.5725],[16.51498,57.56631],[16.59246,57.56485],[16.62916,57.55687],[16.65756,57.51553],[16.68035,57.48965],[16.68898,57.47175],[16.65952,57.47626],[16.67221,57.45966],[16.66676,57.45527],[16.65219,57.45454],[16.63844,57.44896],[16.63331,57.43708],[16.63901,57.4267],[16.65301,57.41901],[16.67262,57.41547],[16.65602,57.40925],[16.63722,57.4062],[16.62574,57.39899],[16.63168,57.38076],[16.5726,57.38744],[16.54762,57.38251],[16.53484,57.36026],[16.56959,57.34658],[16.56023,57.33739],[16.54957,57.33316],[16.54737,57.3288],[16.56275,57.31928],[16.4852,57.29462],[16.46909,57.27538],[16.49448,57.24291],[16.46599,57.22801],[16.45818,57.20401],[16.46502,57.17731],[16.4808,57.15477],[16.50945,57.12735],[16.52052,57.12006],[16.53102,57.11693],[16.53728,57.11823],[16.54314,57.11799],[16.5525,57.11009],[16.56959,57.08649],[16.55445,57.08076],[16.56056,57.06928],[16.57447,57.0561],[16.58326,57.04491],[16.57049,57.04434],[16.53484,57.05174],[16.53338,57.05443],[16.535,57.05907],[16.53484,57.06346],[16.52768,57.06538],[16.52125,57.0644],[16.51783,57.06208],[16.51612,57.05976],[16.51498,57.05858],[16.51075,57.05598],[16.50856,57.05101],[16.50685,57.0456],[16.50441,57.04149],[16.50034,57.03974],[16.49684,57.04145],[16.49269,57.04389],[16.47633,57.04584],[16.4524,57.05142],[16.43979,57.05174],[16.44752,57.04438],[16.45533,57.0384],[16.46404,57.034],[16.4734,57.03124],[16.4734,57.02383],[16.45314,57.0235],[16.43979,57.01411],[16.43491,56.99787],[16.43979,56.97663],[16.44972,56.9645],[16.46144,56.95661],[16.46811,56.94929],[16.46339,56.93846],[16.43637,56.91112],[16.43629,56.90477],[16.43995,56.87783],[16.43979,56.86685],[16.43629,56.85688],[16.40895,56.80842],[16.40797,56.79914],[16.41603,56.78799],[16.42856,56.78295],[16.44077,56.78705],[16.4524,56.79413],[16.46339,56.79784],[16.4725,56.79438],[16.47446,56.78632],[16.47169,56.77741],[16.46656,56.77119],[16.45484,56.7683],[16.42758,56.77558],[16.41261,56.77741],[16.39682,56.77481],[16.37623,56.76569],[16.36109,56.76374],[16.35662,56.75845],[16.36305,56.74649],[16.37778,56.7259],[16.38063,56.69379],[16.37916,56.6756],[16.37159,56.66132],[16.35865,56.65445],[16.34156,56.65127],[16.32496,56.65217],[16.30112,56.66328],[16.28826,56.66132],[16.27565,56.65656],[16.2649,56.65388],[16.25522,56.65038],[16.24635,56.6424],[16.22364,56.6142],[16.22096,56.60871],[16.2212,56.60375],[16.22006,56.593],[16.21551,56.57172],[16.21323,56.54841],[16.20704,56.53852],[16.17872,56.53705],[16.17237,56.52729],[16.16603,56.508],[16.11769,56.45527],[16.09523,56.41938],[16.06625,56.33596],[16.03826,56.25507],[16.0315,56.24982],[16.02036,56.24641],[16.0145,56.23827],[16.01043,56.22826],[16.00441,56.21943],[15.9878,56.20775],[15.94899,56.18745],[15.93214,56.17471],[15.87436,56.10273],[15.85174,56.08637],[15.83513,56.08796],[15.81674,56.09785],[15.78875,56.10643],[15.8187,56.14004],[15.82651,56.15937],[15.80616,56.16791],[15.75668,56.15672],[15.73121,56.15721],[15.71363,56.17471],[15.70248,56.17023],[15.69679,56.17316],[15.69174,56.17862],[15.68238,56.18155],[15.67018,56.18354],[15.65577,56.19257],[15.6482,56.19457],[15.63152,56.18574],[15.61183,56.16926],[15.59213,56.16055],[15.57594,56.17471],[15.58286,56.18081],[15.5923,56.19245],[15.5962,56.20376],[15.58644,56.20889],[15.57276,56.20628],[15.53492,56.18838],[15.49293,56.17634],[15.48658,56.17133],[15.48487,56.15567],[15.47999,56.15184],[15.45981,56.16108],[15.45232,56.16596],[15.44402,56.17284],[15.43328,56.1789],[15.41822,56.18155],[15.40398,56.17975],[15.3934,56.17512],[15.37672,56.16108],[15.37037,56.15143],[15.37013,56.14492],[15.36557,56.1411],[15.32097,56.13963],[15.3073,56.14175],[15.29526,56.14741],[15.31471,56.15339],[15.3226,56.15363],[15.31674,56.16328],[15.29526,56.18838],[15.27377,56.17121],[15.23455,56.15721],[15.19239,56.1529],[15.16188,56.1645],[15.15431,56.16865],[15.14633,56.16694],[15.13868,56.16315],[15.13087,56.16108],[15.09303,56.16108],[15.08522,56.16462],[15.08172,56.18207],[15.07553,56.18838],[15.0687,56.18773],[15.04428,56.18228],[15.03468,56.18155],[15.03826,56.17544],[15.04526,56.15961],[15.049,56.15363],[14.98845,56.16918],[14.95338,56.17292],[14.92823,56.1645],[14.90602,56.1612],[14.87322,56.16474],[14.84816,56.16397],[14.84962,56.14741],[14.83025,56.14265],[14.81332,56.15009],[14.79575,56.16128],[14.77459,56.16791],[14.72495,56.16763],[14.70135,56.16136],[14.6858,56.14741],[14.68295,56.13906],[14.681,56.12743],[14.6823,56.11713],[14.68898,56.11262],[14.70338,56.10944],[14.7103,56.10187],[14.71453,56.09268],[14.71998,56.08466],[14.7483,56.06074],[14.75799,56.04849],[14.76775,56.03071],[14.75636,56.02741],[14.74383,56.02143],[14.73219,56.01411],[14.7234,56.00654],[14.71551,56.00235],[14.71046,56.00658],[14.70574,56.01704],[14.6858,56.01704],[14.67905,56.00926],[14.67302,56.00532],[14.66472,56.00654],[14.6574,56.00926],[14.64975,56.01032],[14.62184,56.01016],[14.6115,56.01114],[14.60971,56.01533],[14.62379,56.02448],[14.61524,56.03018],[14.60768,56.03701],[14.60304,56.04597],[14.60328,56.05805],[14.5822,56.04377],[14.5713,56.05085],[14.56674,56.05561],[14.5691,56.05805],[14.55665,56.05537],[14.53346,56.04584],[14.52442,56.04377],[14.49741,56.04047],[14.47885,56.03168],[14.44557,56.00275],[14.40773,55.97704],[14.38559,55.96625],[14.36647,55.96186],[14.34645,55.95331],[14.33334,55.93452],[14.32325,55.91572],[14.31153,55.90717],[14.27101,55.89448],[14.23471,55.8627],[14.20851,55.82128],[14.1985,55.77997],[14.19418,55.74189],[14.19581,55.72565],[14.2059,55.70856],[14.2225,55.69684],[14.26108,55.68016],[14.27369,55.66763],[14.27589,55.65681],[14.27508,55.64614],[14.27605,55.635],[14.28452,55.62295],[14.29477,55.61518],[14.31666,55.60236],[14.35816,55.56367],[14.36752,55.5454],[14.36305,55.52363],[14.34881,55.51057],[14.29469,55.47553],[14.27711,55.46841],[14.2649,55.46125],[14.219,55.41376],[14.19972,55.39899],[14.18116,55.39081],[14.15838,55.38719],[14.09409,55.3874],[14.06422,55.39077],[14.03541,55.39712],[13.95623,55.42683],[13.93002,55.43277],[13.89723,55.43488],[13.88233,55.43305],[13.85678,55.42438],[13.8423,55.42121],[13.82814,55.42133],[13.78028,55.42744],[13.64731,55.42121],[13.62957,55.41828],[13.61817,55.41096],[13.60865,55.4018],[13.59596,55.39326],[13.58082,55.38882],[13.53785,55.39326],[13.50343,55.38837],[13.4109,55.35228],[13.38136,55.34601],[13.31251,55.34268],[13.28053,55.34545],[13.11549,55.38028],[13.06153,55.38125],[13.04176,55.38544],[13.03077,55.38642],[13.02491,55.38825],[13.00864,55.39692],[13.00001,55.40009],[12.97918,55.40327],[12.95834,55.40009],[12.94728,55.39623],[12.93263,55.38801],[12.92091,55.38642],[12.91041,55.38752],[12.89715,55.39216],[12.88673,55.39326],[12.8672,55.38886],[12.84742,55.38203],[12.83277,55.38255],[12.82879,55.40009],[12.85939,55.43488],[12.86622,55.435],[12.87184,55.43439],[12.87794,55.43138],[12.88673,55.4243],[12.90463,55.41795],[12.9297,55.41877],[12.95289,55.42499],[12.96583,55.43488],[12.95997,55.4479],[12.96323,55.45425],[12.97291,55.45417],[12.98569,55.4479],[12.97584,55.47504],[12.92848,55.52001],[12.91749,55.54719],[12.92937,55.57892],[12.95834,55.59813],[13.02735,55.62665],[13.03834,55.6352],[13.04949,55.64712],[13.05795,55.66071],[13.06137,55.67447],[13.05486,55.69404],[13.04054,55.70539],[13.02638,55.71239],[13.01149,55.72842],[12.99293,55.72578],[12.97438,55.72647],[12.96583,55.74616],[12.94117,55.74535],[12.92262,55.74946],[12.91131,55.76386],[12.92384,55.76529],[12.9319,55.76948],[12.93653,55.77741],[12.93865,55.79047],[12.92604,55.83405],[12.89129,55.85358],[12.85076,55.86567],[12.8213,55.8867],[12.8108,55.90225],[12.80836,55.91014],[12.80763,55.92463],[12.80494,55.92927],[12.79851,55.9348],[12.79054,55.9394],[12.7837,55.94135],[12.77076,55.94843],[12.76466,55.96479],[12.76002,55.98322],[12.75229,55.99657],[12.73487,56.00617],[12.71949,56.01215],[12.70875,56.02131],[12.7046,56.04068],[12.69801,56.0515],[12.60955,56.11652],[12.60222,56.1232],[12.56463,56.1717],[12.55372,56.18155],[12.54461,56.2132],[12.54078,56.22248],[12.51645,56.25218],[12.50457,56.27534],[12.46485,56.29169],[12.45143,56.30443],[12.64625,56.25727],[12.65366,56.25397],[12.66619,56.23945],[12.67384,56.23615],[12.68165,56.23404],[12.69663,56.2246],[12.70484,56.22248],[12.71339,56.22358],[12.72739,56.22822],[12.73561,56.22932],[12.7776,56.22651],[12.79689,56.22809],[12.81446,56.23615],[12.8274,56.24995],[12.83351,56.26569],[12.82944,56.27855],[12.78346,56.2934],[12.76295,56.31538],[12.73178,56.35969],[12.64381,56.39606],[12.62159,56.41934],[12.65691,56.45527],[12.71372,56.46735],[12.83326,56.44257],[12.89015,56.45527],[12.90447,56.46703],[12.92042,56.4853],[12.93336,56.50654],[12.93865,56.52729],[12.93442,56.54706],[12.90382,56.593],[12.88608,56.63715],[12.87176,56.64948],[12.84205,56.65388],[12.81804,56.65253],[12.77817,56.64423],[12.76238,56.6433],[12.74684,56.64423],[12.73178,56.64704],[12.67986,56.67959],[12.67042,56.69208],[12.66432,56.7143],[12.64926,56.72517],[12.63136,56.73404],[12.61573,56.75007],[12.59474,56.78799],[12.60035,56.80988],[12.59832,56.82099],[12.53386,56.84634],[12.52955,56.84968],[12.52882,56.85358],[12.52882,56.85733],[12.52703,56.85993],[12.52052,56.86201],[12.50424,56.86473],[12.4992,56.86685],[12.47999,56.88638],[12.46957,56.89204],[12.43735,56.89619],[12.41188,56.90559],[12.37501,56.91205],[12.35646,56.92381],[12.34523,56.94135],[12.34213,56.96296],[12.34425,56.96792],[12.35304,56.97675],[12.35515,56.97972],[12.35426,56.98566],[12.34986,56.99543],[12.34889,57.00056],[12.34685,57.00629],[12.34099,57.01406],[12.33326,57.0209],[12.30177,57.02924],[12.27125,57.04287],[12.24741,57.06074],[12.24529,57.07905],[12.23797,57.08137],[12.2186,57.09272],[12.23764,57.10806],[12.23341,57.12149],[12.20436,57.14794],[12.20102,57.15571],[12.19793,57.17577],[12.19744,57.18488],[12.19142,57.18529],[12.16098,57.18415],[12.1491,57.1883],[12.18051,57.20417],[12.19125,57.21259],[12.18067,57.21625],[12.15773,57.21686],[12.13836,57.21967],[12.12037,57.2259],[12.10133,57.23672],[12.12924,57.23672],[12.14291,57.23871],[12.1565,57.24291],[12.14243,57.24795],[12.12729,57.25007],[12.09506,57.25039],[12.09506,57.25715],[12.10548,57.26301],[12.11232,57.26976],[12.11988,57.27534],[12.14259,57.27997],[12.14723,57.28547],[12.14723,57.29222],[12.14283,57.29816],[12.14405,57.31013],[12.13697,57.31953],[12.12574,57.32681],[12.115,57.33234],[12.11248,57.33519],[12.10939,57.34003],[12.10499,57.34455],[12.09816,57.34658],[12.08985,57.34516],[12.0739,57.33983],[12.06715,57.33979],[12.04982,57.35114],[12.06373,57.36359],[12.08985,57.37788],[12.10873,57.39435],[12.06031,57.39435],[12.08269,57.40229],[12.09205,57.41136],[12.08985,57.42304],[12.05926,57.45881],[12.05348,57.46263],[12.04363,57.46182],[12.03663,57.45698],[12.03012,57.45156],[12.02272,57.44896],[12.0066,57.43415],[11.99293,57.36603],[11.97901,57.34658],[11.97218,57.36408],[11.94996,57.36083],[11.9336,57.36083],[11.94483,57.3876],[11.9336,57.38691],[11.9227,57.3874],[11.91261,57.38972],[11.90333,57.39435],[11.91521,57.40339],[11.91375,57.41665],[11.90699,57.43244],[11.90333,57.44896],[11.90707,57.46528],[11.91635,57.47626],[11.9297,57.48383],[11.94483,57.48994],[11.92774,57.49795],[11.91017,57.50361],[11.91676,57.50471],[11.93116,57.51105],[11.91017,57.52147],[11.90333,57.52412],[11.91765,57.53954],[11.91147,57.59528],[11.91684,57.62092],[11.91285,57.62295],[11.90187,57.62637],[11.89715,57.62714],[11.89186,57.61298],[11.87965,57.60619],[11.86736,57.60741],[11.86158,57.61717],[11.85808,57.63264],[11.84962,57.64326],[11.84059,57.652],[11.83497,57.66193],[11.84457,57.68301],[11.90952,57.68684],[11.92368,57.70283],[11.90211,57.69623],[11.87436,57.69326],[11.84588,57.6933],[11.8213,57.69599],[11.77052,57.71223],[11.74773,57.71361],[11.7518,57.69599],[11.73805,57.69326],[11.71974,57.69351],[11.70541,57.69843],[11.70395,57.70966],[11.70631,57.72199],[11.80152,57.77424],[11.81039,57.7814],[11.80787,57.78807],[11.7894,57.79027],[11.76686,57.7888],[11.7518,57.78482],[11.72731,57.80305],[11.70786,57.82315],[11.68678,57.83763],[11.65626,57.83942],[11.6784,57.85375],[11.69077,57.85859],[11.70395,57.8605],[11.69361,57.88117],[11.70729,57.89142],[11.75929,57.90209],[11.75929,57.90827],[11.74562,57.90827],[11.74562,57.91511],[11.75538,57.91714],[11.75945,57.91901],[11.76612,57.92878],[11.73658,57.93867],[11.74366,57.95572],[11.78728,57.99771],[11.80014,58.02228],[11.80291,58.03657],[11.79713,58.0489],[11.78777,58.05899],[11.78297,58.06916],[11.78631,58.0786],[11.80095,58.08641],[11.7977,58.09028],[11.79615,58.09333],[11.79347,58.10008],[11.81813,58.10318],[11.82846,58.12124],[11.83741,58.18716],[11.84132,58.19379],[11.85206,58.19628],[11.86541,58.19672],[11.87574,58.19916],[11.8838,58.20527],[11.88966,58.21678],[11.87371,58.2154],[11.86061,58.21841],[11.85182,58.22663],[11.84457,58.25336],[11.83481,58.2617],[11.82342,58.26899],[11.81381,58.27827],[11.80893,58.30219],[11.82594,58.31656],[11.88282,58.33283],[11.87037,58.34536],[11.84946,58.34268],[11.80698,58.32661],[11.7518,58.32978],[11.72674,58.32709],[11.72576,58.31297],[11.71144,58.30756],[11.67897,58.30744],[11.62867,58.28148],[11.61891,58.27827],[11.6128,58.27436],[11.59099,58.25633],[11.58107,58.25092],[11.56707,58.24921],[11.55201,58.25031],[11.53777,58.25349],[11.52589,58.25776],[11.53045,58.25275],[11.53956,58.23725],[11.50587,58.24307],[11.49659,58.25837],[11.50367,58.28022],[11.51905,58.30557],[11.54176,58.33356],[11.56739,58.35505],[11.62208,58.38813],[11.60776,58.39496],[11.62176,58.40599],[11.63697,58.41356],[11.66993,58.42219],[11.6526,58.4374],[11.62892,58.43134],[11.60532,58.41547],[11.58863,58.40111],[11.57838,58.41413],[11.55926,58.44831],[11.55323,58.4632],[11.54705,58.4632],[11.55348,58.43399],[11.55177,58.39936],[11.54168,58.36494],[11.52247,58.33625],[11.49497,58.31249],[11.46599,58.29413],[11.39617,58.26459],[11.40512,58.2792],[11.41619,58.29035],[11.42897,58.29898],[11.44337,58.30557],[11.44337,58.31297],[11.42807,58.31184],[11.39918,58.30296],[11.38933,58.30557],[11.3838,58.31818],[11.3895,58.32909],[11.40105,58.33682],[11.41326,58.33967],[11.44858,58.34174],[11.44125,58.34907],[11.42286,58.36384],[11.42408,58.38813],[11.40699,58.38736],[11.39772,58.37885],[11.39112,58.36644],[11.3825,58.35395],[11.37062,58.34748],[11.35532,58.3439],[11.34588,58.34601],[11.35141,58.35708],[11.38592,58.39802],[11.40724,58.41836],[11.4157,58.4289],[11.42408,58.44269],[11.41521,58.43195],[11.37241,58.39989],[11.35597,58.39273],[11.3484,58.38813],[11.34506,58.38386],[11.33766,58.37189],[11.33416,58.36762],[11.30681,58.36005],[11.27914,58.36616],[11.25359,58.36591],[11.2317,58.33967],[11.22088,58.34626],[11.21957,58.35273],[11.22267,58.36042],[11.22486,58.37067],[11.22169,58.37958],[11.20436,58.40111],[11.20899,58.41893],[11.2234,58.42487],[11.25904,58.42219],[11.25148,58.44233],[11.26124,58.45222],[11.27858,58.45905],[11.29371,58.47004],[11.25766,58.48216],[11.25221,58.48737],[11.25001,58.49323],[11.24073,58.50218],[11.23854,58.50788],[11.24073,58.51252],[11.24537,58.5163],[11.25001,58.5185],[11.25221,58.51846],[11.25294,58.54824],[11.25563,58.55573],[11.26498,58.56289],[11.27329,58.56623],[11.28053,58.5703],[11.28631,58.5799],[11.2658,58.5799],[11.26979,58.59223],[11.26482,58.59675],[11.25701,58.59968],[11.25221,58.60716],[11.25278,58.61603],[11.25904,58.6258],[11.25904,58.63451],[11.24985,58.64891],[11.21062,58.67919],[11.21412,58.69892],[11.21803,58.70795],[11.21241,58.71035],[11.18686,58.71019],[11.17742,58.71857],[11.17856,58.73648],[11.18979,58.753],[11.21062,58.75739],[11.20688,58.77094],[11.21266,58.77945],[11.22267,58.78754],[11.2317,58.79963],[11.23341,58.80817],[11.2317,58.8437],[11.22633,58.84894],[11.21461,58.85126],[11.20289,58.85493],[11.1976,58.86416],[11.1976,58.88788],[11.19557,58.89838],[11.19011,58.90827],[11.19321,58.91218],[11.195,58.91523],[11.1976,58.92251],[11.14674,58.93122],[11.11988,58.94086],[11.10816,58.95356],[11.11744,58.96882],[11.13893,58.97834],[11.18385,58.9914],[11.14177,58.98957],[11.12281,58.99409],[11.115,59.00821],[11.1194,59.02082],[11.12941,59.0312],[11.19361,59.08015],[11.22006,59.09016],[11.32097,59.09951],[11.35467,59.09162],[11.36891,59.06306],[11.37623,59.04169],[11.39381,59.01944],[11.41407,59.00113],[11.4297,58.9914],[11.43751,58.9914],[11.43751,58.99173],[11.43775,58.99824],[11.40358,59.03856],[11.39959,59.04767],[11.39381,59.07001],[11.38933,59.08076],[11.37045,59.10065],[11.34457,59.1114],[11.31381,59.11518],[11.21656,59.11042],[11.18238,59.11603],[11.17018,59.13475],[11.17465,59.14094],[11.18312,59.14289],[11.20094,59.14224],[11.20672,59.1457],[11.20167,59.15253],[11.19361,59.15754],[11.19011,59.15522],[11.18312,59.16006],[11.17856,59.16498],[11.17644,59.17231],[11.17799,59.18073],[11.18051,59.18427],[11.181,59.18806],[11.17644,59.19684],[11.16668,59.19212],[11.13551,59.18317],[11.15016,59.1752],[11.15309,59.16254],[11.14731,59.14997],[11.13551,59.14224],[11.11883,59.14228],[11.10711,59.1507],[11.08774,59.17577],[11.09734,59.1485],[11.09913,59.13418],[11.09108,59.128],[11.03248,59.128],[11.03981,59.14374],[11.0267,59.15184],[11.00782,59.15913],[10.9983,59.17231],[10.98943,59.17569],[10.9485,59.18334],[10.93621,59.18317],[10.94483,59.16486],[10.94402,59.14932],[10.93409,59.14037],[10.91635,59.14224],[10.90789,59.14985],[10.90065,59.16401],[10.89772,59.18089],[10.90211,59.19684],[10.88282,59.18769],[10.87257,59.18448],[10.8615,59.18317],[10.85027,59.18037],[10.8484,59.17381],[10.84799,59.16657],[10.84116,59.16144],[10.82293,59.16397],[10.80201,59.18879],[10.77914,59.1894],[10.78419,59.20628],[10.76637,59.23176],[10.77296,59.2521],[10.76189,59.24494],[10.74936,59.22394],[10.73813,59.2167],[10.73316,59.24091],[10.74366,59.26801],[10.76157,59.29352],[10.77914,59.31293],[10.76344,59.31533],[10.7527,59.3227],[10.74415,59.33047],[10.73471,59.33405],[10.72446,59.32978],[10.70899,59.31098],[10.70069,59.30671],[10.67408,59.31574],[10.66538,59.33641],[10.65984,59.35936],[10.64275,59.37495],[10.6561,59.38972],[10.65968,59.40021],[10.65301,59.40819],[10.63526,59.41596],[10.59596,59.42373],[10.59164,59.43065],[10.60108,59.4501],[10.62745,59.47883],[10.64454,59.49315],[10.65642,59.49787],[10.66293,59.48871],[10.66114,59.47329],[10.64894,59.44383],[10.66245,59.43789],[10.67514,59.44086],[10.68507,59.45026],[10.69044,59.46312],[10.69028,59.48066],[10.68344,59.48933],[10.67351,59.49527],[10.6631,59.50471],[10.65113,59.52643],[10.64552,59.54947],[10.64682,59.57258],[10.65642,59.59467],[10.63901,59.61579],[10.62599,59.63727],[10.61769,59.66307],[10.61459,59.69717],[10.5975,59.68456],[10.57545,59.69961],[10.56023,59.72622],[10.56324,59.74836],[10.57716,59.76642],[10.60174,59.81391],[10.61459,59.83369],[10.65553,59.85668],[10.68035,59.82734],[10.69809,59.77717],[10.71778,59.7381],[10.7282,59.77635],[10.74733,59.81436],[10.75847,59.85017],[10.74513,59.88207],[10.75261,59.8889],[10.74,59.89517],[10.71111,59.9007],[10.68873,59.91177],[10.68084,59.90497],[10.67433,59.89444],[10.66627,59.8889],[10.62143,59.89631],[10.61557,59.8946],[10.60288,59.88532],[10.59425,59.88207],[10.55323,59.8841],[10.52947,59.88231],[10.50815,59.87153],[10.47543,59.85004],[10.47381,59.84138],[10.49871,59.83369],[10.48862,59.81631],[10.48666,59.80317],[10.48455,59.78864],[10.48569,59.75788],[10.49122,59.73127],[10.50221,59.70873],[10.51889,59.68903],[10.53981,59.67503],[10.56324,59.66983],[10.58269,59.66205],[10.59913,59.64399],[10.61052,59.62336],[10.61459,59.60773],[10.59311,59.57038],[10.54274,59.53555],[10.48373,59.51447],[10.4367,59.51838],[10.42359,59.53384],[10.42237,59.55402],[10.42921,59.59785],[10.42742,59.60737],[10.41554,59.64191],[10.41147,59.6623],[10.4087,59.67121],[10.40301,59.68285],[10.39763,59.68806],[10.37452,59.70429],[10.3711,59.70673],[10.36052,59.711],[10.35377,59.71068],[10.35247,59.71064],[10.34734,59.71039],[10.33229,59.71149],[10.29664,59.732],[10.26686,59.73973],[10.23894,59.73876],[10.22438,59.72382],[10.23805,59.71898],[10.25709,59.70108],[10.26889,59.69717],[10.28443,59.69571],[10.29721,59.6918],[10.36004,59.67276],[10.37924,59.65835],[10.39088,59.63817],[10.39487,59.61115],[10.39422,59.58637],[10.39015,59.55829],[10.38103,59.53535],[10.36427,59.52582],[10.33277,59.53262],[10.26938,59.55903],[10.23732,59.55996],[10.24781,59.54316],[10.26791,59.52505],[10.29103,59.51057],[10.31031,59.50471],[10.33131,59.49506],[10.3694,59.45527],[10.45899,59.44086],[10.47755,59.42963],[10.48032,59.4121],[10.47218,59.39387],[10.44679,59.36473],[10.44451,59.34894],[10.46168,59.33576],[10.49871,59.31977],[10.51417,59.30292],[10.50473,59.2934],[10.48707,59.28413],[10.47755,59.26822],[10.46957,59.24779],[10.45118,59.24897],[10.41619,59.26508],[10.37159,59.27375],[10.36085,59.27131],[10.35914,59.26508],[10.36109,59.24518],[10.36085,59.23786],[10.36476,59.22598],[10.36199,59.21955],[10.33473,59.21479],[10.33025,59.20966],[10.32838,59.20222],[10.31715,59.17959],[10.31316,59.15937],[10.31178,59.13972],[10.31373,59.128],[10.28981,59.13459],[10.28696,59.11489],[10.29591,59.0847],[10.3069,59.05972],[10.29265,59.07014],[10.28663,59.0843],[10.28199,59.09968],[10.27215,59.11433],[10.26808,59.09467],[10.26954,59.0478],[10.26246,59.03856],[10.2601,59.04999],[10.23113,59.11433],[10.22438,59.11433],[10.22267,59.1009],[10.21274,59.07811],[10.21127,59.06656],[10.21656,59.05891],[10.22592,59.05024],[10.23219,59.04035],[10.22779,59.02896],[10.20704,59.01642],[10.17498,59.00532],[10.1408,58.99995],[10.11451,59.00507],[10.12566,59.01455],[10.16188,59.02753],[10.16969,59.03547],[10.16342,59.05231],[10.14877,59.05158],[10.11793,59.03856],[10.10377,59.03539],[10.07651,59.02131],[10.05942,59.01813],[10.05372,59.02285],[10.03346,59.03107],[10.01677,59.03368],[10.03338,58.99348],[10.01482,58.97313],[9.98365,58.96088],[9.95737,58.95669],[9.8462,58.95563],[9.81219,58.96345],[9.83888,58.97187],[9.84523,58.98933],[9.83676,59.00934],[9.81959,59.02558],[9.78175,59.05117],[9.76596,59.05239],[9.75815,59.03238],[9.74887,59.03791],[9.72397,59.05972],[9.71892,59.06151],[9.71209,59.06232],[9.70607,59.06428],[9.70346,59.06997],[9.70411,59.0843],[9.70346,59.08698],[9.68849,59.09077],[9.68539,59.08006],[9.68629,59.06265],[9.68312,59.04605],[9.66863,59.05146],[9.66098,59.0563],[9.64894,59.07331],[9.64527,59.08369],[9.64487,59.0939],[9.64137,59.10244],[9.62843,59.1081],[9.64047,59.11758],[9.63982,59.12726],[9.63063,59.13142],[9.60092,59.11567],[9.53907,59.12055],[9.55909,59.10236],[9.62135,59.07526],[9.63461,59.04947],[9.65414,59.0373],[9.69435,59.02949],[9.72682,59.0152],[9.72397,58.98395],[9.71778,58.98395],[9.71485,58.98859],[9.70867,58.99339],[9.70346,58.99824],[9.69565,58.98737],[9.68474,58.98347],[9.65577,58.98395],[9.65577,58.97712],[9.66749,58.97614],[9.6775,58.9726],[9.68507,58.96625],[9.68979,58.95669],[9.66334,58.95881],[9.59425,58.94302],[9.59425,58.93618],[9.59832,58.93456],[9.60792,58.9287],[9.57594,58.92145],[9.47006,58.9287],[9.50864,58.91083],[9.52394,58.90005],[9.51149,58.89521],[9.47153,58.90082],[9.4559,58.89769],[9.45037,58.88154],[9.42807,58.89313],[9.39942,58.8985],[9.37379,58.89541],[9.3602,58.88154],[9.38152,58.88768],[9.39422,58.88988],[9.40203,58.88837],[9.40366,58.88093],[9.39894,58.87421],[9.39129,58.86921],[9.38453,58.86725],[9.33953,58.86262],[9.31853,58.86603],[9.29884,58.88154],[9.2942,58.86835],[9.27084,58.83316],[9.28273,58.83308],[9.30299,58.82722],[9.31251,58.82632],[9.32309,58.8286],[9.35418,58.83999],[9.37965,58.84418],[9.40317,58.84406],[9.42612,58.84016],[9.45037,58.83316],[9.43621,58.8203],[9.38795,58.80337],[9.36704,58.79218],[9.36704,58.79218],[9.36704,58.79218],[9.38844,58.79438],[9.4087,58.79963],[9.4087,58.79218],[9.39234,58.78734],[9.37094,58.77802],[9.35141,58.76553],[9.34051,58.75117],[9.30649,58.73871],[9.24928,58.73359],[9.08009,58.74437],[9.07097,58.7412],[9.06235,58.73412],[9.05844,58.72704],[9.063,58.72382],[9.14357,58.70978],[9.16912,58.71646],[9.11427,58.73111],[9.10084,58.73753],[9.21469,58.72163],[9.21632,58.70279],[9.1867,58.6916],[9.09506,58.69025],[9.05934,58.68293],[9.08912,58.68325],[9.15602,58.68854],[9.18287,58.68635],[9.20053,58.67235],[9.1902,58.66486],[9.15222,58.64327],[9.08918,58.61442],[9.03384,58.59475],[8.99098,58.60033],[8.98561,58.59724],[8.98178,58.59252],[8.97771,58.58845],[8.9712,58.58674],[8.96388,58.58869],[8.95509,58.5974],[8.94947,58.60033],[8.9253,58.607],[8.91334,58.60688],[8.91871,58.59663],[8.9406,58.58666],[8.9489,58.57966],[8.9463,58.56932],[8.95009,58.54718],[8.94388,58.52599],[8.92808,58.51349],[8.90942,58.50089],[8.84729,58.46739],[8.82352,58.45282],[8.79426,58.44038],[8.77745,58.43409],[8.7541,58.42759],[8.74018,58.41564],[8.7328,58.4039],[8.71452,58.3918],[8.7073,58.37891],[8.68279,58.37079],[8.66871,58.36791],[8.65284,58.3664],[8.64161,58.36392],[8.63404,58.35692],[8.62745,58.34764],[8.6194,58.33869],[8.60727,58.33283],[8.59498,58.33145],[8.58839,58.33417],[8.58774,58.34154],[8.57936,58.34748],[8.54526,58.31297],[8.51344,58.29336],[8.50636,58.28311],[8.51808,58.27139],[8.50123,58.25723],[8.47926,58.25926],[8.45582,58.26406],[8.43539,58.25776],[8.42351,58.27021],[8.40935,58.27204],[8.40056,58.26581],[8.4048,58.25434],[8.40626,58.24421],[8.38893,58.24189],[8.35353,58.2447],[8.34498,58.2414],[8.31723,58.22582],[8.30885,58.21988],[8.29526,58.21271],[8.25929,58.20751],[8.24366,58.20311],[8.25131,58.20246],[8.2649,58.19892],[8.27174,58.19628],[8.25758,58.17866],[8.24887,58.17133],[8.22722,58.16315],[8.22462,58.15693],[8.2225,58.15168],[8.22242,58.14012],[8.22316,58.13483],[8.20191,58.12299],[8.18629,58.13288],[8.1727,58.14614],[8.15797,58.14448],[8.13673,58.11498],[8.12289,58.10204],[8.10987,58.10346],[8.09848,58.10838],[8.06577,58.11034],[8.0525,58.11319],[8.04705,58.11689],[8.03549,58.13011],[8.02459,58.14106],[8.05348,58.14818],[8.06756,58.15363],[8.07984,58.1621],[8.06007,58.17739],[8.04575,58.20401],[8.02955,58.22484],[8.00408,58.22305],[8.02215,58.20283],[8.0276,58.18317],[8.02231,58.16376],[8.0075,58.14448],[7.95362,58.1247],[7.93409,58.10944],[7.95631,58.09325],[7.91578,58.08185],[7.75522,58.07001],[7.71518,58.06061],[7.69597,58.05854],[7.66391,58.06729],[7.65358,58.06464],[7.6609,58.04548],[7.64275,58.04584],[7.63461,58.0478],[7.62672,58.05231],[7.62924,58.03124],[7.61476,58.02212],[7.59409,58.02635],[7.57887,58.04548],[7.57488,58.03205],[7.57521,58.02607],[7.57887,58.01752],[7.39064,58.01752],[7.26759,58.03596],[7.25343,58.04365],[7.24985,58.05854],[7.19044,58.04198],[7.17498,58.0312],[7.16635,58.04609],[7.15553,58.05028],[7.08277,58.03685],[7.07879,58.03266],[7.07895,58.02806],[7.07862,58.02497],[7.07691,58.01968],[7.07748,58.01264],[7.07602,58.00654],[7.06837,58.00389],[7.06031,58.00324],[7.02312,57.99482],[7.0066,57.99315],[6.99724,57.99714],[7.00359,58.01138],[6.99936,58.03071],[7.02247,58.04336],[7.05388,58.05264],[7.07521,58.06224],[7.08774,58.07062],[7.09742,58.06843],[7.10621,58.06208],[7.11622,58.05854],[7.12452,58.06338],[7.14031,58.08625],[7.14747,58.09325],[7.14747,58.10008],[7.12761,58.09756],[7.06471,58.07811],[7.05144,58.06904],[7.03492,58.06232],[6.95875,58.04511],[6.93531,58.04548],[6.95248,58.05809],[6.9795,58.08893],[6.9961,58.10008],[6.98032,58.10537],[6.92368,58.06525],[6.90056,58.05231],[6.9074,58.06415],[6.91212,58.07502],[6.91285,58.08641],[6.90797,58.10008],[6.89584,58.09589],[6.87908,58.08373],[6.86638,58.07958],[6.85133,58.08006],[6.8322,58.0843],[6.81446,58.09125],[6.80421,58.10008],[6.84816,58.11518],[6.87078,58.11921],[6.94996,58.12092],[6.97478,58.12678],[6.98927,58.14106],[6.95899,58.14008],[6.90414,58.13105],[6.87379,58.13483],[6.84897,58.14753],[6.80152,58.17935],[6.7776,58.18203],[6.81284,58.12824],[6.80795,58.12055],[6.75733,58.11636],[6.73146,58.11986],[6.71559,58.13483],[6.72731,58.14521],[6.72731,58.15754],[6.72332,58.17227],[6.72242,58.18944],[6.69947,58.13646],[6.68824,58.12055],[6.70338,58.12043],[6.71062,58.11546],[6.71534,58.1079],[6.72242,58.10008],[6.73316,58.09414],[6.75359,58.08657],[6.77426,58.07396],[6.78321,58.06981],[6.78256,58.06533],[6.76393,58.05854],[6.75408,58.05809],[6.73365,58.06428],[6.72267,58.06599],[6.6185,58.0683],[6.59588,58.07587],[6.542,58.10765],[6.53053,58.12055],[6.5503,58.12287],[6.56813,58.13178],[6.5809,58.14631],[6.58579,58.16527],[6.59702,58.1765],[6.65301,58.17792],[6.67457,58.18203],[6.66033,58.18814],[6.65406,58.18944],[6.67514,58.20698],[6.72527,58.22163],[6.76588,58.24628],[6.84596,58.27139],[6.82846,58.27473],[6.80299,58.27045],[6.75685,58.25434],[6.6985,58.22455],[6.68141,58.22305],[6.66871,58.23151],[6.63933,58.26411],[6.63364,58.27485],[6.64015,58.29377],[6.65626,58.3028],[6.67644,58.30219],[6.69508,58.2919],[6.70875,58.31297],[6.68727,58.32734],[6.66407,58.32372],[6.64088,58.31635],[6.61997,58.31916],[6.6198,58.26463],[6.62623,58.2447],[6.56235,58.24311],[6.49928,58.26288],[6.40063,58.27223],[6.34752,58.28585],[6.29176,58.30866],[6.28077,58.31297],[6.26596,58.31428],[6.24822,58.31782],[6.23121,58.32315],[6.219,58.32978],[6.20338,58.33552],[6.14031,58.33967],[6.08497,58.36017],[6.0617,58.3747],[6.05063,58.37946],[6.02117,58.38215],[6.0101,58.38491],[6.00148,58.39012],[5.9839,58.4064],[5.97804,58.4145],[5.9734,58.42402],[5.96892,58.43651],[5.96697,58.44839],[5.96705,58.45869],[5.96437,58.46817],[5.9546,58.47748],[5.92848,58.48359],[5.83732,58.48132],[5.79665,58.48925],[5.77839,58.5209],[5.74195,58.527],[5.70417,58.52077],[5.64625,58.54865],[5.65235,58.56273],[5.6146,58.59323],[5.57154,58.62832],[5.54794,58.66696],[5.52638,58.69429],[5.51816,58.71422],[5.50692,58.7299],[5.47795,58.75475],[5.49521,58.76596],[5.52672,58.78411],[5.53536,58.7989],[5.53967,58.81548],[5.53966,58.83385],[5.53688,58.85358],[5.53053,58.86872],[5.53924,58.87499],[5.55372,58.87763],[5.56414,58.88154],[5.57252,58.89403],[5.57065,58.90005],[5.56219,58.90526],[5.55055,58.91572],[5.54933,58.92084],[5.54322,58.93476],[5.53566,58.94599],[5.53712,58.95612],[5.5464,58.95474],[5.55698,58.94733],[5.56788,58.94302],[5.59767,58.91559],[5.61736,58.90729],[5.62623,58.9256],[5.61638,58.93561],[5.5936,58.94994],[5.55055,58.97089],[5.56039,58.97797],[5.57065,58.98208],[5.58107,58.98225],[5.59156,58.97712],[5.57887,58.98908],[5.54103,58.98456],[5.5232,58.9914],[5.53566,58.9986],[5.54249,59.00959],[5.55055,59.03856],[5.71559,58.97712],[5.70631,58.95222],[5.70102,58.91913],[5.70297,58.8876],[5.71559,58.86725],[5.73552,58.9287],[5.75408,58.93391],[5.80079,58.93183],[5.81813,58.93618],[5.81951,58.94221],[5.81739,58.95978],[5.82179,58.96345],[5.85353,58.96503],[5.8659,58.96345],[5.8825,58.9593],[5.91961,58.94505],[5.93409,58.93618],[5.95737,58.91352],[5.96998,58.90363],[6.09254,58.84724],[6.1351,58.83959],[6.22885,58.83999],[6.20623,58.84903],[6.11899,58.85358],[6.10255,58.85977],[6.08204,58.87079],[6.06479,58.8854],[6.05763,58.90204],[6.06373,58.91364],[6.07789,58.92829],[6.10532,58.95038],[6.12648,58.9621],[6.19483,58.98395],[6.62623,59.0528],[6.62623,59.05972],[6.35206,59.03303],[6.29868,59.01512],[6.16041,58.99824],[6.1268,58.98371],[6.03386,58.90518],[5.98268,58.95173],[5.97511,58.96345],[5.98406,58.98408],[6.00636,58.99103],[6.03191,58.99291],[6.05079,58.99824],[6.03745,59.00283],[6.02003,59.01996],[6.00913,59.02558],[5.99244,59.02513],[5.95395,59.01642],[5.93409,59.01813],[5.91391,59.02806],[5.89186,59.04536],[5.8755,59.06623],[5.87273,59.08698],[5.89064,59.10391],[5.92302,59.11347],[6.02182,59.12613],[6.05079,59.13475],[6.10841,59.14252],[6.12648,59.14842],[6.08937,59.1529],[6.03932,59.14745],[6.0088,59.14936],[6.03045,59.17577],[6.0643,59.20722],[6.07879,59.2167],[6.12517,59.23383],[6.1714,59.26142],[6.25213,59.27725],[6.3239,59.31501],[6.36931,59.32136],[6.46168,59.31977],[6.46168,59.32656],[6.33912,59.32656],[6.31381,59.32294],[6.2024,59.27704],[6.15414,59.26777],[6.11232,59.27456],[6.08497,59.30671],[6.23634,59.31293],[6.23634,59.31977],[6.22657,59.33015],[6.21209,59.33979],[6.19923,59.35155],[6.20069,59.34414],[6.1976,59.3347],[6.18865,59.32656],[6.17213,59.32123],[6.16456,59.32746],[6.15846,59.33662],[6.14698,59.34024],[6.14381,59.33771],[6.12989,59.32315],[6.12281,59.31977],[6.11215,59.31843],[6.10125,59.31867],[6.09246,59.31977],[6.07838,59.32453],[6.06918,59.33177],[6.063,59.34154],[6.05763,59.35391],[6.05405,59.33462],[6.03745,59.32746],[6.01539,59.32856],[5.99545,59.33405],[5.99545,59.34024],[6.00758,59.34614],[6.01547,59.35505],[6.02223,59.3653],[6.03045,59.37495],[6.04151,59.38369],[6.0534,59.39081],[6.07879,59.40229],[6.12924,59.4173],[6.15382,59.42739],[6.17433,59.44383],[6.1775,59.44001],[6.18531,59.43329],[6.18865,59.42963],[6.19304,59.43822],[6.19809,59.44562],[6.21176,59.46003],[6.21616,59.46809],[6.21795,59.48851],[6.22267,59.49787],[6.24269,59.51057],[6.4275,59.55097],[6.5442,59.55996],[6.50522,59.57128],[6.33611,59.55362],[6.27215,59.52814],[6.23634,59.52582],[6.24928,59.54084],[6.26498,59.55581],[6.27858,59.57201],[6.28419,59.59101],[6.285,59.6103],[6.28875,59.62914],[6.29705,59.64496],[6.31153,59.6555],[6.28647,59.64924],[6.26686,59.62564],[6.25408,59.59553],[6.24936,59.56989],[6.24586,59.56196],[6.23732,59.54979],[6.219,59.52896],[6.19825,59.51105],[6.16285,59.46849],[6.15301,59.45942],[6.14031,59.4501],[6.09913,59.43268],[6.07814,59.41934],[6.04151,59.40497],[6.02703,59.40229],[6.00953,59.40762],[5.9983,59.42841],[5.9826,59.42963],[5.98862,59.41596],[5.98325,59.41413],[5.97438,59.40982],[5.96892,59.40851],[5.96892,59.40229],[5.97836,59.40013],[5.98609,59.3959],[5.99195,59.38947],[5.99545,59.38117],[5.94858,59.36026],[5.92416,59.35578],[5.91375,59.37157],[5.91,59.38203],[5.9017,59.38911],[5.89275,59.39517],[5.88624,59.40229],[5.8825,59.41523],[5.88282,59.42512],[5.88502,59.43472],[5.88624,59.44697],[5.92408,59.44611],[6.15317,59.47744],[6.13356,59.49006],[6.10434,59.49291],[6.07374,59.48896],[6.02467,59.47431],[5.90187,59.47907],[5.88746,59.48225],[5.87273,59.48798],[5.86354,59.49429],[5.84938,59.50873],[5.8423,59.51154],[5.83448,59.51561],[5.82301,59.53425],[5.81813,59.5395],[5.80738,59.53937],[5.78891,59.52863],[5.77711,59.52582],[5.80348,59.49478],[5.80787,59.48029],[5.79754,59.46312],[5.77638,59.45091],[5.74838,59.44579],[5.72283,59.45116],[5.70826,59.47061],[5.71372,59.44668],[5.69646,59.42943],[5.64617,59.40851],[5.6644,59.40648],[5.73552,59.42963],[5.76303,59.43236],[5.78419,59.42927],[5.8025,59.42011],[5.85255,59.385],[5.85816,59.37458],[5.85963,59.35078],[5.84636,59.34691],[5.78354,59.34321],[5.76344,59.34772],[5.7527,59.33625],[5.73845,59.33478],[5.70484,59.34024],[5.69793,59.33804],[5.6976,59.33267],[5.69858,59.32587],[5.69516,59.31977],[5.68238,59.31293],[5.67774,59.3098],[5.66651,59.30467],[5.6242,59.29218],[5.61199,59.29304],[5.60963,59.30557],[5.61866,59.31688],[5.63299,59.32477],[5.64617,59.32656],[5.64617,59.33405],[5.62338,59.35456],[5.60727,59.39029],[5.5866,59.41649],[5.56072,59.40933],[5.57008,59.40742],[5.57814,59.40278],[5.5853,59.39545],[5.57781,59.37592],[5.57635,59.33299],[5.56788,59.31635],[5.54933,59.29971],[5.52931,59.28579],[5.50538,59.27774],[5.47543,59.27875],[5.45607,59.28852],[5.4358,59.30768],[5.42384,59.33047],[5.43043,59.35078],[5.4406,59.36982],[5.44174,59.39224],[5.43312,59.4051],[5.41334,59.39545],[5.40431,59.37897],[5.40284,59.35904],[5.4065,59.31635],[5.40463,59.30427],[5.39942,59.2967],[5.39088,59.29462],[5.37924,59.29926],[5.37273,59.3072],[5.36948,59.31835],[5.36557,59.34024],[5.35385,59.35529],[5.34995,59.36644],[5.35825,59.38719],[5.3576,59.39989],[5.35377,59.41108],[5.3484,59.41596],[5.33627,59.41511],[5.33269,59.41153],[5.33041,59.3581],[5.33139,59.35391],[5.29721,59.34467],[5.23121,59.42426],[5.20167,59.42963],[5.19606,59.44428],[5.19191,59.46304],[5.188,59.49787],[5.18588,59.50288],[5.18279,59.50674],[5.1823,59.51122],[5.188,59.51838],[5.19972,59.5246],[5.21339,59.52668],[5.24269,59.52582],[5.24269,59.53205],[5.20167,59.5395],[5.20167,59.54629],[5.2225,59.5517],[5.2378,59.55964],[5.29038,59.6009],[5.30405,59.62824],[5.3213,59.63825],[5.34425,59.64765],[5.36752,59.65266],[5.386,59.64936],[5.39357,59.63801],[5.40162,59.60554],[5.41334,59.59467],[5.41578,59.61127],[5.42807,59.62499],[5.42701,59.63569],[5.41782,59.64936],[5.40162,59.66079],[5.39967,59.66983],[5.41163,59.6892],[5.43719,59.7082],[5.48911,59.7381],[5.48414,59.72773],[5.4817,59.72382],[5.49301,59.71833],[5.49871,59.71442],[5.50213,59.71015],[5.50554,59.69269],[5.50457,59.67182],[5.49806,59.65058],[5.48536,59.63198],[5.48048,59.62132],[5.48276,59.61005],[5.48732,59.59858],[5.48911,59.58731],[5.4878,59.57502],[5.48552,59.56977],[5.46168,59.55996],[5.45786,59.55671],[5.45314,59.54804],[5.45086,59.54629],[5.43279,59.54719],[5.42368,59.54637],[5.41676,59.54291],[5.41179,59.53465],[5.40773,59.5218],[5.40789,59.51622],[5.40805,59.50991],[5.41676,59.50471],[5.42254,59.5065],[5.43434,59.5152],[5.44125,59.51838],[5.50563,59.53335],[5.51637,59.5395],[5.52687,59.55386],[5.52874,59.55793],[5.53736,59.57685],[5.54005,59.59829],[5.52662,59.60773],[5.52361,59.61791],[5.53403,59.64057],[5.5503,59.66401],[5.56414,59.67666],[5.58058,59.67902],[5.60857,59.67202],[5.62623,59.66983],[5.69459,59.66983],[5.72193,59.66348],[5.73097,59.64765],[5.72706,59.62739],[5.71559,59.60773],[5.74301,59.60786],[5.75441,59.60985],[5.76344,59.61457],[5.76531,59.62043],[5.76417,59.6385],[5.76686,59.64558],[5.78907,59.65644],[5.82016,59.65884],[5.87941,59.6555],[5.87941,59.67666],[5.78858,59.66014],[5.76344,59.66234],[5.7461,59.67552],[5.75563,59.6883],[5.79754,59.71015],[5.80348,59.71674],[5.80747,59.72362],[5.81422,59.72907],[5.87477,59.7353],[5.88624,59.7381],[5.89308,59.74567],[5.89308,59.75446],[5.89405,59.76179],[5.90309,59.7648],[5.91261,59.76219],[5.92075,59.75617],[5.92758,59.7495],[5.93409,59.74494],[5.98585,59.73574],[6.0381,59.74518],[6.16228,59.79686],[6.17091,59.80268],[6.17742,59.80561],[6.19174,59.80598],[6.19825,59.80948],[6.21095,59.82445],[6.21518,59.82746],[6.29176,59.84032],[6.31153,59.85419],[6.24431,59.84357],[6.12192,59.80475],[6.03712,59.7648],[6.02052,59.76016],[6.00229,59.75861],[5.96388,59.75996],[5.94532,59.76594],[5.93409,59.77904],[5.93442,59.79462],[5.9441,59.80134],[5.95582,59.80634],[5.96144,59.8166],[5.95753,59.84125],[5.95916,59.85053],[5.96892,59.86103],[5.94679,59.85554],[5.93426,59.8415],[5.92856,59.82258],[5.92726,59.80268],[5.9144,59.79145],[5.88502,59.78132],[5.85288,59.77424],[5.83172,59.7722],[5.80909,59.77823],[5.79038,59.78925],[5.75961,59.8166],[5.73552,59.8288],[5.7151,59.83173],[5.70753,59.83812],[5.72185,59.86103],[5.70444,59.85114],[5.68141,59.8415],[5.65984,59.83999],[5.64617,59.85419],[5.67042,59.8559],[5.69654,59.86225],[5.74293,59.88207],[5.74024,59.9099],[5.77223,59.93073],[5.81886,59.94448],[5.85963,59.951],[5.9651,59.95661],[5.97153,59.95954],[5.97722,59.96654],[5.98113,59.97476],[5.9826,59.98111],[5.97804,59.98481],[5.94776,59.9975],[6.01002,60.05744],[6.09799,60.09186],[6.29103,60.12165],[6.29103,60.1291],[6.26645,60.12763],[6.26173,60.13776],[6.26295,60.15192],[6.25685,60.16267],[6.24741,60.16132],[6.23341,60.15473],[6.22071,60.14614],[6.21518,60.13874],[6.20053,60.12543],[6.16684,60.11506],[6.12989,60.10871],[6.10532,60.10737],[6.10776,60.1341],[6.08432,60.16861],[6.07496,60.19839],[6.14234,60.21548],[6.15577,60.22671],[6.16651,60.24213],[6.18116,60.25886],[6.20916,60.2768],[6.21339,60.28628],[6.20167,60.29979],[6.25847,60.30809],[6.27735,60.31346],[6.28785,60.32022],[6.30942,60.33784],[6.32163,60.34138],[6.33334,60.3426],[6.33579,60.34569],[6.33546,60.35008],[6.33872,60.35505],[6.33815,60.35541],[6.34099,60.35895],[6.34596,60.36376],[6.35182,60.36811],[6.38356,60.37702],[6.41765,60.38239],[6.44166,60.38886],[6.47869,60.42011],[6.5027,60.43081],[6.53793,60.43415],[6.57423,60.43195],[6.64039,60.41649],[6.59197,60.36367],[6.57179,60.33076],[6.57838,60.30663],[6.56764,60.29389],[6.53696,60.27228],[6.53053,60.26227],[6.52174,60.18586],[6.51271,60.1529],[6.5101,60.13532],[6.5101,60.11009],[6.51694,60.08076],[6.52377,60.08076],[6.52418,60.1352],[6.52914,60.16389],[6.54819,60.18277],[6.57838,60.22468],[6.5818,60.23823],[6.58107,60.24848],[6.57154,60.27253],[6.59636,60.29487],[6.63038,60.35749],[6.65406,60.38239],[6.6714,60.39053],[6.70143,60.3994],[6.71559,60.40965],[6.7483,60.44636],[6.76393,60.45746],[6.78338,60.46686],[6.80258,60.47281],[6.94215,60.49225],[7.03248,60.47785],[7.07879,60.4794],[7.10597,60.50585],[6.90056,60.50585],[6.90056,60.51211],[6.90821,60.5126],[6.91749,60.51459],[6.92514,60.51789],[6.92848,60.52237],[6.93247,60.53319],[6.94215,60.53661],[6.95338,60.53718],[6.96266,60.53937],[7.01726,60.58784],[6.98805,60.58954],[6.95021,60.5749],[6.91342,60.55296],[6.88746,60.53319],[6.85597,60.50324],[6.83969,60.49608],[6.77231,60.48534],[6.73609,60.47114],[6.67457,60.43696],[6.6561,60.43301],[6.63006,60.43106],[6.60564,60.43374],[6.59205,60.44379],[6.60231,60.46524],[6.67359,60.50056],[6.69508,60.51895],[6.64772,60.51301],[6.56186,60.46296],[6.51352,60.45063],[6.48292,60.4475],[6.4275,60.43391],[6.39723,60.43081],[6.37086,60.42463],[6.31967,60.39647],[6.29721,60.38858],[6.27076,60.38963],[6.24635,60.3981],[6.22527,60.4123],[6.20834,60.43081],[6.19532,60.4643],[6.18865,60.47114],[6.1775,60.47101],[6.17563,60.46162],[6.17921,60.44929],[6.18483,60.44038],[6.19215,60.43256],[6.21176,60.40595],[6.23227,60.39517],[6.24098,60.38788],[6.23943,60.37897],[6.22543,60.37397],[6.19215,60.38345],[6.16529,60.3736],[6.13307,60.37328],[6.11899,60.36811],[6.13429,60.36188],[6.18865,60.35505],[6.1797,60.33991],[6.15105,60.32103],[6.14031,60.30663],[6.14845,60.29613],[6.15358,60.29096],[6.16066,60.2862],[6.1517,60.26765],[6.1399,60.25434],[6.12477,60.24673],[6.10532,60.24518],[6.08383,60.25068],[6.03712,60.2696],[6.01661,60.27253],[5.99643,60.26496],[5.98561,60.25056],[5.97836,60.2333],[5.96892,60.21723],[5.93409,60.19062],[5.91472,60.16885],[5.90675,60.16267],[5.88998,60.15982],[5.87387,60.16323],[5.86052,60.16307],[5.85157,60.1496],[5.85279,60.13711],[5.87273,60.08755],[5.87338,60.05093],[5.85597,60.02375],[5.82455,60.0078],[5.78386,60.00495],[5.78663,60.01191],[5.7907,60.01927],[5.77166,60.0235],[5.75603,59.99067],[5.73927,59.99445],[5.70607,60.00886],[5.70143,60.01553],[5.69947,60.02363],[5.69483,60.03067],[5.68832,60.0362],[5.68141,60.03974],[5.68865,60.06086],[5.69947,60.06664],[5.73552,60.06025],[5.75652,60.06037],[5.77573,60.0655],[5.79054,60.07661],[5.79754,60.09439],[5.7566,60.09439],[5.75066,60.09223],[5.74724,60.08755],[5.74244,60.08283],[5.73243,60.08076],[5.7212,60.08389],[5.71461,60.09097],[5.70997,60.09805],[5.70021,60.10391],[5.70826,60.10977],[5.7256,60.11823],[5.72918,60.13239],[5.70558,60.16031],[5.70826,60.17634],[5.72478,60.18659],[5.7907,60.20425],[5.7907,60.21109],[5.75807,60.21003],[5.71876,60.20246],[5.68116,60.19062],[5.65358,60.17634],[5.65162,60.17145],[5.65073,60.1562],[5.64617,60.1496],[5.63746,60.14765],[5.61704,60.14997],[5.59303,60.13858],[5.57276,60.1413],[5.55405,60.15054],[5.54371,60.16267],[5.56007,60.16694],[5.57407,60.17674],[5.57814,60.18797],[5.56414,60.19676],[5.56414,60.20425],[5.60027,60.206],[5.67018,60.227],[5.70826,60.23216],[5.70826,60.23835],[5.62452,60.23697],[5.5984,60.23216],[5.62729,60.25263],[5.63819,60.26411],[5.63307,60.27253],[5.61476,60.27216],[5.60076,60.26089],[5.58758,60.24689],[5.57154,60.23835],[5.57496,60.25593],[5.58692,60.26463],[5.59978,60.26948],[5.60572,60.27558],[5.61118,60.28441],[5.63746,60.31367],[5.64617,60.32095],[5.64747,60.32648],[5.65301,60.3369],[5.66033,60.34789],[5.66725,60.35505],[5.68377,60.36221],[5.719,60.37043],[5.73243,60.37897],[5.73658,60.39204],[5.71811,60.38935],[5.69581,60.3806],[5.68824,60.37556],[5.67319,60.37299],[5.66049,60.36644],[5.64959,60.35749],[5.6399,60.3476],[5.63852,60.35334],[5.63429,60.36245],[5.63307,60.36811],[5.61704,60.35432],[5.59889,60.33344],[5.58416,60.31029],[5.57789,60.28954],[5.56821,60.28189],[5.53004,60.22972],[5.52662,60.21723],[5.51645,60.21328],[5.47486,60.1872],[5.43849,60.17211],[5.42701,60.16267],[5.42189,60.15204],[5.41725,60.13874],[5.40984,60.13133],[5.38673,60.14472],[5.35182,60.15583],[5.3659,60.16144],[5.37241,60.16267],[5.37241,60.17011],[5.32016,60.18195],[5.30405,60.19062],[5.313,60.19961],[5.32488,60.20527],[5.35182,60.21109],[5.35182,60.21723],[5.32081,60.22175],[5.25082,60.20746],[5.22283,60.21109],[5.29713,60.24921],[5.31031,60.26569],[5.27654,60.26496],[5.17066,60.27871],[5.16236,60.28364],[5.16163,60.29499],[5.16554,60.30793],[5.17066,60.31721],[5.18133,60.32209],[5.19752,60.32282],[5.22828,60.32095],[5.21176,60.33299],[5.19874,60.33836],[5.15838,60.3417],[5.14723,60.34374],[5.14096,60.35139],[5.14649,60.36811],[5.17774,60.38858],[5.26564,60.38703],[5.29786,60.39598],[5.28321,60.40103],[5.25017,60.43081],[5.2588,60.44672],[5.26319,60.45063],[5.23707,60.47378],[5.23829,60.4892],[5.28028,60.52237],[5.30584,60.52827],[5.33627,60.51431],[5.36524,60.4951],[5.386,60.48542],[5.39731,60.48151],[5.44874,60.44628],[5.47625,60.43504],[5.52784,60.4206],[5.57325,60.41494],[5.61769,60.41718],[5.65358,60.43081],[5.64967,60.44782],[5.66651,60.45637],[5.6906,60.46223],[5.70826,60.47114],[5.71404,60.48428],[5.71412,60.49901],[5.70826,60.53319],[5.7072,60.56281],[5.71062,60.60309],[5.72153,60.63939],[5.74293,60.65668],[5.72316,60.66763],[5.72584,60.68602],[5.73862,60.70515],[5.74977,60.71817],[5.7282,60.70645],[5.70851,60.70258],[5.66383,60.70392],[5.66179,60.71109],[5.6714,60.72712],[5.68523,60.7436],[5.69516,60.75235],[5.67563,60.75776],[5.66131,60.74482],[5.64763,60.72712],[5.62965,60.71817],[5.61988,60.7154],[5.60092,60.70222],[5.59156,60.6977],[5.57781,60.69587],[5.53346,60.6977],[5.5232,60.68692],[5.5359,60.63955],[5.52662,60.62873],[5.50457,60.6271],[5.44313,60.61469],[5.37241,60.58039],[5.30006,60.56078],[5.27475,60.55923],[5.2505,60.56342],[5.22283,60.57416],[5.18898,60.59394],[5.16017,60.61514],[5.09767,60.64912],[5.08497,60.66291],[5.12322,60.66022],[5.15691,60.64899],[5.22283,60.61514],[5.22828,60.62132],[5.16179,60.66999],[5.08497,60.71137],[5.10141,60.71149],[5.14649,60.70392],[5.12582,60.72443],[5.09498,60.72923],[5.06137,60.7309],[5.03297,60.74169],[4.98512,60.77985],[4.95777,60.79393],[4.92677,60.80012],[4.95167,60.80874],[4.98146,60.80878],[5.01043,60.80183],[5.05641,60.779],[5.10914,60.77375],[5.14894,60.75064],[5.17677,60.74164],[5.28012,60.72183],[5.30421,60.71198],[5.30405,60.6977],[5.31031,60.67601],[5.32618,60.65546],[5.34799,60.64045],[5.37241,60.63565],[5.36345,60.63963],[5.35694,60.64545],[5.35304,60.65306],[5.35182,60.66291],[5.3733,60.65436],[5.41228,60.63312],[5.43385,60.62873],[5.41814,60.64313],[5.39047,60.65961],[5.37086,60.67438],[5.37924,60.68403],[5.39389,60.68073],[5.42628,60.66283],[5.43385,60.66291],[5.43092,60.67377],[5.41969,60.68049],[5.41041,60.68867],[5.41334,60.70392],[5.38152,60.71288],[5.37241,60.71817],[5.36769,60.72533],[5.36549,60.7342],[5.36256,60.74164],[5.35499,60.74482],[5.30983,60.7447],[5.28419,60.74775],[5.2566,60.76032],[5.24676,60.76081],[5.23894,60.76386],[5.23585,60.77619],[5.23927,60.77973],[5.26319,60.79267],[5.28435,60.79955],[5.32944,60.80606],[5.35182,60.81314],[5.33815,60.83983],[5.35646,60.85285],[5.43084,60.86933],[5.44801,60.86762],[5.46485,60.86359],[5.4817,60.86156],[5.49692,60.86294],[5.51075,60.86628],[5.53688,60.8758],[5.50685,60.87718],[5.47967,60.88459],[5.47088,60.89614],[5.49586,60.90998],[5.47169,60.90746],[5.39967,60.88203],[5.3484,60.87783],[5.32667,60.86815],[5.31772,60.84443],[5.29322,60.82274],[5.23976,60.81712],[5.18784,60.8277],[5.16765,60.85468],[5.1644,60.83088],[5.14926,60.81493],[5.13103,60.81208],[5.11842,60.82738],[5.13282,60.83487],[5.11354,60.8378],[5.06666,60.83454],[5.04713,60.84443],[5.04005,60.85615],[5.02858,60.88593],[5.01954,60.89907],[5.01352,60.90518],[5.01051,60.90982],[5.00945,60.916],[5.00929,60.9267],[5.00514,60.9313],[4.9865,60.94375],[4.98194,60.95087],[4.99057,60.96247],[5.01197,60.96503],[5.03712,60.96235],[5.05714,60.95771],[5.0774,60.94965],[5.08277,60.9409],[5.07814,60.9062],[5.08237,60.88882],[5.09156,60.87788],[5.10076,60.87775],[5.10483,60.89256],[5.0962,60.93891],[5.09864,60.95087],[5.11411,60.96186],[5.13136,60.96552],[5.14283,60.97215],[5.14031,60.99189],[5.13404,60.98884],[5.13136,60.98676],[5.13282,60.98566],[5.12094,60.98379],[5.09327,60.97378],[5.07789,60.97138],[5.02361,60.97822],[5.01271,60.98192],[5.00473,60.99754],[5.00392,61.01606],[5.00807,61.03364],[5.01612,61.04654],[5.06861,61.07355],[5.1351,61.07673],[5.20216,61.06476],[5.28142,61.03848],[5.31227,61.03217],[5.37582,61.0266],[5.42107,61.02912],[5.43385,61.0266],[5.43946,61.01789],[5.44264,61.00454],[5.44842,60.99543],[5.46168,60.99934],[5.46705,61.00739],[5.46363,61.01594],[5.45753,61.02546],[5.45427,61.03657],[5.46022,61.04999],[5.47364,61.05589],[5.48854,61.05903],[5.52711,61.07543],[5.56674,61.07152],[5.60792,61.06281],[5.6399,61.06013],[5.6399,61.06757],[5.61061,61.07856],[5.59767,61.08515],[5.60206,61.08808],[5.63868,61.09345],[5.65626,61.09414],[5.674,61.08808],[5.69646,61.09878],[5.73609,61.10993],[5.77394,61.11445],[5.7907,61.10489],[5.78102,61.07713],[5.78094,61.06436],[5.79412,61.07071],[5.8047,61.07917],[5.81764,61.08674],[5.83155,61.09223],[5.84539,61.09431],[5.8353,61.10541],[5.83172,61.10859],[5.86362,61.11787],[5.89275,61.12177],[5.97657,61.12079],[6.011,61.11498],[6.03045,61.11473],[6.09848,61.12222],[6.13185,61.11864],[6.19508,61.10432],[6.2295,61.10114],[6.25807,61.09382],[6.27076,61.07709],[6.26629,61.05874],[6.24252,61.04654],[6.27475,61.04792],[6.28745,61.05305],[6.30095,61.06387],[6.31202,61.06851],[6.32936,61.07046],[6.34718,61.07005],[6.35922,61.06757],[6.37029,61.0563],[6.3628,61.04442],[6.34832,61.03042],[6.33872,61.01236],[6.35597,61.01093],[6.37289,61.01236],[6.36997,61.0266],[6.37452,61.03742],[6.38347,61.04605],[6.41326,61.06818],[6.43767,61.08124],[6.4651,61.09064],[6.52182,61.0965],[6.54566,61.10407],[6.56642,61.11888],[6.58579,61.14273],[6.594,61.16665],[6.6006,61.17524],[6.6128,61.17373],[6.63624,61.16181],[6.64845,61.15746],[6.78679,61.15034],[6.83668,61.13935],[6.84791,61.13483],[6.85621,61.12812],[6.85955,61.11848],[6.85971,61.10615],[6.86183,61.0965],[6.86817,61.09028],[6.88063,61.08808],[6.93898,61.09138],[6.95582,61.08808],[6.96502,61.08027],[6.98308,61.04654],[6.99969,61.029],[7.00685,61.01935],[7.00978,61.00894],[7.00318,61.00031],[6.98797,60.99018],[6.97096,60.98168],[6.9393,60.97321],[6.87379,60.93724],[6.96502,60.96552],[7.011,60.97114],[7.05144,60.96454],[7.11459,60.93936],[7.13014,60.9267],[7.1316,60.91218],[7.10597,60.86156],[7.1316,60.87531],[7.15748,60.89745],[7.17156,60.92402],[7.16131,60.95087],[7.1526,60.95344],[7.1006,60.95946],[7.09352,60.96381],[7.08204,60.9748],[7.04396,61.0266],[7.03419,61.03539],[7.02312,61.04304],[7.01385,61.05174],[7.00571,61.07909],[6.99952,61.08714],[7.00034,61.09292],[7.01726,61.10114],[7.05974,61.107],[7.16627,61.11005],[7.19532,61.1291],[7.20924,61.13882],[7.22267,61.14037],[7.30445,61.13028],[7.31544,61.12564],[7.33839,61.11201],[7.36915,61.10468],[7.43556,61.10114],[7.43556,61.10859],[7.41733,61.10944],[7.40366,61.11197],[7.39226,61.11628],[7.35646,61.13801],[7.3462,61.14273],[7.35971,61.15217],[7.40528,61.16743],[7.41505,61.17373],[7.42701,61.18586],[7.45436,61.19278],[7.60621,61.19831],[7.65528,61.20685],[7.695,61.23208],[7.66033,61.22989],[7.63356,61.2246],[7.60035,61.21235],[7.44923,61.19733],[7.38844,61.19819],[7.3589,61.20563],[7.3462,61.2215],[7.34506,61.23286],[7.34051,61.25239],[7.33937,61.26252],[7.3357,61.27436],[7.3274,61.279],[7.31821,61.28164],[7.31202,61.2873],[7.31381,61.30842],[7.3558,61.32624],[7.36655,61.34471],[7.37029,61.36709],[7.38071,61.37832],[7.42123,61.39594],[7.43678,61.40851],[7.45151,61.42463],[7.46754,61.43846],[7.48683,61.44432],[7.51075,61.4477],[7.53566,61.45653],[7.55738,61.46963],[7.57203,61.48534],[7.48862,61.46044],[7.3462,61.38911],[7.32374,61.38605],[7.28533,61.39452],[7.26368,61.39594],[7.28159,61.38337],[7.299,61.37409],[7.30885,61.36384],[7.30519,61.34813],[7.24497,61.30805],[7.23976,61.29727],[7.25961,61.28327],[7.28102,61.27375],[7.29819,61.26057],[7.30991,61.2176],[7.32252,61.20539],[7.3401,61.19717],[7.35971,61.19111],[7.31935,61.16739],[7.30519,61.16323],[7.29225,61.16242],[7.28053,61.16376],[7.25733,61.16999],[7.25025,61.17304],[7.23536,61.18146],[7.2295,61.18366],[7.21372,61.18366],[7.17514,61.17585],[7.16131,61.16999],[7.1587,61.16649],[7.15675,61.16083],[7.15349,61.15461],[7.14747,61.14956],[7.13722,61.1457],[7.00978,61.1291],[6.97348,61.11579],[6.95314,61.11164],[6.93531,61.11473],[6.91725,61.1363],[6.94166,61.15233],[6.97999,61.16682],[7.00359,61.18366],[6.95053,61.16722],[6.92221,61.16201],[6.8943,61.16323],[6.81007,61.18163],[6.66472,61.19514],[6.55787,61.2246],[6.57,61.24079],[6.60678,61.25747],[6.62306,61.26935],[6.66033,61.32087],[6.66822,61.32697],[6.69044,61.34052],[6.69508,61.34471],[6.6963,61.35212],[6.7024,61.37153],[6.70533,61.37547],[6.71046,61.38032],[6.71559,61.39069],[6.71461,61.4003],[6.70191,61.40278],[6.69744,61.39936],[6.63689,61.30956],[6.60336,61.27875],[6.56471,61.26561],[6.55299,61.26895],[6.53745,61.28388],[6.52711,61.2873],[6.5193,61.284],[6.50913,61.27643],[6.50115,61.26813],[6.49952,61.26252],[6.51344,61.24746],[6.52377,61.23208],[6.52426,61.22675],[6.52345,61.21996],[6.52622,61.21235],[6.53736,61.20417],[6.47096,61.21125],[6.4651,61.20759],[6.47576,61.20161],[6.48805,61.19794],[6.4983,61.19233],[6.5027,61.18057],[6.50465,61.16694],[6.5075,61.15644],[6.5062,61.14696],[6.49643,61.13646],[6.48471,61.13076],[6.43434,61.11473],[6.37233,61.11408],[6.28273,61.12543],[6.20395,61.14867],[6.17433,61.18366],[6.13014,61.15933],[6.0735,61.14802],[6.01401,61.14948],[5.96144,61.16323],[6.0066,61.17805],[6.02784,61.18814],[6.03712,61.20417],[5.94093,61.16999],[5.87452,61.15835],[5.80445,61.15575],[5.78346,61.16498],[5.78175,61.18317],[5.78297,61.1966],[5.77027,61.19111],[5.76319,61.18187],[5.7588,61.1638],[5.74977,61.15575],[5.73666,61.15477],[5.71844,61.15656],[5.70216,61.1555],[5.69516,61.14614],[5.67595,61.14228],[5.5573,61.13646],[5.53688,61.13129],[5.47543,61.09431],[5.42368,61.07966],[5.37664,61.08047],[5.33448,61.09687],[5.29786,61.1291],[5.28102,61.11612],[5.25994,61.10985],[5.20493,61.10737],[5.19939,61.10505],[5.19386,61.10529],[5.18434,61.11164],[5.17465,61.12222],[5.16944,61.12617],[5.16017,61.1291],[5.16993,61.13996],[5.18832,61.14061],[5.20965,61.1389],[5.22828,61.14273],[5.20533,61.14696],[5.18287,61.15396],[5.16188,61.1562],[5.14332,61.14614],[5.12517,61.14509],[5.05926,61.1579],[5.04412,61.16323],[5.05934,61.18797],[5.11817,61.18598],[5.22283,61.16323],[5.22055,61.16767],[5.21681,61.17902],[5.21469,61.18366],[5.25017,61.18366],[5.19728,61.21088],[5.16782,61.22077],[5.13966,61.2246],[5.02076,61.2165],[4.98878,61.2246],[5.00815,61.22944],[5.0315,61.23045],[5.05226,61.23379],[5.06446,61.24575],[5.03102,61.23794],[5.01295,61.23664],[4.99903,61.24234],[4.98951,61.25235],[4.98276,61.25698],[4.97316,61.25682],[4.9546,61.25259],[4.96412,61.26569],[4.97999,61.27534],[5.01612,61.2873],[5.03972,61.2919],[5.06398,61.29352],[5.07399,61.29572],[5.09018,61.30508],[5.09523,61.3072],[5.13941,61.3063],[5.15935,61.3111],[5.17774,61.33942],[5.20151,61.34272],[5.22901,61.33942],[5.25017,61.33446],[5.26629,61.32868],[5.27931,61.32136],[5.28956,61.31224],[5.29786,61.30097],[5.31023,61.26691],[5.32065,61.25226],[5.33448,61.25601],[5.33741,61.26874],[5.33416,61.28734],[5.32748,61.30573],[5.32081,61.31745],[5.30551,61.32844],[5.27182,61.33869],[5.25636,61.34813],[5.4406,61.36742],[5.63307,61.3618],[5.59962,61.37592],[5.55454,61.37832],[5.16432,61.35611],[5.15016,61.35155],[5.12794,61.33979],[5.09327,61.3288],[5.05844,61.32347],[5.03663,61.32831],[5.02573,61.33954],[5.00636,61.34748],[4.99562,61.3618],[4.99879,61.3769],[5.01149,61.39155],[5.02833,61.40156],[5.04412,61.40278],[5.0547,61.39289],[5.05787,61.38068],[5.06267,61.37458],[5.07814,61.38296],[5.07944,61.38809],[5.07716,61.40469],[5.07814,61.41022],[5.08546,61.41352],[5.11842,61.41641],[5.11752,61.42109],[5.11655,61.42402],[5.11476,61.42683],[5.11166,61.43073],[5.09246,61.42023],[5.07146,61.41706],[5.02914,61.41641],[4.98911,61.41112],[4.94793,61.41022],[4.94793,61.41641],[5.05714,61.44432],[5.16342,61.45083],[5.188,61.46483],[5.18051,61.47232],[5.21811,61.46784],[5.26629,61.45531],[5.3108,61.44941],[5.33758,61.46483],[5.4839,61.43171],[5.51889,61.43012],[5.54371,61.43696],[5.53688,61.44432],[5.55665,61.44977],[5.59938,61.45258],[5.6194,61.45799],[5.62859,61.46475],[5.63852,61.47382],[5.65089,61.48188],[5.66725,61.48534],[5.71266,61.48713],[5.73601,61.48461],[5.75278,61.47573],[5.77036,61.45515],[5.78256,61.45059],[5.80445,61.45116],[5.80445,61.45799],[5.78175,61.46564],[5.74676,61.49299],[5.72242,61.49897],[5.66505,61.49836],[5.63787,61.49437],[5.61199,61.48534],[5.58351,61.46743],[5.57472,61.46483],[5.52361,61.46467],[5.49195,61.45401],[5.46095,61.45283],[5.438,61.46044],[5.44125,61.47915],[5.3978,61.48688],[5.29029,61.47964],[5.25318,61.49527],[5.17823,61.50975],[5.13893,61.52412],[5.14649,61.53998],[5.1408,61.54682],[5.14031,61.54682],[5.14031,61.55419],[5.15659,61.55451],[5.20167,61.54682],[5.21404,61.54767],[5.24643,61.55419],[5.35816,61.55419],[5.35816,61.56102],[5.33139,61.56127],[5.17205,61.58552],[5.14649,61.5952],[5.33758,61.5952],[5.31813,61.58983],[5.31031,61.58893],[5.31031,61.58218],[5.4026,61.58031],[5.42701,61.58893],[5.35043,61.60651],[5.27003,61.61567],[5.32016,61.62873],[5.34067,61.64313],[5.2837,61.64232],[5.24187,61.63068],[5.22926,61.62873],[4.99269,61.63044],[4.96827,61.63614],[4.96241,61.64175],[4.9441,61.66718],[4.93963,61.67837],[4.94606,61.68749],[4.95769,61.69408],[4.96827,61.69766],[4.96046,61.70669],[4.96274,61.71711],[4.97291,61.7248],[4.98878,61.72553],[4.98536,61.72956],[4.98341,61.73273],[4.98064,61.73558],[4.97446,61.73859],[4.98813,61.74689],[5.00343,61.75113],[5.03663,61.75218],[5.05397,61.75039],[5.07065,61.74604],[5.07553,61.74287],[5.07683,61.73867],[5.07683,61.73469],[5.07814,61.73237],[5.08465,61.73176],[5.09889,61.73359],[5.10483,61.73237],[5.12192,61.72028],[5.12599,61.71809],[5.13738,61.71695],[5.14617,61.7176],[5.16765,61.72553],[5.13551,61.7438],[5.12599,61.75218],[5.14829,61.75926],[5.1902,61.76895],[5.06446,61.75971],[5.07895,61.77375],[5.10385,61.78539],[5.1316,61.79442],[5.24448,61.81729],[5.27003,61.82795],[5.26539,61.82925],[5.26271,61.83076],[5.25636,61.83539],[5.29575,61.84089],[5.33758,61.84162],[5.32049,61.84772],[5.30323,61.84886],[5.29151,61.85151],[5.29038,61.86213],[5.29689,61.86835],[5.36256,61.90546],[5.39479,61.91108],[5.4878,61.90786],[5.52231,61.89887],[5.54029,61.89688],[5.58074,61.89981],[5.60027,61.89912],[5.63649,61.88886],[5.67579,61.88695],[5.69142,61.87979],[5.71608,61.86164],[5.74293,61.84846],[5.71266,61.84056],[5.6753,61.83983],[5.6408,61.83511],[5.6194,61.81493],[5.64715,61.81525],[5.73552,61.83539],[5.92262,61.85029],[5.94093,61.84504],[5.9463,61.83735],[5.94321,61.82685],[5.93727,61.81525],[5.92709,61.78242],[5.90016,61.75064],[5.89926,61.73859],[5.91635,61.7517],[5.93002,61.75943],[5.94223,61.7687],[5.9546,61.78701],[5.96437,61.82005],[5.97291,61.83112],[5.99204,61.83539],[6.01026,61.8312],[6.05893,61.80829],[6.09864,61.77888],[6.12338,61.76992],[6.18116,61.76655],[6.17091,61.78046],[6.15504,61.78579],[6.13771,61.78913],[6.12281,61.79686],[6.10939,61.80801],[6.09262,61.81786],[6.07488,61.82494],[6.05763,61.82795],[6.05763,61.83539],[6.2907,61.83539],[6.31324,61.83104],[6.35922,61.81184],[6.3838,61.80744],[6.47381,61.80463],[6.5027,61.80744],[6.52133,61.8142],[6.53321,61.82453],[6.55047,61.84846],[6.56813,61.86237],[6.58961,61.87084],[6.61378,61.87519],[6.64015,61.87641],[6.66733,61.8732],[6.72096,61.85908],[6.74635,61.85586],[6.75563,61.85244],[6.76645,61.84565],[6.77768,61.84125],[6.78745,61.84504],[6.80201,61.85977],[6.80974,61.86542],[6.81861,61.86957],[6.81861,61.87641],[6.80209,61.87604],[6.77101,61.87031],[6.75685,61.87299],[6.74252,61.87739],[6.69508,61.88321],[6.6902,61.88618],[6.68377,61.89496],[6.67799,61.89688],[6.67172,61.8957],[6.66228,61.89057],[6.65724,61.88939],[6.55551,61.87832],[6.53842,61.86628],[6.52589,61.85073],[6.5101,61.83539],[6.47625,61.82534],[6.25856,61.85627],[6.09547,61.84846],[6.08188,61.85122],[6.03712,61.86957],[6.0184,61.87104],[5.96144,61.86957],[5.90699,61.88154],[5.88624,61.88321],[5.87184,61.88105],[5.84311,61.87165],[5.82862,61.86957],[5.82252,61.86742],[5.81031,61.85822],[5.80445,61.85586],[5.7964,61.85737],[5.72926,61.88939],[5.72926,61.89688],[5.93328,61.90302],[5.96144,61.90986],[5.96144,61.91669],[5.64536,61.92479],[5.51661,61.93814],[5.45021,61.9252],[5.44361,61.92919],[5.43727,61.93496],[5.42701,61.93781],[5.34897,61.92731],[5.30193,61.9134],[5.27687,61.90986],[5.22153,61.91437],[5.1937,61.91234],[5.17066,61.89997],[5.15577,61.89606],[5.13526,61.90131],[5.09864,61.91669],[5.11378,61.93008],[5.12599,61.94404],[5.14039,61.96796],[5.14031,61.97134],[5.15553,61.97602],[5.16147,61.97138],[5.16505,61.96353],[5.17384,61.95832],[5.18393,61.95954],[5.1902,61.96442],[5.19516,61.96955],[5.20167,61.97134],[5.21022,61.96865],[5.22364,61.95991],[5.22828,61.95832],[5.23862,61.96064],[5.24024,61.96491],[5.24122,61.97101],[5.25017,61.97875],[5.28891,61.99274],[5.30152,62.00288],[5.31031,62.02656],[5.33904,62.01923],[5.37672,62.01606],[5.40016,62.02001],[5.386,62.034],[5.37192,62.03681],[5.34099,62.03685],[5.32765,62.04393],[5.31332,62.05711],[5.29786,62.06818],[5.20851,62.10228],[5.10914,62.10912],[5.09181,62.12275],[5.10157,62.12299],[5.10971,62.12446],[5.12599,62.12958],[5.11109,62.1398],[5.08025,62.15249],[5.07065,62.16376],[5.07643,62.16494],[5.08644,62.16913],[5.09181,62.1706],[5.08815,62.17365],[5.0818,62.1811],[5.07814,62.18423],[5.08237,62.18366],[5.08416,62.1848],[5.08497,62.19107],[5.0962,62.19355],[5.12599,62.19107],[5.13087,62.19164],[5.14145,62.1905],[5.14649,62.19107],[5.14674,62.1933],[5.14601,62.20238],[5.14649,62.20474],[5.16969,62.2145],[5.18181,62.21271],[5.21022,62.19424],[5.24122,62.18305],[5.25318,62.17426],[5.26108,62.16983],[5.26881,62.17031],[5.27459,62.16942],[5.27687,62.16063],[5.27524,62.15428],[5.2697,62.14102],[5.27003,62.13581],[5.31788,62.10651],[5.39096,62.08836],[5.45143,62.06171],[5.46168,62.00674],[5.46803,62.00906],[5.48121,62.01386],[5.49594,62.02757],[5.52833,62.06892],[5.53094,62.0749],[5.53639,62.07905],[5.55055,62.08124],[5.56088,62.07954],[5.58033,62.0705],[5.59156,62.06818],[5.56471,62.08967],[5.42018,62.10912],[5.4004,62.11587],[5.39096,62.12324],[5.39177,62.13288],[5.41391,62.1621],[5.42058,62.17593],[5.43116,62.18618],[5.45427,62.19107],[5.47885,62.18854],[5.5241,62.17402],[5.62208,62.16486],[5.6399,62.15754],[5.6482,62.14647],[5.65349,62.13296],[5.66147,62.12141],[5.69313,62.11298],[5.74977,62.08861],[5.73015,62.10497],[5.69606,62.12246],[5.6683,62.1435],[5.66725,62.1706],[5.68474,62.17902],[5.71469,62.18073],[5.77027,62.17805],[5.78614,62.18049],[5.83855,62.20124],[5.85743,62.20425],[5.88209,62.20018],[5.90553,62.1909],[5.92058,62.17805],[5.92547,62.16364],[5.92482,62.14989],[5.92058,62.1197],[5.90707,62.09357],[5.85255,62.05121],[5.84539,62.01972],[5.90943,62.06118],[5.9367,62.08735],[5.9546,62.13996],[5.97096,62.13898],[6.04428,62.09927],[6.05519,62.08609],[6.05079,62.06818],[6.08863,62.07758],[6.12525,62.08267],[6.20834,62.08124],[6.36671,62.06135],[6.36671,62.06818],[6.08863,62.10912],[6.07618,62.11445],[6.04859,62.13788],[6.04029,62.14326],[6.02711,62.14875],[5.9826,62.18423],[5.92872,62.19892],[5.92058,62.20816],[5.92604,62.22549],[5.93971,62.2294],[5.95753,62.22525],[5.99659,62.21113],[6.01726,62.20698],[6.06446,62.20474],[6.05006,62.21039],[6.0298,62.21467],[5.99204,62.21841],[5.9826,62.22346],[5.97527,62.23432],[5.96518,62.24409],[5.94776,62.24567],[5.97836,62.27973],[6.02768,62.30573],[6.08334,62.32241],[6.13331,62.32827],[6.24733,62.36107],[6.3108,62.37206],[6.33872,62.35244],[6.34311,62.34553],[6.37289,62.3146],[6.3934,62.28046],[6.41334,62.26655],[6.45997,62.24799],[6.48219,62.232],[6.55047,62.1706],[6.5608,62.15209],[6.5569,62.13841],[6.53053,62.10912],[6.59205,62.13581],[6.5809,62.16035],[6.49488,62.25312],[6.41765,62.31118],[6.3978,62.33666],[6.38998,62.36469],[6.40024,62.38719],[6.43434,62.39647],[6.47975,62.40054],[6.50025,62.39932],[6.52377,62.39033],[6.53395,62.38349],[6.56471,62.35554],[6.56202,62.37165],[6.56251,62.38679],[6.55893,62.39838],[6.5442,62.40396],[6.5442,62.41079],[6.56365,62.41767],[6.6491,62.43488],[6.68898,62.44986],[6.70875,62.45173],[6.7234,62.44746],[6.7483,62.43415],[6.87916,62.41791],[6.88111,62.40241],[6.8733,62.38056],[6.87379,62.35554],[6.88624,62.34113],[6.97901,62.28364],[6.98927,62.27302],[6.99635,62.26166],[6.99936,62.25349],[7.0075,62.20889],[7.00522,62.19428],[6.9961,62.18244],[6.94272,62.13736],[6.93873,62.12181],[6.95582,62.10228],[6.98797,62.0893],[7.02125,62.09077],[7.09995,62.10456],[7.12485,62.11433],[7.13998,62.1166],[7.15268,62.11489],[7.18784,62.10228],[7.14967,62.1308],[7.02996,62.10041],[6.97934,62.11286],[6.9734,62.12938],[6.9865,62.14265],[7.02711,62.16718],[7.03712,62.18382],[7.03793,62.20303],[7.02605,62.26016],[7.02809,62.26602],[7.03777,62.27302],[7.05144,62.27603],[7.1128,62.28046],[7.20924,62.25088],[7.23292,62.25625],[7.25327,62.27106],[7.28126,62.28083],[7.31072,62.28156],[7.33595,62.26992],[7.35206,62.25751],[7.37338,62.2447],[7.39584,62.23493],[7.41505,62.232],[7.41505,62.23945],[7.37355,62.27302],[7.3318,62.28522],[7.32228,62.29035],[7.29347,62.29792],[7.16131,62.28661],[7.02133,62.30378],[6.95704,62.32534],[6.91407,62.36982],[6.9463,62.36986],[6.96144,62.37181],[6.9756,62.37665],[6.85157,62.45449],[6.83969,62.45917],[6.8187,62.46149],[6.77654,62.45978],[6.75652,62.46479],[6.77394,62.4704],[6.7907,62.47842],[6.6902,62.47753],[6.48365,62.43073],[6.39772,62.42503],[6.35922,62.43122],[6.34311,62.43842],[6.3191,62.45441],[6.3047,62.45917],[6.28452,62.45799],[6.26385,62.45307],[6.24293,62.45112],[6.22267,62.45917],[6.24969,62.46796],[6.33872,62.47224],[6.41521,62.48957],[6.43092,62.49616],[6.45362,62.50239],[6.53273,62.50113],[6.57114,62.49238],[6.67457,62.49274],[6.67457,62.49958],[6.65187,62.50332],[6.61378,62.52017],[6.56715,62.51032],[6.47608,62.51317],[6.47608,62.52001],[6.54322,62.52831],[6.56471,62.52749],[6.53297,62.53685],[6.26303,62.52749],[6.26743,62.53522],[6.26783,62.53701],[6.26588,62.53742],[6.26303,62.54108],[6.27052,62.55492],[6.26441,62.56245],[6.25416,62.56761],[6.24936,62.57465],[6.25489,62.58495],[6.26612,62.59296],[6.29103,62.60261],[6.31959,62.60855],[6.53736,62.61563],[6.55958,62.61115],[6.58326,62.59931],[6.60108,62.58185],[6.60572,62.56098],[6.61256,62.56098],[6.62224,62.58881],[6.62208,62.60122],[6.61256,62.60944],[6.62159,62.61957],[6.63217,62.62287],[6.64137,62.61945],[6.64666,62.60944],[6.6867,62.63373],[6.72983,62.65095],[6.75611,62.65461],[6.77711,62.65034],[6.88185,62.60155],[6.90056,62.58832],[6.9017,62.58259],[6.8982,62.57831],[6.90016,62.57559],[6.91782,62.57465],[6.92351,62.5786],[6.92066,62.58755],[6.91407,62.59699],[6.90797,62.60261],[6.91521,62.607],[6.92848,62.62303],[6.91627,62.62417],[6.90553,62.62808],[6.89601,62.63459],[6.88746,62.64354],[6.93165,62.65546],[7.0923,62.65095],[7.08432,62.63886],[7.07032,62.63044],[7.05356,62.62531],[7.03777,62.62303],[7.05201,62.60961],[7.09653,62.61221],[7.10597,62.59919],[7.10971,62.58344],[7.12534,62.55353],[7.12713,62.53368],[7.13315,62.53368],[7.13738,62.54316],[7.15089,62.5668],[7.15382,62.57465],[7.1504,62.58185],[7.13649,62.59418],[7.13315,62.59919],[7.15748,62.62922],[7.17221,62.62759],[7.20899,62.61563],[7.31544,62.60497],[7.365,62.59284],[7.43043,62.54804],[7.48878,62.54914],[7.51743,62.54108],[7.5276,62.52717],[7.53346,62.51089],[7.54249,62.50361],[7.56178,62.51659],[7.56666,62.52753],[7.56788,62.53994],[7.57293,62.54999],[7.58855,62.55414],[7.77817,62.57465],[7.74537,62.586],[7.50522,62.56635],[7.46274,62.57465],[7.44166,62.58405],[7.4227,62.59797],[7.41277,62.61473],[7.41822,62.633],[7.44451,62.64472],[7.47731,62.63959],[7.50025,62.61994],[7.49708,62.58832],[7.52019,62.58466],[7.53248,62.59512],[7.53297,62.61335],[7.51002,62.64948],[7.51059,62.66401],[7.5232,62.67438],[7.57114,62.6822],[7.61687,62.70014],[7.83595,62.73212],[7.94825,62.7309],[7.99562,62.73554],[8.01881,62.73359],[8.04176,62.72785],[8.12672,62.69379],[8.14747,62.69196],[8.12941,62.71841],[8.06511,62.7392],[8.0451,62.75959],[8.05437,62.76179],[8.06227,62.76606],[8.0687,62.77216],[8.07301,62.7801],[8.04868,62.77924],[8.00115,62.77009],[7.90886,62.76325],[7.86451,62.74958],[7.64601,62.72866],[7.52491,62.69196],[7.48927,62.68684],[7.38502,62.68757],[7.35971,62.69819],[7.39259,62.70466],[7.40358,62.7119],[7.3943,62.72101],[7.36655,62.7329],[7.40301,62.73859],[7.47153,62.76724],[7.68133,62.79438],[7.65699,62.79304],[7.60955,62.79609],[7.45045,62.77143],[7.41505,62.75959],[7.39527,62.75654],[7.35157,62.75536],[7.31251,62.74405],[6.97039,62.72557],[6.94899,62.7329],[6.96062,62.73241],[6.97153,62.73558],[6.97975,62.7425],[6.98308,62.75336],[6.97877,62.75922],[6.95997,62.76504],[6.95582,62.77045],[6.96192,62.78417],[6.97674,62.79702],[7.00978,62.81485],[7.05958,62.82632],[7.21583,62.81485],[7.19215,62.82197],[7.1548,62.84317],[7.13315,62.84894],[7.01661,62.84154],[7.00416,62.84829],[6.95582,62.88687],[6.94801,62.90546],[6.92897,62.9121],[6.88006,62.91108],[6.89112,62.9217],[6.91017,62.92939],[7.00017,62.95124],[7.07602,62.98286],[7.10825,62.99067],[7.17213,62.99803],[7.23764,63.01472],[7.27117,63.01411],[7.29762,63.0043],[7.34344,62.97842],[7.36997,62.97309],[7.42123,62.9514],[7.42644,62.94497],[7.44174,62.91787],[7.50115,62.91083],[7.55983,62.9313],[7.61598,62.96039],[7.6683,62.97932],[7.68995,62.98115],[7.77573,62.97753],[7.78045,62.9726],[7.77613,62.96499],[7.76759,62.95515],[7.7483,62.94208],[7.6683,62.91787],[7.69435,62.9121],[7.83204,62.94941],[7.84645,62.9514],[7.8812,62.95254],[7.89942,62.95576],[7.9393,62.97712],[7.97389,62.97696],[8.07553,62.95087],[8.08668,62.94522],[8.09303,62.93724],[8.09596,62.92914],[8.10108,62.92219],[8.11329,62.91787],[8.11394,62.89912],[8.1242,62.86774],[8.13933,62.83568],[8.15431,62.81485],[8.18971,62.79792],[8.27849,62.78705],[8.3191,62.777],[8.41521,62.72578],[8.44907,62.71931],[8.48072,62.71678],[8.51319,62.70742],[8.53777,62.68846],[8.54526,62.65717],[8.56723,62.68228],[8.56479,62.70356],[8.54396,62.72065],[8.45525,62.75625],[8.37672,62.77717],[8.33107,62.80069],[8.24627,62.81615],[8.18409,62.84772],[8.17205,62.85838],[8.16798,62.8769],[8.17115,62.89179],[8.17921,62.90217],[8.19207,62.90835],[8.20965,62.91108],[8.19793,62.91503],[8.18605,62.9173],[8.17506,62.92072],[8.16489,62.92813],[8.15992,62.93472],[8.15382,62.94538],[8.14747,62.9514],[8.12908,62.95966],[8.08692,62.96723],[8.00074,63.00666],[7.99724,63.00951],[7.98805,63.02294],[7.98308,63.02709],[7.97234,63.02896],[7.96127,63.02814],[7.95118,63.02509],[7.94264,63.02025],[7.95395,63.02074],[7.9607,63.0187],[7.9651,63.01406],[7.96998,63.00666],[7.94801,63.00324],[7.91407,63.00194],[7.88502,63.00397],[7.87721,63.0104],[7.89332,63.02265],[7.93116,63.03783],[7.9489,63.04755],[7.98129,63.08137],[7.99733,63.09227],[8.01686,63.10098],[8.04005,63.10765],[8.06414,63.11099],[8.08668,63.10969],[8.10222,63.10444],[8.1211,63.09406],[8.13396,63.08027],[8.12843,63.05024],[8.14161,63.03701],[8.16041,63.02643],[8.17547,63.02025],[8.24676,63.00796],[8.26783,62.99673],[8.2859,62.98208],[8.29542,62.9798],[8.31267,62.97932],[8.32203,62.97773],[8.33009,62.97337],[8.33619,62.96695],[8.33985,62.95881],[8.30934,62.94457],[8.31886,62.93012],[8.33644,62.9121],[8.32936,62.88687],[8.32927,62.88068],[8.34449,62.88239],[8.37403,62.88996],[8.38941,62.88988],[8.40301,62.88691],[8.48805,62.85297],[8.52296,62.84431],[8.53858,62.85236],[8.52418,62.87128],[8.45436,62.88349],[8.42872,62.8968],[8.45069,62.89566],[8.57399,62.87543],[8.59376,62.86945],[8.6058,62.8627],[8.6242,62.84797],[8.63478,62.84154],[8.65089,62.83588],[8.68572,62.82836],[8.70297,62.82225],[8.61988,62.87792],[8.59636,62.8852],[8.52084,62.89216],[8.49887,62.89826],[8.47975,62.90717],[8.42302,62.94758],[8.4157,62.95881],[8.64422,62.96735],[8.66879,62.97932],[8.63998,62.98876],[8.57537,62.97993],[8.54526,62.97932],[8.52174,62.9892],[8.53346,63.00031],[8.58627,63.02025],[8.55372,63.02265],[8.48805,62.99405],[8.39357,62.97281],[8.37403,62.97309],[8.36948,62.97578],[8.35873,62.98583],[8.35328,62.98981],[8.34506,62.99315],[8.31951,62.99982],[8.35524,63.00829],[8.43539,63.00983],[8.47023,63.02025],[8.43531,63.03144],[8.30519,63.02025],[8.26222,63.02163],[8.23854,63.02546],[8.22316,63.03335],[8.22185,63.03852],[8.22242,63.04629],[8.22438,63.0537],[8.22885,63.06306],[8.22495,63.06599],[8.21925,63.06851],[8.21632,63.07184],[8.20289,63.09268],[8.17823,63.10497],[8.16554,63.1153],[8.18849,63.13011],[8.21974,63.13447],[8.24195,63.12352],[8.26319,63.10737],[8.29151,63.09601],[8.28972,63.09138],[8.28679,63.08015],[8.28468,63.07551],[8.30714,63.0786],[8.31861,63.08242],[8.32618,63.08857],[8.32504,63.0939],[8.31837,63.09764],[8.31381,63.10212],[8.31951,63.10969],[8.30437,63.12515],[8.28305,63.13312],[8.23618,63.14322],[8.23618,63.1507],[8.54363,63.13239],[8.64096,63.10969],[8.62452,63.12812],[8.57594,63.14423],[8.56577,63.1612],[8.57879,63.17455],[8.60873,63.1811],[8.84995,63.20344],[8.94313,63.21206],[8.86899,63.21048],[8.64845,63.20588],[8.62371,63.20148],[8.61215,63.2038],[8.6032,63.22427],[8.59311,63.23554],[8.57325,63.25308],[8.52703,63.279],[8.50196,63.28856],[8.47641,63.29401],[8.51466,63.30589],[8.702,63.32396],[8.73756,63.33466],[8.76441,63.34927],[8.7282,63.34919],[8.71111,63.35122],[8.69557,63.35668],[8.68881,63.36298],[8.68214,63.37189],[8.67457,63.37987],[8.63893,63.39208],[8.64682,63.40917],[8.67237,63.42121],[8.71827,63.40815],[8.7409,63.41413],[8.7658,63.42451],[8.78639,63.42984],[8.79176,63.43122],[8.82342,63.42939],[8.84262,63.42036],[8.8589,63.40835],[8.88111,63.39765],[8.89137,63.42133],[8.92612,63.4239],[8.96754,63.41852],[8.99724,63.41816],[8.99724,63.42438],[8.9734,63.42438],[8.96746,63.43342],[8.97486,63.4466],[9.00082,63.46613],[9.00636,63.46723],[9.01832,63.46654],[9.05299,63.45234],[9.11451,63.41816],[9.12306,63.40729],[9.12859,63.39545],[9.13551,63.38443],[9.14861,63.37592],[9.12623,63.36225],[9.10288,63.34321],[9.08872,63.32001],[9.09344,63.29401],[9.12525,63.32062],[9.14308,63.33088],[9.19158,63.33845],[9.26466,63.36294],[9.43458,63.38044],[9.4769,63.40388],[9.44996,63.40095],[9.39389,63.38666],[9.26026,63.38125],[9.22999,63.37287],[9.21803,63.37202],[9.20436,63.37653],[9.19166,63.38361],[9.16774,63.402],[9.16912,63.42121],[9.18295,63.43452],[9.48194,63.47321],[9.4839,63.47606],[9.48439,63.48265],[9.48072,63.48705],[9.47218,63.48554],[9.45655,63.47956],[9.36427,63.46625],[9.33302,63.46654],[9.30063,63.47777],[9.28533,63.47956],[9.27996,63.48237],[9.26808,63.49555],[9.25782,63.50007],[9.26205,63.48517],[9.26808,63.47346],[9.2776,63.46479],[9.29217,63.45913],[9.21022,63.45942],[9.16733,63.46686],[9.14861,63.48583],[9.16196,63.50715],[9.19256,63.51362],[9.24431,63.51374],[9.23715,63.53449],[9.25587,63.53531],[9.28338,63.52969],[9.30226,63.53083],[9.31902,63.54328],[9.34278,63.55561],[9.36801,63.5633],[9.38819,63.5622],[9.3777,63.55386],[9.37452,63.5423],[9.37827,63.53046],[9.38819,63.52119],[9.40333,63.51846],[9.41668,63.52489],[9.46013,63.56167],[9.47682,63.57176],[9.49537,63.57689],[9.51857,63.57518],[9.53639,63.56729],[9.55991,63.54584],[9.57325,63.541],[9.56056,63.56586],[9.54591,63.58055],[9.52418,63.58763],[9.49057,63.58942],[9.51677,63.60371],[9.54607,63.6103],[9.60792,63.61677],[9.66765,63.63776],[9.69907,63.64448],[9.72397,63.63666],[9.72023,63.62075],[9.73959,63.60261],[9.78549,63.57518],[9.79998,63.56314],[9.81072,63.54857],[9.81381,63.53205],[9.80592,63.51374],[9.89869,63.47736],[9.94744,63.44953],[9.96062,63.42772],[9.94142,63.39448],[9.92848,63.37718],[9.83326,63.3288],[9.8567,63.32543],[9.89422,63.3312],[9.93133,63.34178],[9.97918,63.36347],[10.01344,63.36188],[10.04705,63.35228],[10.09929,63.3249],[10.13893,63.32233],[10.21127,63.3288],[10.2422,63.32632],[10.25441,63.31444],[10.25904,63.26728],[10.26857,63.27302],[10.27223,63.28168],[10.27215,63.30488],[10.27329,63.30781],[10.27573,63.30948],[10.27833,63.3122],[10.27955,63.31826],[10.27735,63.3238],[10.27272,63.32685],[10.26808,63.32892],[10.26588,63.33194],[10.24488,63.34406],[10.08399,63.36127],[10.0687,63.36555],[10.05641,63.37287],[10.04908,63.3819],[10.04225,63.39476],[10.04086,63.4064],[10.04957,63.41132],[10.06007,63.41498],[10.08367,63.43256],[10.094,63.43867],[10.15602,63.45234],[10.30047,63.46654],[10.31723,63.46369],[10.35467,63.44489],[10.37306,63.44172],[10.38689,63.44306],[10.41554,63.45234],[10.44728,63.45677],[10.48194,63.45466],[10.51596,63.44709],[10.54615,63.43488],[10.57691,63.43073],[10.69044,63.45234],[10.69597,63.44733],[10.7588,63.43867],[10.7837,63.42304],[10.79786,63.41739],[10.81023,63.42121],[10.82976,63.44058],[10.84099,63.444],[10.87591,63.44591],[10.87599,63.44595],[10.89308,63.44953],[10.90805,63.45624],[10.91635,63.46654],[10.82252,63.4759],[10.77768,63.48749],[10.7588,63.51748],[10.78077,63.53901],[10.83107,63.55036],[10.92262,63.55475],[10.92262,63.5622],[10.87729,63.5644],[10.85694,63.56932],[10.8615,63.5786],[10.87916,63.58332],[10.89698,63.58438],[10.91236,63.58853],[10.92262,63.60248],[10.85133,63.59809],[10.81756,63.59077],[10.78598,63.5786],[10.76832,63.57404],[10.73015,63.57176],[10.71437,63.56493],[10.70216,63.55744],[10.68751,63.55195],[10.67164,63.54877],[10.65642,63.54853],[10.65642,63.55475],[10.67262,63.55817],[10.68002,63.56761],[10.68605,63.57746],[10.69728,63.58198],[10.70509,63.58369],[10.70851,63.58784],[10.71062,63.59333],[10.71437,63.59907],[10.71974,63.6035],[10.72934,63.60883],[10.73471,63.61335],[10.75571,63.62507],[10.78777,63.63483],[10.84457,63.64411],[10.86427,63.65152],[10.90545,63.68448],[11.03346,63.71918],[11.0569,63.71605],[11.08302,63.70458],[11.11964,63.70449],[11.15675,63.71113],[11.18385,63.71979],[11.20582,63.73371],[11.2422,63.76508],[11.2658,63.7744],[11.33725,63.78417],[11.44304,63.78608],[11.45769,63.78998],[11.46388,63.8017],[11.45973,63.81245],[11.44939,63.81892],[11.43637,63.82184],[11.42408,63.82221],[11.42758,63.82526],[11.43426,63.83267],[11.43775,63.83588],[11.41521,63.85008],[11.35475,63.84813],[11.32732,63.85297],[11.30193,63.86294],[11.27711,63.86738],[11.2518,63.86717],[11.11158,63.84955],[11.10174,63.85187],[11.09653,63.8581],[11.09457,63.86689],[11.09449,63.87686],[11.09645,63.88963],[11.1019,63.8935],[11.11232,63.89411],[11.17661,63.90925],[11.20037,63.91975],[11.21062,63.93521],[11.22332,63.94546],[11.29998,63.96556],[11.43686,63.98314],[11.46315,63.99323],[11.48683,64.00666],[11.49789,64.02082],[11.45444,64.0174],[11.44174,64.0257],[11.42628,64.02879],[11.36655,64.02729],[11.26205,64.03612],[11.25424,64.03791],[11.24195,64.05158],[11.24049,64.06102],[11.25245,64.06806],[11.28004,64.07612],[11.34506,64.10489],[11.36207,64.11709],[11.32838,64.11441],[11.29998,64.10716],[11.22535,64.07197],[11.20346,64.02741],[11.1976,64.02082],[11.17514,64.00703],[10.96274,63.94794],[10.93629,63.93635],[10.91098,63.9217],[10.89226,63.90754],[10.87135,63.8972],[10.83806,63.88727],[10.72006,63.86982],[10.68865,63.8603],[10.64617,63.83324],[10.59539,63.82026],[10.57374,63.80915],[10.59376,63.80878],[10.61313,63.81147],[10.6316,63.81631],[10.68914,63.84016],[10.70069,63.84272],[10.77003,63.85029],[10.90024,63.89472],[10.93491,63.89814],[11.00066,63.87743],[11.03028,63.87198],[11.056,63.86127],[11.07399,63.83588],[11.05348,63.83149],[11.0298,63.82343],[11.0075,63.81314],[10.99147,63.8017],[10.98715,63.79438],[10.98227,63.77578],[10.97788,63.76756],[10.97169,63.76317],[10.9546,63.75593],[10.94703,63.75019],[10.91,63.73102],[10.81105,63.72016],[10.74073,63.69038],[10.67172,63.68684],[10.64275,63.67764],[10.63356,63.66962],[10.61158,63.64033],[10.60231,63.63593],[10.56666,63.62519],[10.52963,63.61945],[10.41578,63.57941],[10.40162,63.57636],[10.36671,63.57319],[10.33546,63.56415],[10.32016,63.5622],[10.24138,63.5622],[10.22836,63.55882],[10.20484,63.54434],[10.19361,63.541],[10.16635,63.53693],[10.08033,63.50751],[10.04103,63.50165],[9.99838,63.50007],[9.99155,63.49828],[9.98569,63.49502],[9.98015,63.49335],[9.97389,63.49665],[9.96925,63.50019],[9.96274,63.50373],[9.9559,63.5065],[9.91822,63.51472],[9.90838,63.53242],[9.90398,63.55459],[9.88795,63.57518],[9.89845,63.58637],[9.90211,63.58942],[9.88559,63.59504],[9.84986,63.59736],[9.83326,63.60248],[9.81821,63.61408],[9.8108,63.62714],[9.81446,63.63825],[9.83326,63.64411],[9.82643,63.65351],[9.81715,63.65884],[9.79225,63.66454],[9.79558,63.66852],[9.79737,63.67178],[9.80006,63.67471],[9.80592,63.67764],[9.8034,63.68159],[9.79908,63.69184],[9.84344,63.69623],[9.92408,63.71548],[9.99985,63.72386],[10.03631,63.73461],[10.07097,63.74995],[10.10141,63.76756],[10.07594,63.76581],[10.03028,63.74799],[10.00522,63.74653],[10.00961,63.75764],[10.01759,63.76594],[10.02801,63.77139],[10.03932,63.7744],[10.02955,63.78351],[10.01197,63.7801],[9.99187,63.77204],[9.97389,63.76756],[9.95582,63.7663],[9.90659,63.75727],[9.8576,63.73163],[9.77955,63.72321],[9.72885,63.70209],[9.64894,63.69929],[9.64568,63.69636],[9.64381,63.69164],[9.64283,63.6872],[9.6421,63.68504],[9.63705,63.68431],[9.62582,63.68586],[9.6211,63.68504],[9.58676,63.67137],[9.54412,63.66559],[9.55128,63.68309],[9.56788,63.70677],[9.55274,63.71979],[9.55274,63.72602],[9.71949,63.76288],[9.77809,63.76756],[9.77809,63.7744],[9.58131,63.7591],[9.54591,63.7744],[9.66277,63.81879],[9.83123,63.86164],[9.87428,63.86319],[9.87428,63.86937],[9.83074,63.87059],[9.81121,63.87474],[9.79225,63.88369],[9.8921,63.90253],[9.91236,63.90078],[9.91456,63.89151],[9.90773,63.88642],[9.90675,63.8841],[9.92579,63.88369],[9.93686,63.8863],[9.97047,63.9042],[10.06804,63.91767],[10.11598,63.94111],[10.17368,63.93407],[10.19703,63.9383],[10.17237,63.95722],[10.15886,63.96369],[10.14177,63.96556],[10.12615,63.96206],[10.09571,63.94868],[10.06398,63.94359],[10.03126,63.93427],[9.99391,63.92939],[9.96192,63.91885],[9.94313,63.9184],[9.97267,63.94184],[10.08725,63.9665],[10.1281,63.98672],[10.11305,63.98701],[10.10222,63.98212],[10.09213,63.97606],[10.08033,63.97305],[10.06959,63.9763],[10.06446,63.98281],[10.0586,63.9868],[9.99301,63.96454],[9.96306,63.95966],[9.93629,63.95942],[9.94483,63.97163],[9.97234,63.98383],[9.98414,63.99348],[9.98927,64.00951],[9.99122,64.0257],[9.99806,64.03628],[10.01824,64.0351],[10.01393,64.04426],[10.01441,64.04922],[10.02565,64.06245],[10.01482,64.0705],[10.00318,64.08198],[9.99578,64.09545],[9.99781,64.10956],[10.01368,64.1188],[10.03582,64.11546],[10.08432,64.10126],[10.0984,64.09186],[10.10792,64.08975],[10.19207,64.10147],[10.20883,64.10977],[10.21754,64.12393],[10.19142,64.11738],[10.10768,64.11709],[10.11736,64.13044],[10.1338,64.1385],[10.1526,64.14077],[10.16969,64.13691],[10.16098,64.14765],[10.15602,64.15119],[10.15602,64.15803],[10.19703,64.15803],[10.18523,64.16087],[10.17791,64.16669],[10.17677,64.17495],[10.18336,64.18537],[10.17758,64.18903],[10.17449,64.19257],[10.17237,64.19595],[10.16969,64.19896],[10.18775,64.1979],[10.20541,64.19404],[10.22218,64.19261],[10.23732,64.19896],[10.23439,64.20108],[10.23341,64.2014],[10.23113,64.2058],[10.25465,64.20551],[10.29713,64.20995],[10.32,64.2058],[10.36508,64.18504],[10.37452,64.18537],[10.36541,64.20718],[10.3235,64.22224],[10.24537,64.23379],[10.2588,64.24559],[10.2837,64.25251],[10.33351,64.26044],[10.33082,64.26411],[10.32683,64.27412],[10.35157,64.27497],[10.39731,64.26439],[10.39186,64.27778],[10.39137,64.28779],[10.40748,64.28929],[10.43629,64.28498],[10.44939,64.29043],[10.46258,64.29413],[10.47633,64.29584],[10.49122,64.29523],[10.49122,64.30142],[10.45769,64.30101],[10.44955,64.31281],[10.45216,64.331],[10.45021,64.3498],[10.47096,64.35041],[10.47755,64.3498],[10.47071,64.35663],[10.49391,64.35643],[10.51734,64.35004],[10.55942,64.32933],[10.55356,64.34345],[10.53932,64.35326],[10.50473,64.36408],[10.50473,64.37031],[10.54754,64.36888],[10.56739,64.36392],[10.59832,64.34577],[10.61459,64.34642],[10.64894,64.35663],[10.64894,64.36408],[10.62086,64.36294],[10.60711,64.36555],[10.60108,64.37397],[10.5984,64.383],[10.59132,64.38801],[10.58139,64.39029],[10.57032,64.39077],[10.56691,64.39301],[10.56422,64.39789],[10.56023,64.40278],[10.55299,64.4051],[10.46388,64.4051],[10.47104,64.41572],[10.48308,64.42373],[10.49733,64.4291],[10.51157,64.43171],[10.54412,64.42617],[10.59913,64.40209],[10.62827,64.39765],[10.62322,64.41035],[10.61313,64.4208],[10.60222,64.4265],[10.59425,64.42487],[10.59197,64.43012],[10.58766,64.43277],[10.58546,64.43431],[10.59327,64.44139],[10.59929,64.4488],[10.60475,64.45222],[10.61524,64.4501],[10.63111,64.44074],[10.63893,64.43854],[10.64625,64.43537],[10.65886,64.42129],[10.66627,64.41812],[10.7212,64.41812],[10.73194,64.41576],[10.73666,64.4101],[10.73976,64.40339],[10.74513,64.39765],[10.75375,64.39305],[10.81511,64.37027],[10.83497,64.36913],[10.85499,64.37775],[10.79933,64.40078],[10.78663,64.41128],[10.80519,64.4208],[10.79664,64.43232],[10.77459,64.44188],[10.75261,64.44599],[10.67994,64.43903],[10.65642,64.44599],[10.65642,64.45222],[10.67042,64.45429],[10.69215,64.46792],[10.70411,64.47272],[10.7151,64.47248],[10.74,64.4667],[10.75261,64.46589],[10.75278,64.46817],[10.75441,64.47305],[10.75733,64.47793],[10.76222,64.48017],[10.79282,64.48017],[10.80584,64.47651],[10.82732,64.46727],[10.84116,64.46589],[10.83692,64.4829],[10.82748,64.49189],[10.81471,64.4982],[10.8003,64.50747],[10.82472,64.51138],[10.8484,64.50487],[10.86931,64.49201],[10.88543,64.47647],[10.89226,64.47468],[10.90024,64.48041],[10.90846,64.48835],[10.91635,64.49315],[10.92726,64.49217],[10.93621,64.48745],[10.94549,64.48404],[10.95672,64.48701],[10.92628,64.50202],[10.92262,64.50747],[10.92791,64.51337],[10.93881,64.51293],[10.96412,64.50747],[10.96412,64.51496],[10.94988,64.52049],[10.94874,64.52871],[10.95362,64.53921],[10.95672,64.55219],[10.95167,64.55878],[10.93995,64.56611],[10.92644,64.57241],[10.91635,64.57575],[10.91635,64.58259],[10.92677,64.58198],[10.93483,64.58356],[10.95045,64.59003],[10.95346,64.59276],[10.95574,64.59724],[10.95704,64.6013],[10.95672,64.60301],[10.9712,64.60261],[10.99537,64.5926],[11.05193,64.57982],[11.06031,64.57575],[11.06349,64.56615],[11.05974,64.54743],[11.06349,64.53815],[11.07618,64.52363],[11.08432,64.52147],[11.10133,64.52114],[11.16725,64.48916],[11.17807,64.47866],[11.17612,64.46548],[11.16277,64.44599],[11.18507,64.4416],[11.24537,64.45222],[11.26979,64.45258],[11.29396,64.44916],[11.31772,64.44212],[11.34156,64.43171],[11.3318,64.4121],[11.32032,64.39867],[11.26873,64.36664],[11.22486,64.32246],[11.24741,64.32559],[11.26734,64.3395],[11.29998,64.37031],[11.37761,64.39716],[11.38933,64.4051],[11.36997,64.41071],[11.36207,64.41128],[11.36964,64.42015],[11.39723,64.44575],[11.40984,64.45222],[11.41676,64.45063],[11.43458,64.4409],[11.44337,64.43854],[11.45387,64.43993],[11.47739,64.45222],[11.52027,64.46247],[11.61264,64.46955],[11.65626,64.48017],[11.43775,64.46589],[11.44776,64.477],[11.45167,64.49628],[11.4607,64.51118],[11.47527,64.51724],[11.52133,64.51822],[11.53956,64.52114],[11.53956,64.52798],[11.52809,64.52936],[11.51808,64.53315],[11.51043,64.53937],[11.50603,64.54841],[11.57374,64.55585],[11.55445,64.5445],[11.54705,64.54157],[11.57008,64.53726],[11.65626,64.56953],[11.7505,64.58568],[11.7798,64.59687],[11.65952,64.59431],[11.63575,64.58259],[11.62452,64.5926],[11.62794,64.60261],[11.63356,64.61298],[11.62892,64.62417],[11.61118,64.62861],[11.58912,64.62295],[11.56788,64.61253],[11.55323,64.60301],[11.56267,64.59854],[11.57276,64.59638],[11.58351,64.59601],[11.59474,64.59687],[11.57716,64.57502],[11.54762,64.56818],[11.51677,64.57294],[11.49488,64.58633],[11.48552,64.59528],[11.46388,64.61127],[11.45444,64.62043],[11.44337,64.62714],[11.42954,64.63158],[11.42066,64.63638],[11.42408,64.64399],[11.42408,64.65143],[11.41261,64.65599],[11.40203,64.66315],[11.39568,64.67284],[11.39617,64.68561],[11.40203,64.6883],[11.41139,64.6861],[11.42018,64.6861],[11.42408,64.69587],[11.42066,64.69941],[11.41261,64.70295],[11.40333,64.70563],[11.39617,64.70673],[11.42107,64.71381],[11.47983,64.71955],[11.53175,64.74457],[11.56039,64.74234],[11.58855,64.7364],[11.6159,64.74022],[11.61004,64.74152],[11.59474,64.74771],[11.59523,64.75849],[11.58416,64.76203],[11.56772,64.76333],[11.55323,64.76752],[11.79038,64.78364],[11.82325,64.79377],[11.84181,64.79487],[11.84181,64.80231],[11.73878,64.80231],[11.74562,64.80915],[11.71656,64.81122],[11.67091,64.82062],[11.64324,64.82274],[11.67709,64.8321],[11.78728,64.83584],[11.78679,64.84073],[11.78549,64.84382],[11.7798,64.85008],[11.78728,64.85757],[11.71892,64.84125],[11.6836,64.83706],[11.64942,64.84321],[11.70851,64.8583],[11.72608,64.87661],[11.74545,64.88418],[11.76645,64.88923],[11.81446,64.89509],[11.91684,64.9252],[11.99195,64.93024],[12.0088,64.93602],[12.0193,64.94318],[12.05095,64.95734],[12.06373,64.95995],[12.22486,64.93944],[12.18629,64.95954],[12.14389,64.96943],[12.05348,64.97297],[12.03346,64.96992],[11.99806,64.9562],[11.98219,64.95311],[11.91163,64.94941],[11.73878,64.89106],[11.61704,64.86961],[11.60841,64.86197],[11.62208,64.85008],[11.62208,64.84321],[11.54762,64.81965],[11.52247,64.8159],[11.49497,64.81489],[11.47828,64.81061],[11.46485,64.80121],[11.44744,64.7849],[11.42677,64.77025],[11.40333,64.75971],[11.37859,64.75243],[11.261,64.73436],[11.23854,64.74022],[11.25099,64.74535],[11.31007,64.75601],[11.3379,64.76537],[11.35141,64.76752],[11.36052,64.77123],[11.4214,64.80829],[11.4297,64.8159],[11.34636,64.805],[11.30242,64.82197],[11.25506,64.8166],[11.2317,64.82274],[11.2527,64.83784],[11.28199,64.84455],[11.52377,64.86253],[11.66489,64.89326],[11.69711,64.91218],[11.67254,64.9123],[11.60157,64.89106],[11.24537,64.85757],[11.26726,64.86982],[11.40138,64.92227],[11.42319,64.9252],[11.45021,64.92231],[11.51222,64.8985],[11.53338,64.8959],[11.55421,64.89907],[11.57447,64.90693],[11.59474,64.91836],[11.59474,64.9252],[11.57789,64.92255],[11.54933,64.90795],[11.53395,64.90473],[11.52198,64.90815],[11.47739,64.9326],[11.49537,64.94086],[11.56007,64.95311],[11.58009,64.95283],[11.6211,64.9444],[11.63575,64.94562],[11.63071,64.94892],[11.62241,64.95645],[11.6159,64.95995],[11.62908,64.96589],[11.63982,64.9628],[11.65016,64.95649],[11.6631,64.95311],[11.71062,64.95726],[11.76677,64.97089],[11.77638,64.97671],[11.82016,64.98119],[11.83497,64.98664],[11.81772,64.9914],[11.80454,64.9986],[11.80152,65.00764],[11.81422,65.01801],[11.87257,65.0419],[11.90756,65.04914],[11.94313,65.06245],[11.97853,65.06883],[12.01246,65.05549],[12.00929,65.04609],[12.0101,65.03596],[12.01547,65.02961],[12.02613,65.03132],[12.03142,65.03636],[12.03875,65.05158],[12.04347,65.05899],[12.05445,65.06558],[12.06039,65.06004],[12.06316,65.05069],[12.06373,65.0456],[12.07594,65.03946],[12.09002,65.04145],[12.10369,65.04654],[12.11557,65.0493],[12.13705,65.0467],[12.15317,65.03946],[12.16586,65.02847],[12.17701,65.01459],[12.17636,65.01122],[12.17604,65.00975],[12.17262,65.00361],[12.17319,64.99779],[12.18434,64.99409],[12.19402,64.99486],[12.20151,64.99917],[12.20167,64.99925],[12.20729,65.00605],[12.21119,65.01459],[12.20183,65.01952],[12.19313,65.02595],[12.18686,65.03449],[12.18434,65.0456],[12.19313,65.05048],[12.28094,65.06013],[12.33904,65.08246],[12.36883,65.09028],[12.438,65.08462],[12.47153,65.0893],[12.48609,65.11351],[12.5075,65.12124],[12.60646,65.12596],[12.63624,65.13129],[12.62037,65.13687],[12.61199,65.13825],[12.60222,65.13744],[12.61736,65.14985],[12.63722,65.15351],[12.65838,65.15449],[12.67726,65.15917],[12.71559,65.18464],[12.77459,65.21157],[12.79054,65.21381],[12.79623,65.21898],[12.80104,65.23054],[12.80738,65.24209],[12.81788,65.2473],[12.83806,65.25361],[12.931,65.3124],[12.93995,65.32783],[12.93181,65.3332],[12.89625,65.312],[12.85662,65.29572],[12.84555,65.28946],[12.82537,65.2746],[12.66822,65.19595],[12.5687,65.16669],[12.55372,65.16535],[12.54103,65.16226],[12.5149,65.1481],[12.50278,65.14492],[12.42905,65.13923],[12.39015,65.14252],[12.36883,65.15176],[12.38168,65.17723],[12.47055,65.1826],[12.4992,65.20014],[12.48764,65.20002],[12.46127,65.20283],[12.45143,65.20637],[12.43832,65.21381],[12.43784,65.21613],[12.43873,65.22468],[12.43832,65.22687],[12.417,65.23021],[12.37794,65.22138],[12.35515,65.21996],[12.35515,65.22687],[12.38998,65.24266],[12.40821,65.24689],[12.43092,65.2473],[12.47999,65.2403],[12.50807,65.24067],[12.52019,65.25072],[12.67701,65.24921],[12.71209,65.25414],[12.68067,65.26268],[12.58815,65.26097],[12.51645,65.26777],[12.5027,65.26537],[12.47478,65.25536],[12.45818,65.25414],[12.46266,65.26411],[12.46502,65.26777],[12.43572,65.27334],[12.34547,65.26777],[12.32057,65.2602],[12.29949,65.2447],[12.27622,65.23225],[12.24529,65.23363],[12.25717,65.2451],[12.30047,65.26777],[12.31202,65.27631],[12.33058,65.29511],[12.34213,65.30256],[12.3781,65.30939],[12.41627,65.30878],[12.45143,65.31354],[12.47869,65.33666],[12.45997,65.33682],[12.41033,65.32246],[12.41863,65.33515],[12.43295,65.34455],[12.49204,65.36913],[12.4992,65.37084],[12.50636,65.3688],[12.51026,65.36408],[12.51295,65.35932],[12.51645,65.35716],[12.60084,65.35468],[12.62574,65.34724],[12.63966,65.33527],[12.6565,65.32575],[12.67449,65.32258],[12.69158,65.32982],[12.66277,65.35468],[12.62436,65.35757],[12.58334,65.35847],[12.54705,65.364],[12.5381,65.3725],[12.53395,65.39191],[12.52703,65.40559],[12.51482,65.41694],[12.48878,65.43232],[12.47869,65.44652],[12.52801,65.44868],[12.54859,65.44701],[12.56739,65.43976],[12.57,65.43525],[12.56902,65.42935],[12.56902,65.42349],[12.57423,65.41865],[12.58334,65.41791],[12.59164,65.42988],[12.60222,65.43232],[12.62924,65.42121],[12.68067,65.37995],[12.71209,65.37084],[12.6408,65.41641],[12.62941,65.43232],[12.64975,65.45026],[12.78028,65.45962],[12.74098,65.46776],[12.60841,65.45962],[12.60841,65.46703],[12.62078,65.46967],[12.64389,65.47809],[12.65691,65.4807],[12.6338,65.48798],[12.59653,65.48859],[12.57797,65.49803],[12.56463,65.51366],[12.57325,65.51927],[12.59352,65.52192],[12.61573,65.52851],[12.59425,65.534],[12.57944,65.54951],[12.5726,65.56989],[12.57423,65.58999],[12.55193,65.56802],[12.53712,65.53482],[12.51368,65.51215],[12.46502,65.52167],[12.48634,65.53803],[12.50815,65.54914],[12.52573,65.56184],[12.53386,65.58316],[12.51002,65.57372],[12.46656,65.53685],[12.43832,65.52851],[12.40431,65.53498],[12.39649,65.55191],[12.40431,65.57412],[12.41717,65.59675],[12.39731,65.59626],[12.38168,65.59243],[12.36842,65.59268],[12.35515,65.60419],[12.35711,65.60773],[12.35914,65.61758],[12.35768,65.6293],[12.34889,65.63837],[12.36411,65.65249],[12.3982,65.67121],[12.41375,65.68277],[12.43043,65.70043],[12.43832,65.706],[12.44801,65.71044],[12.46681,65.71674],[12.4756,65.72403],[12.49537,65.73334],[12.52508,65.73436],[12.55454,65.7294],[12.57423,65.72028],[12.58131,65.71308],[12.58546,65.70661],[12.58741,65.69937],[12.5879,65.6896],[12.59425,65.68635],[12.63624,65.68618],[12.62648,65.6811],[12.61573,65.67329],[12.60825,65.66315],[12.60841,65.65135],[12.615,65.65249],[12.65691,65.63837],[12.69313,65.64427],[12.71241,65.64411],[12.7409,65.62971],[12.75782,65.63019],[12.77491,65.63394],[12.78712,65.63837],[12.77687,65.64907],[12.75815,65.65526],[12.73707,65.65815],[12.69663,65.65913],[12.6836,65.66144],[12.67433,65.66747],[12.66358,65.67935],[12.65846,65.69009],[12.65594,65.70116],[12.65016,65.70991],[12.6233,65.71564],[12.58644,65.72773],[12.57423,65.73395],[12.55779,65.75373],[12.56715,65.76655],[12.61573,65.78913],[12.63429,65.80272],[12.64536,65.80768],[12.66033,65.80972],[12.67311,65.80585],[12.68507,65.7978],[12.69874,65.79059],[12.71754,65.78913],[12.7046,65.80223],[12.71119,65.82713],[12.6937,65.83552],[12.66619,65.83421],[12.62631,65.82738],[12.61573,65.82795],[12.61166,65.83466],[12.61573,65.85065],[12.6198,65.85529],[12.63136,65.85977],[12.63624,65.86433],[12.63893,65.87116],[12.64039,65.88565],[12.64243,65.89159],[12.66041,65.91181],[12.6823,65.92666],[12.78907,65.96499],[12.81739,65.96874],[12.84848,65.9667],[12.91749,65.95303],[12.9297,65.94628],[12.95167,65.93073],[12.96583,65.92573],[12.98536,65.92528],[13.0228,65.92975],[13.04038,65.92573],[13.04859,65.91962],[13.05934,65.90497],[13.06821,65.89838],[13.07732,65.89541],[13.094,65.8937],[13.10255,65.89159],[13.10808,65.89134],[13.11492,65.89232],[13.12045,65.89216],[13.12289,65.88817],[13.12273,65.87954],[13.12289,65.87792],[13.15699,65.85065],[13.17604,65.85578],[13.167,65.87165],[13.15105,65.89248],[13.14967,65.9121],[13.13356,65.92426],[13.12599,65.93334],[13.12289,65.9431],[13.11256,65.94684],[13.04851,65.94684],[12.97836,65.95991],[12.94239,65.97386],[12.92433,65.99405],[12.94557,65.99982],[12.96315,66.0102],[12.96803,66.02285],[12.95151,66.03559],[12.97055,66.0528],[13.02361,66.06729],[13.04038,66.08344],[13.00221,66.08267],[12.92726,66.06147],[12.71209,66.04243],[12.71551,66.04694],[12.71713,66.05012],[12.71957,66.05288],[12.7256,66.0561],[12.7129,66.06147],[12.69939,66.06338],[12.67042,66.06289],[12.68719,66.07461],[12.75172,66.10513],[12.7732,66.11131],[12.80592,66.11563],[12.86899,66.13434],[13.04754,66.15229],[13.07537,66.14606],[13.08953,66.14614],[13.09555,66.15542],[13.10369,66.16157],[13.15675,66.16938],[13.17351,66.17536],[13.22535,66.18578],[13.306,66.21792],[13.52719,66.24014],[13.56178,66.2342],[13.57651,66.21894],[13.55738,66.20515],[13.5232,66.19571],[13.49285,66.1933],[13.49285,66.18578],[13.58229,66.18578],[13.57163,66.17243],[13.54461,66.152],[13.53443,66.13862],[13.53012,66.12027],[13.5359,66.11054],[13.5477,66.10798],[13.56178,66.11131],[13.57358,66.11921],[13.60092,66.1433],[13.61695,66.15229],[13.63966,66.15729],[13.71192,66.15851],[13.74659,66.16625],[13.76026,66.16596],[13.77101,66.16323],[13.78981,66.15526],[13.82163,66.14704],[13.83041,66.14875],[13.83481,66.15851],[13.8318,66.16852],[13.82244,66.17182],[13.77662,66.17617],[13.70509,66.17276],[13.60955,66.18578],[13.64112,66.22061],[13.69646,66.23871],[13.75782,66.24242],[13.80812,66.2342],[13.79916,66.22378],[13.77296,66.21027],[13.76026,66.19945],[13.78842,66.20083],[13.83668,66.22207],[13.97291,66.23794],[13.98618,66.24103],[13.99635,66.24974],[14.00229,66.26105],[14.00978,66.27094],[14.03598,66.27749],[14.05161,66.28726],[14.08676,66.29291],[14.1128,66.30231],[14.13461,66.31639],[14.14389,66.33381],[14.13054,66.34309],[14.10011,66.33686],[14.04835,66.3168],[13.96404,66.30475],[13.93849,66.29564],[13.91538,66.27196],[13.90748,66.26838],[13.80348,66.27778],[13.78028,66.28262],[13.76433,66.29344],[13.75375,66.29584],[13.73927,66.28946],[13.74041,66.27753],[13.72364,66.26411],[13.69907,66.25308],[13.6198,66.24091],[13.59164,66.24384],[13.57545,66.26215],[13.62322,66.27521],[13.61305,66.28095],[13.60092,66.28587],[13.58815,66.28905],[13.57545,66.28946],[13.56349,66.28612],[13.50318,66.25902],[13.46754,66.25544],[13.41375,66.24315],[13.32732,66.24579],[13.28736,66.24103],[13.20476,66.20466],[13.06935,66.17406],[13.04038,66.17963],[13.03159,66.19823],[13.05519,66.21088],[13.08937,66.22069],[13.11248,66.23078],[13.13445,66.24706],[13.1631,66.2591],[13.3213,66.30028],[13.49431,66.29999],[13.53443,66.30931],[13.50563,66.31859],[13.40349,66.3168],[13.41131,66.32734],[13.42335,66.33246],[13.45191,66.33723],[13.43287,66.34325],[13.41554,66.3426],[13.37989,66.33723],[13.36476,66.33832],[13.35792,66.34174],[13.35239,66.34789],[13.34205,66.35712],[13.3235,66.36937],[13.31088,66.3745],[13.30698,66.36913],[13.31471,66.35029],[13.33082,66.3371],[13.33766,66.32783],[13.3318,66.32364],[13.31739,66.32184],[13.22657,66.29735],[13.21209,66.29564],[13.15528,66.3037],[13.13657,66.30313],[13.14682,66.30903],[13.15773,66.31826],[13.16163,66.32673],[13.15024,66.33039],[13.1338,66.3288],[13.09555,66.3168],[13.06414,66.31436],[13.03728,66.31997],[13.01564,66.33413],[13.00001,66.35712],[13.14096,66.38614],[13.17066,66.41234],[13.1657,66.41641],[13.16131,66.42206],[13.15821,66.42894],[13.15699,66.43659],[13.14967,66.44355],[13.10255,66.45392],[13.11622,66.45921],[13.13168,66.46092],[13.16383,66.46015],[13.16383,66.46699],[13.14877,66.4704],[13.11704,66.47138],[13.10255,66.47443],[13.09278,66.48168],[13.0879,66.49046],[13.0818,66.49799],[13.06821,66.50113],[13.04054,66.50202],[13.0171,66.50528],[12.99537,66.51179],[12.97202,66.5222],[13.10255,66.54271],[13.11345,66.54047],[13.13331,66.53067],[13.18588,66.52155],[13.20899,66.51411],[13.21909,66.50483],[13.22242,66.49079],[13.22853,66.47846],[13.23146,66.46809],[13.22535,66.46015],[13.22535,66.45392],[13.36207,66.45551],[13.39723,66.46699],[13.28785,66.46011],[13.26686,66.46699],[13.27052,66.48383],[13.28443,66.49848],[13.28777,66.50951],[13.25953,66.51537],[13.25953,66.5222],[13.28492,66.52412],[13.33033,66.53901],[13.35597,66.54271],[13.44142,66.53994],[13.46583,66.54645],[13.48943,66.55012],[13.51759,66.54462],[13.56861,66.52847],[13.61915,66.51903],[13.67107,66.51537],[13.64894,66.53059],[13.62338,66.53876],[13.47999,66.555],[13.45875,66.56379],[13.50709,66.5843],[13.60133,66.60725],[13.72625,66.6048],[13.68751,66.61579],[13.50278,66.60651],[13.47242,66.59736],[13.42335,66.56281],[13.39633,66.55732],[13.33522,66.55634],[13.27036,66.54792],[13.23902,66.54841],[13.20484,66.55634],[13.20973,66.57368],[13.21811,66.58308],[13.24586,66.59797],[13.23927,66.6009],[13.23276,66.6048],[13.25001,66.61384],[13.28826,66.6164],[13.3322,66.62629],[13.3816,66.61909],[13.40349,66.62523],[13.3733,66.63329],[13.25074,66.63312],[13.17066,66.65192],[13.19117,66.66657],[13.21388,66.66254],[13.23732,66.654],[13.2601,66.65534],[13.28395,66.66071],[13.30698,66.65693],[13.32887,66.64985],[13.34889,66.64574],[13.37534,66.6481],[13.42514,66.65917],[13.45191,66.65876],[13.52133,66.64061],[13.54737,66.63825],[13.52263,66.66108],[13.48015,66.67528],[13.26686,66.70165],[13.22535,66.71402],[13.25603,66.72407],[13.49317,66.71402],[13.50025,66.71084],[13.51661,66.69672],[13.5276,66.69355],[13.69313,66.69131],[13.71876,66.70038],[13.69825,66.70722],[13.69825,66.71402],[13.799,66.71149],[13.85125,66.71711],[13.89015,66.73509],[13.71192,66.73509],[13.67693,66.73078],[13.61069,66.71418],[13.57545,66.71402],[13.54713,66.72431],[13.54322,66.7392],[13.55877,66.75349],[13.58912,66.76179],[13.71803,66.75056],[13.75294,66.76179],[13.72104,66.76952],[13.56365,66.77717],[13.55128,66.77237],[13.5433,66.77147],[13.50709,66.78229],[13.54184,66.80321],[13.61215,66.8098],[13.68727,66.80703],[13.76832,66.79263],[13.99301,66.78974],[13.94801,66.8002],[13.80144,66.80956],[13.78541,66.81367],[13.75847,66.83234],[13.73927,66.83755],[13.70289,66.83222],[13.68832,66.83503],[13.67791,66.85114],[13.68426,66.85212],[13.69337,66.85639],[13.69825,66.85798],[13.68523,66.86127],[13.65707,66.86371],[13.64389,66.86799],[13.63771,66.8747],[13.63624,66.89167],[13.63063,66.8996],[13.60572,66.90689],[13.54754,66.8996],[13.52076,66.90575],[13.54363,66.92186],[13.56495,66.93236],[13.58969,66.93818],[13.74448,66.93696],[13.78028,66.94611],[13.77296,66.95087],[13.76832,66.95612],[13.76026,66.96784],[13.83904,66.9641],[13.8628,66.96784],[13.86915,66.9715],[13.88217,66.98347],[13.89015,66.98835],[13.90162,66.99213],[13.91326,66.99396],[13.93849,66.99457],[13.97267,66.99457],[13.95777,66.97403],[13.93629,66.96601],[13.91245,66.96198],[13.89015,66.95356],[13.91749,66.9289],[13.93458,66.92219],[13.95899,66.92695],[13.95191,66.92792],[13.93165,66.93309],[13.97999,66.95356],[13.98227,66.95673],[13.98316,66.96162],[13.98569,66.96597],[13.99301,66.96784],[14.02052,66.96638],[14.02784,66.96784],[14.04379,66.98094],[14.04274,66.99506],[14.03094,67.00922],[14.01433,67.02253],[14.0232,67.03002],[14.03289,67.04865],[14.04029,67.05598],[14.05991,67.06086],[14.07154,67.05341],[14.07887,67.04243],[14.08562,67.03681],[14.0853,67.03042],[14.09929,67.00308],[14.10939,66.99067],[14.15154,66.97163],[14.16456,66.97907],[14.17709,66.97956],[14.19068,66.97655],[14.20086,66.97761],[14.2107,66.98017],[14.22283,66.98151],[14.22674,66.98359],[14.22625,66.99258],[14.22967,66.99457],[14.25172,67.00385],[14.26905,67.02399],[14.27076,67.04316],[14.24635,67.04979],[14.27215,67.06],[14.41822,67.06342],[14.43735,67.06025],[14.47413,67.04613],[14.49342,67.04295],[14.52955,67.04849],[14.54428,67.04536],[14.55543,67.02928],[14.5525,67.0185],[14.56821,67.01813],[14.58774,67.02676],[14.59588,67.04295],[14.58131,67.05842],[14.55177,67.06411],[14.49684,67.06342],[14.37672,67.0777],[14.29005,67.07583],[14.26743,67.08393],[14.28745,67.08983],[14.30372,67.1009],[14.31902,67.11384],[14.33579,67.1249],[14.32179,67.13642],[14.32814,67.14704],[14.34523,67.15522],[14.36305,67.15965],[14.45191,67.16584],[14.44215,67.15925],[14.42799,67.14509],[14.4157,67.12938],[14.41139,67.11872],[14.42286,67.10944],[14.44077,67.11518],[14.45932,67.12775],[14.47291,67.13923],[14.46746,67.14252],[14.46461,67.14566],[14.46258,67.14899],[14.45924,67.15282],[14.67693,67.15957],[14.70924,67.15082],[14.73365,67.1249],[14.74334,67.11831],[14.75034,67.12393],[14.75074,67.13516],[14.74724,67.14541],[14.73666,67.15583],[14.72316,67.1612],[14.65138,67.1767],[14.51393,67.18012],[14.53647,67.19009],[14.57,67.20002],[14.60377,67.20425],[14.62721,67.19721],[14.65162,67.18525],[14.67872,67.18781],[14.70582,67.19595],[14.74252,67.20279],[14.76734,67.21214],[14.78142,67.2143],[14.88299,67.2062],[14.97934,67.2143],[14.97934,67.20685],[14.93767,67.20454],[14.92482,67.20063],[14.93263,67.18049],[14.91969,67.17194],[14.90073,67.16576],[14.89064,67.15282],[14.8991,67.14159],[14.94117,67.12368],[14.97291,67.10383],[14.99391,67.09907],[15.00799,67.1022],[15.00392,67.11494],[14.98634,67.12824],[14.94923,67.14191],[14.93165,67.15282],[14.94418,67.15766],[15.00538,67.19741],[15.01954,67.20409],[15.07399,67.21336],[15.09457,67.21336],[15.12989,67.19579],[15.15089,67.1931],[15.2186,67.19229],[15.23943,67.18789],[15.28175,67.17329],[15.30063,67.16901],[15.35678,67.16584],[15.38331,67.15672],[15.3947,67.14204],[15.39194,67.12214],[15.37672,67.0976],[15.40406,67.08442],[15.43556,67.07575],[15.469,67.07119],[15.50148,67.07026],[15.49122,67.08051],[15.45484,67.09007],[15.43873,67.0976],[15.44239,67.10806],[15.43873,67.11872],[15.47047,67.14277],[15.48032,67.15282],[15.47291,67.15282],[15.45541,67.17178],[15.40073,67.18789],[15.37672,67.20063],[15.41049,67.21312],[15.45509,67.21357],[15.71632,67.17329],[15.74041,67.17329],[15.73316,67.18757],[15.72039,67.1933],[15.70558,67.19746],[15.69264,67.20685],[15.70631,67.2143],[15.60621,67.20283],[15.55047,67.21955],[15.40797,67.23574],[15.38356,67.23469],[15.35678,67.22797],[15.3117,67.20889],[15.28745,67.20563],[15.26124,67.2143],[15.28321,67.22061],[15.30763,67.22191],[15.32911,67.2263],[15.34246,67.2416],[15.28297,67.24702],[15.26808,67.2447],[15.25538,67.2403],[15.24098,67.23713],[15.21274,67.23477],[15.06251,67.24775],[15.07781,67.26044],[15.09791,67.26366],[15.11899,67.26439],[15.13771,67.26952],[15.14747,67.27774],[15.16505,67.31049],[15.13795,67.31102],[15.05519,67.29621],[15.02784,67.29426],[15.01352,67.29165],[15.00733,67.28628],[15.00473,67.27871],[14.9983,67.2735],[14.98951,67.27049],[14.97999,67.26952],[14.90935,67.27473],[14.77459,67.26952],[14.78924,67.26366],[14.82065,67.26118],[14.83546,67.25528],[14.81121,67.2447],[14.67384,67.2167],[14.61695,67.2143],[14.67286,67.23371],[14.69459,67.24844],[14.69207,67.26952],[14.69947,67.2757],[14.68181,67.27827],[14.66245,67.27473],[14.62379,67.26211],[14.57569,67.2519],[14.4109,67.24775],[14.39064,67.24433],[14.37029,67.23798],[14.34938,67.23505],[14.3283,67.2416],[14.39161,67.25983],[14.41139,67.26952],[14.40691,67.27806],[14.41782,67.28449],[14.45191,67.29621],[14.4922,67.3229],[14.60174,67.37735],[14.61158,67.38788],[14.60524,67.39378],[14.57594,67.3924],[14.57594,67.39863],[14.58668,67.39863],[14.59702,67.40009],[14.61695,67.40607],[14.62306,67.42064],[14.65252,67.42634],[14.74244,67.42007],[14.77198,67.42329],[14.79998,67.42182],[14.82244,67.40607],[14.8143,67.40278],[14.80787,67.39802],[14.7951,67.38557],[14.82472,67.37832],[14.85401,67.38898],[14.88299,67.40477],[14.91147,67.41291],[14.94467,67.41596],[14.98276,67.42381],[15.049,67.44701],[14.93914,67.44086],[14.82244,67.44701],[14.82781,67.4501],[14.84278,67.46133],[14.82252,67.46601],[14.78419,67.46247],[14.76775,67.46747],[14.78077,67.475],[14.76857,67.48078],[14.75522,67.48526],[14.74122,67.48786],[14.72682,67.48867],[14.74008,67.50096],[14.7658,67.51435],[14.79412,67.52521],[14.99041,67.57062],[15.05885,67.57734],[15.08351,67.57368],[15.11541,67.56395],[15.14389,67.5506],[15.15886,67.53579],[15.14617,67.53238],[15.13331,67.5305],[15.10694,67.52961],[15.09734,67.53172],[15.08041,67.54116],[15.05152,67.54926],[15.03004,67.55976],[15.00831,67.56367],[14.98683,67.54951],[15.00603,67.54084],[15.03639,67.51854],[15.05519,67.51594],[15.01043,67.48701],[14.88502,67.4864],[14.82927,67.475],[14.85385,67.47016],[14.98715,67.46597],[15.01677,67.46874],[15.0381,67.47801],[15.05592,67.48871],[15.07936,67.49628],[15.10369,67.5008],[15.12403,67.50226],[15.14177,67.5069],[15.15895,67.51577],[15.17579,67.52131],[15.19288,67.51594],[15.18816,67.50869],[15.19142,67.50165],[15.20037,67.49649],[15.21274,67.49482],[15.21274,67.48867],[15.19793,67.48404],[15.18287,67.48184],[15.15138,67.48115],[15.15138,67.475],[15.15707,67.4737],[15.17237,67.46747],[15.1644,67.45502],[15.15358,67.44648],[15.14332,67.43671],[15.13771,67.42036],[15.15561,67.42438],[15.18922,67.44286],[15.20965,67.44701],[15.21713,67.44953],[15.22267,67.45572],[15.22584,67.46357],[15.22706,67.47126],[15.23113,67.47606],[15.24098,67.47919],[15.37127,67.48774],[15.42905,67.48298],[15.47291,67.46133],[15.47934,67.45279],[15.4922,67.43146],[15.54176,67.37938],[15.54396,67.37352],[15.54558,67.35847],[15.54859,67.35147],[15.55152,67.35029],[15.57594,67.331],[15.60914,67.31509],[15.64479,67.30305],[15.64479,67.29621],[15.60483,67.29092],[15.60353,67.28034],[15.62615,67.27261],[15.65846,67.2757],[15.70004,67.30305],[15.69223,67.31265],[15.63795,67.32416],[15.62143,67.33369],[15.61866,67.33954],[15.62037,67.34614],[15.61744,67.35765],[15.59929,67.37686],[15.59645,67.38251],[15.58546,67.39558],[15.56031,67.40961],[15.51441,67.4265],[15.52996,67.43887],[15.56642,67.45132],[15.58277,67.46133],[15.55421,67.46076],[15.54078,67.46247],[15.52866,67.46747],[15.55844,67.49335],[15.59791,67.50991],[15.78631,67.5506],[15.89796,67.55687],[15.86817,67.57323],[15.66814,67.55195],[15.55592,67.51594],[15.49871,67.51048],[15.26734,67.52436],[15.23927,67.52924],[15.22706,67.5395],[15.22836,67.55878],[15.23341,67.56672],[15.26124,67.57734],[15.25571,67.57868],[15.24073,67.58421],[15.27565,67.59357],[15.30787,67.59414],[15.37672,67.58421],[15.4109,67.58344],[15.42563,67.57917],[15.43637,67.5598],[15.44663,67.56171],[15.45818,67.56892],[15.46608,67.57734],[15.41879,67.60468],[15.42433,67.60586],[15.43873,67.61213],[15.42384,67.62385],[15.40659,67.63129],[15.38819,67.63239],[15.37045,67.62519],[15.38038,67.61518],[15.38404,67.61213],[15.35914,67.60521],[15.33082,67.61127],[15.30177,67.621],[15.27491,67.62519],[15.22291,67.61188],[15.19435,67.60871],[15.17856,67.61835],[15.19646,67.6446],[15.33692,67.6872],[15.30494,67.68659],[15.2894,67.68842],[15.27491,67.69404],[15.29151,67.71491],[15.30112,67.7202],[15.31577,67.72199],[15.33033,67.72036],[15.36866,67.71027],[15.41228,67.68891],[15.54176,67.67357],[15.52174,67.68964],[15.51441,67.69404],[15.65846,67.68041],[15.58725,67.70433],[15.54811,67.71125],[15.48658,67.69892],[15.45729,67.70783],[15.40455,67.73505],[15.40455,67.74189],[15.59693,67.74885],[15.65846,67.73505],[15.79965,67.67902],[15.82203,67.6778],[15.8366,67.69404],[15.82106,67.69359],[15.80681,67.69575],[15.79379,67.70043],[15.78191,67.70771],[15.78533,67.7143],[15.78549,67.72187],[15.78875,67.72822],[15.6692,67.76179],[15.63054,67.76236],[15.64064,67.77534],[15.65748,67.78246],[15.67628,67.78807],[15.69264,67.79645],[15.67514,67.7967],[15.65984,67.79377],[15.61109,67.77631],[15.59498,67.77387],[15.41139,67.79645],[15.42156,67.81314],[15.44614,67.83218],[15.44606,67.84492],[15.43279,67.86074],[15.42091,67.85684],[15.41114,67.84186],[15.40455,67.82441],[15.38356,67.85529],[15.36948,67.86518],[15.35678,67.85114],[15.36012,67.84345],[15.37892,67.81493],[15.38404,67.8039],[15.30893,67.77603],[15.26222,67.75226],[15.22381,67.74335],[15.1937,67.71992],[15.18198,67.71454],[15.16245,67.71247],[15.0407,67.67756],[14.9524,67.66364],[14.93531,67.6562],[14.91814,67.65152],[14.83611,67.64252],[14.80844,67.64834],[14.7527,67.64802],[14.72682,67.65937],[14.87696,67.70026],[14.87696,67.70771],[14.78077,67.71454],[14.79298,67.72883],[14.81414,67.72891],[14.83741,67.72443],[14.85646,67.72508],[14.8755,67.73115],[15.1172,67.74189],[15.08758,67.74848],[15.04998,67.74494],[15.01531,67.74665],[14.99366,67.76923],[15.01515,67.7746],[15.03468,67.78286],[14.87696,67.77326],[14.82927,67.76236],[14.83961,67.76581],[14.84303,67.76923],[14.83961,67.77261],[14.82927,67.77603],[14.83123,67.79182],[14.81935,67.79743],[14.80226,67.79401],[14.78834,67.78286],[14.77858,67.7849],[14.76954,67.78974],[14.76124,67.79645],[14.75408,67.8039],[14.77296,67.81599],[14.7894,67.82282],[14.80698,67.82534],[14.87322,67.82294],[14.95932,67.83723],[15.06324,67.83877],[15.10288,67.85114],[15.07586,67.86152],[14.84962,67.84492],[14.84962,67.85114],[14.85922,67.85057],[14.86744,67.85187],[14.8838,67.85855],[14.89942,67.87299],[14.94532,67.88679],[14.99871,67.89545],[15.03631,67.89448],[15.08497,67.88727],[15.19207,67.88605],[15.23325,67.87222],[15.21632,67.86823],[15.20118,67.85981],[15.19337,67.84736],[15.19907,67.83124],[15.30209,67.89037],[15.33692,67.89956],[15.33806,67.89183],[15.35987,67.89167],[15.48316,67.91767],[15.53549,67.91987],[15.54347,67.91698],[15.51759,67.88931],[15.51002,67.88337],[15.50465,67.88011],[15.50318,67.87543],[15.50758,67.86542],[15.5149,67.85635],[15.52345,67.85179],[15.53256,67.85236],[15.54176,67.85855],[15.52426,67.86677],[15.52442,67.878],[15.53492,67.8898],[15.54859,67.89956],[15.56593,67.90615],[15.58399,67.91014],[15.59799,67.91669],[15.60377,67.93057],[15.75229,67.95209],[15.78875,67.95136],[15.82081,67.93765],[15.8322,67.92739],[15.8366,67.9101],[15.84099,67.90107],[15.8506,67.89834],[15.86012,67.89964],[15.86451,67.9029],[15.87078,67.92683],[15.88551,67.93887],[15.93214,67.95783],[15.945,67.96556],[15.95281,67.97394],[15.96632,67.9951],[15.9533,67.9951],[15.96876,68.00861],[16.00066,68.01227],[16.06316,68.00943],[16.06316,68.01618],[15.90089,68.02359],[15.85027,68.03669],[15.85027,68.04291],[15.88803,68.05793],[15.89829,68.06684],[15.87745,68.07087],[15.865,68.06782],[15.82472,68.05268],[15.81617,68.04662],[15.78924,68.03433],[15.60239,68.03828],[15.59303,68.04312],[15.58741,68.05146],[15.57594,68.06342],[15.55877,68.07355],[15.54542,68.07469],[15.53354,68.07022],[15.52068,68.06342],[15.38404,68.02302],[15.39283,68.0113],[15.40707,68.00959],[15.42351,68.01118],[15.43873,68.00943],[15.3982,67.99494],[15.35678,67.99592],[15.31707,68.01048],[15.28175,68.03669],[15.29428,68.04719],[15.30958,68.05134],[15.32618,68.05337],[15.34246,68.0572],[15.3545,68.07998],[15.40358,68.10456],[15.46339,68.12421],[15.50758,68.13227],[15.50196,68.11799],[15.50408,68.10517],[15.51295,68.09565],[15.52866,68.09129],[15.53354,68.09431],[15.53492,68.10855],[15.53834,68.1118],[15.58302,68.1118],[15.59311,68.11555],[15.62989,68.13459],[15.63795,68.14281],[15.63624,68.16551],[15.64373,68.16893],[15.66578,68.16706],[15.66277,68.16307],[15.66114,68.15965],[15.66017,68.15632],[15.65846,68.15278],[15.67742,68.14891],[15.71648,68.14558],[15.73414,68.13972],[15.71811,68.13154],[15.70004,68.12604],[15.71355,68.12128],[15.72836,68.1131],[15.73748,68.10277],[15.73414,68.09129],[15.71013,68.08462],[15.6443,68.09663],[15.61744,68.09129],[15.62696,68.08462],[15.62859,68.0764],[15.62469,68.06712],[15.61744,68.0572],[15.62843,68.05305],[15.64031,68.0506],[15.65284,68.04971],[15.66578,68.05036],[15.6574,68.06672],[15.66944,68.07233],[15.73463,68.07233],[15.76149,68.07762],[15.76417,68.08088],[15.76385,68.08539],[15.76645,68.08954],[15.77849,68.09129],[15.82423,68.09227],[15.84449,68.09626],[15.86451,68.10497],[15.89177,68.12543],[15.90675,68.13247],[15.9253,68.13227],[15.88941,68.1542],[15.87233,68.16966],[15.87078,68.18692],[15.88868,68.19245],[15.91651,68.187],[15.94207,68.18594],[15.9533,68.20458],[15.95094,68.21332],[15.94703,68.22236],[15.94508,68.23115],[15.94955,68.239],[15.96404,68.24722],[15.97967,68.25007],[16.01466,68.24958],[16.03785,68.24299],[16.04542,68.22801],[16.04982,68.21174],[16.06316,68.20116],[16.05616,68.19253],[16.0477,68.18578],[16.03826,68.18171],[16.02784,68.18073],[16.04249,68.1623],[16.06202,68.16397],[16.0818,68.17206],[16.09718,68.17329],[16.10401,68.16022],[16.09995,68.14191],[16.09034,68.12568],[16.06967,68.11249],[16.07455,68.09858],[16.08985,68.0742],[16.08367,68.05736],[16.06935,68.04829],[16.0534,68.04108],[16.042,68.02985],[16.15797,67.9997],[16.19288,67.98151],[16.21062,67.95881],[16.21388,67.93464],[16.21323,67.91161],[16.22006,67.89273],[16.23683,67.88361],[16.28199,67.87718],[16.29933,67.8688],[16.31023,67.86127],[16.43735,67.80756],[16.48471,67.7978],[16.51498,67.8039],[16.48927,67.80878],[16.4603,67.81769],[16.44353,67.83153],[16.45346,67.85114],[16.31105,67.87397],[16.26857,67.88931],[16.25457,67.90034],[16.25766,67.90892],[16.26791,67.91718],[16.2754,67.92683],[16.27573,67.94082],[16.27125,67.96491],[16.2754,67.97529],[16.26051,67.98688],[16.24334,67.99433],[16.20704,68.00259],[16.2448,68.00943],[16.27426,68.00568],[16.30112,67.9936],[16.40594,67.9195],[16.41261,67.90632],[16.45265,67.89899],[16.46656,67.89956],[16.46258,67.90754],[16.45818,67.91429],[16.44606,67.92683],[16.45118,67.92984],[16.46119,67.93773],[16.46656,67.9405],[16.452,67.94648],[16.40577,67.95478],[16.39617,67.95893],[16.37159,67.97529],[16.33481,67.99445],[16.33351,68.00243],[16.35743,68.00943],[16.38038,68.00894],[16.39723,68.00088],[16.42628,67.97529],[16.45151,67.9628],[16.48178,67.95718],[16.51336,67.95698],[16.54225,67.961],[16.52394,67.96743],[16.48113,67.96955],[16.46339,67.97834],[16.46339,67.9877],[16.47462,67.99803],[16.50074,68.01618],[16.36476,68.02985],[16.37371,68.04633],[16.38917,68.05927],[16.40773,68.06782],[16.42628,68.07087],[16.44264,68.07612],[16.45191,68.08662],[16.46363,68.09431],[16.48707,68.09129],[16.55014,68.06623],[16.66277,68.05069],[16.68629,68.0572],[16.68067,68.05809],[16.66521,68.06342],[16.67693,68.06843],[16.68898,68.07103],[16.577,68.08511],[16.55494,68.09272],[16.52125,68.11197],[16.50074,68.1186],[16.44508,68.11555],[16.34645,68.08218],[16.28907,68.09129],[16.29379,68.09638],[16.30274,68.1118],[16.26954,68.11669],[16.25367,68.12165],[16.24122,68.13227],[16.29347,68.12564],[16.32,68.1258],[16.36012,68.14411],[16.40211,68.13703],[16.41261,68.14594],[16.40553,68.14875],[16.39894,68.15278],[16.41627,68.15876],[16.43483,68.15742],[16.45411,68.15363],[16.4734,68.15278],[16.46437,68.16572],[16.44801,68.17349],[16.41261,68.18073],[16.41261,68.18692],[16.54518,68.16503],[16.5901,68.16706],[16.5726,68.17365],[16.53297,68.17817],[16.47633,68.19912],[16.46681,68.20116],[16.45997,68.20547],[16.46046,68.22419],[16.45314,68.22846],[16.44125,68.22529],[16.41782,68.21117],[16.40577,68.20799],[16.17205,68.20368],[16.16212,68.21113],[16.18336,68.22114],[16.21372,68.22626],[16.34734,68.22846],[16.35613,68.23184],[16.35564,68.239],[16.34913,68.24628],[16.34018,68.24958],[16.19093,68.25845],[16.1198,68.27383],[16.10336,68.28315],[16.12135,68.28998],[16.14967,68.31306],[16.17237,68.31786],[16.19239,68.31586],[16.22731,68.30695],[16.24757,68.30419],[16.26051,68.30492],[16.27101,68.30683],[16.28175,68.30744],[16.29591,68.30419],[16.30291,68.29963],[16.31088,68.28734],[16.31691,68.28315],[16.3392,68.27985],[16.38844,68.28413],[16.39894,68.27692],[16.50831,68.25544],[16.55983,68.23281],[16.56275,68.19432],[16.73951,68.1389],[16.77174,68.13264],[16.80299,68.13227],[16.74928,68.15803],[16.74155,68.17015],[16.73129,68.1767],[16.64373,68.20173],[16.61215,68.21906],[16.59262,68.23949],[16.60377,68.2558],[16.56739,68.27631],[16.5228,68.28889],[16.41188,68.29877],[16.35776,68.31184],[16.34018,68.32099],[16.31772,68.32941],[16.26433,68.32429],[16.24122,68.33153],[16.28159,68.34455],[16.26588,68.34699],[16.2352,68.34512],[16.22006,68.35139],[16.26393,68.36221],[16.35613,68.37092],[16.42286,68.38935],[16.69459,68.40546],[16.72202,68.40143],[16.80299,68.3793],[16.84897,68.37849],[16.86988,68.37254],[16.87867,68.35513],[16.87127,68.35029],[16.83595,68.33242],[16.82407,68.32404],[16.8475,68.32343],[16.9948,68.34455],[17.02955,68.35822],[17.04689,68.36262],[17.12729,68.37287],[17.14503,68.36872],[17.17547,68.3417],[17.18312,68.33771],[17.19313,68.30785],[17.19679,68.30048],[17.22381,68.28425],[17.33058,68.2558],[17.31235,68.23664],[17.31007,68.23225],[17.31316,68.22309],[17.32,68.2176],[17.32691,68.21332],[17.33058,68.20799],[17.32716,68.19147],[17.31983,68.17853],[17.31861,68.17007],[17.33399,68.16706],[17.35499,68.17186],[17.36402,68.18354],[17.36305,68.19807],[17.35434,68.21113],[17.35206,68.22553],[17.37403,68.2329],[17.41993,68.23591],[17.38998,68.26683],[17.35222,68.28474],[17.26857,68.31037],[17.25148,68.31859],[17.23601,68.32856],[17.22299,68.33959],[17.21388,68.35139],[17.20607,68.37299],[17.21656,68.37788],[17.23618,68.37987],[17.25554,68.39301],[17.25278,68.39663],[17.24789,68.40599],[17.32797,68.40839],[17.49578,68.36506],[17.57691,68.35883],[17.54558,68.37678],[17.36459,68.41348],[17.39527,68.42304],[17.53989,68.42837],[17.70948,68.41181],[17.81666,68.38475],[17.87184,68.39301],[17.81568,68.39728],[17.61215,68.45087],[17.46762,68.44758],[17.54412,68.51854],[17.54656,68.5301],[17.52475,68.52904],[17.48097,68.52033],[17.43849,68.5065],[17.36459,68.50288],[17.32765,68.49116],[17.2601,68.45523],[17.04664,68.43415],[17.00164,68.44758],[17.0232,68.45238],[17.08131,68.45824],[17.09718,68.4687],[17.09197,68.48078],[17.07154,68.48908],[17.04689,68.49384],[17.02898,68.49543],[17.01905,68.49763],[16.99903,68.50739],[16.98797,68.50967],[16.97739,68.50821],[16.90065,68.47407],[16.88852,68.46499],[16.84864,68.44872],[16.73911,68.45238],[16.66879,68.43838],[16.53484,68.4383],[16.511,68.44131],[16.50074,68.451],[16.50025,68.46532],[16.49806,68.47321],[16.48707,68.48859],[16.47682,68.49795],[16.46754,68.50336],[16.46461,68.51],[16.4734,68.52334],[16.48487,68.52896],[16.542,68.54377],[16.58082,68.53449],[16.60434,68.52888],[16.6211,68.53351],[16.63209,68.54629],[16.62827,68.55085],[16.61476,68.5528],[16.59693,68.55744],[16.58334,68.56318],[16.57325,68.56924],[16.56642,68.57783],[16.56275,68.59154],[16.57179,68.61213],[16.59702,68.62954],[16.62924,68.64167],[16.69695,68.65054],[16.80983,68.68098],[16.92506,68.69326],[16.9607,68.70454],[16.99293,68.70795],[17.01987,68.69383],[17.04526,68.67573],[17.0809,68.66401],[17.08237,68.65778],[17.0818,68.65086],[17.08351,68.64619],[17.09002,68.64338],[17.12965,68.63378],[17.14869,68.63231],[17.16774,68.63402],[17.18653,68.63874],[17.17986,68.64761],[17.16993,68.6518],[17.14503,68.65302],[17.13258,68.65522],[17.11834,68.66454],[17.10743,68.66669],[17.10043,68.6695],[17.09718,68.67617],[17.09734,68.68415],[17.1006,68.69062],[17.10857,68.69693],[17.11508,68.69904],[17.20541,68.71137],[17.25017,68.72394],[17.27084,68.72016],[17.31007,68.70767],[17.33107,68.70893],[17.35108,68.71247],[17.37037,68.71113],[17.40366,68.68456],[17.42156,68.67573],[17.44068,68.66999],[17.46022,68.66669],[17.49008,68.66572],[17.57667,68.67414],[17.65561,68.65729],[17.67937,68.66047],[17.62062,68.68134],[17.49448,68.69033],[17.44728,68.71507],[17.42986,68.72989],[17.40333,68.74445],[17.37387,68.75031],[17.34767,68.739],[17.32358,68.73159],[17.29029,68.73656],[17.23439,68.75605],[17.26295,68.76822],[17.33326,68.7871],[17.39552,68.79645],[17.42774,68.80825],[17.46095,68.81538],[17.56479,68.78876],[17.72169,68.77847],[17.78297,68.7486],[17.78289,68.77814],[17.73927,68.79133],[17.64527,68.79706],[17.46762,68.8312],[17.54566,68.84715],[17.60922,68.87149],[17.63014,68.8769],[17.66481,68.8815],[17.69418,68.89175],[17.70737,68.89326],[17.71827,68.89081],[17.74147,68.87897],[17.76873,68.87181],[17.79607,68.86815],[17.82358,68.86831],[17.85133,68.87275],[17.82594,68.89374],[17.70737,68.91376],[17.71168,68.91877],[17.72096,68.93423],[17.52149,68.91673],[17.45777,68.89981],[17.42612,68.89948],[17.43637,68.9134],[17.47975,68.94782],[17.49513,68.95474],[17.52394,68.95502],[17.5337,68.96084],[17.53598,68.97517],[17.53045,68.98688],[17.51922,68.99046],[17.48829,68.98884],[17.48829,68.99567],[17.55942,69.03172],[17.6032,69.06061],[17.65699,69.07811],[17.67937,69.09186],[17.66782,69.09601],[17.64381,69.10078],[17.6316,69.10554],[17.65886,69.11689],[17.86899,69.12132],[17.95883,69.1485],[18.02418,69.15567],[18.15235,69.15396],[18.08131,69.16913],[18.07106,69.17756],[18.07325,69.19741],[18.0796,69.20702],[18.09034,69.21479],[18.10524,69.22907],[18.07716,69.23713],[18.01629,69.22919],[17.98854,69.23526],[18.00408,69.25015],[18.0031,69.28571],[18.0158,69.30414],[18.04542,69.31745],[18.11256,69.33348],[18.13868,69.35253],[18.13054,69.36933],[18.14405,69.38203],[18.16538,69.39374],[18.18035,69.40778],[18.1753,69.41218],[18.17066,69.41828],[18.16603,69.42084],[18.17107,69.43366],[18.16481,69.43887],[18.15577,69.44196],[18.15235,69.44815],[18.15504,69.45759],[18.15846,69.45962],[18.16554,69.46015],[18.19353,69.46943],[18.24171,69.47606],[18.24952,69.47968],[18.25563,69.4842],[18.26336,69.4881],[18.27589,69.48969],[18.30095,69.48676],[18.32252,69.47895],[18.34148,69.46768],[18.38233,69.43134],[18.38738,69.42219],[18.38347,69.4147],[18.37631,69.40766],[18.36834,69.39326],[18.36476,69.39151],[18.36817,69.39232],[18.44752,69.39354],[18.46713,69.39033],[18.48715,69.38203],[18.50294,69.37006],[18.50929,69.35594],[18.50709,69.33784],[18.49781,69.30695],[18.49562,69.29047],[18.50953,69.28295],[18.51629,69.27611],[18.51271,69.26655],[18.50424,69.25873],[18.49855,69.25202],[18.49724,69.2447],[18.50245,69.23526],[18.52491,69.26203],[18.53321,69.2779],[18.53663,69.29426],[18.53631,69.32901],[18.53834,69.34797],[18.54396,69.35936],[18.56479,69.36465],[18.57976,69.35293],[18.58872,69.33324],[18.59181,69.31468],[18.60206,69.30024],[18.62534,69.29316],[18.6517,69.28823],[18.67026,69.28026],[18.67921,69.27204],[18.69166,69.2635],[18.70297,69.26252],[18.70777,69.2768],[18.70314,69.28767],[18.69264,69.29255],[18.681,69.29645],[18.67368,69.30414],[18.68971,69.31786],[18.73504,69.32416],[18.8239,69.32526],[18.86345,69.31932],[18.9297,69.2958],[19.00538,69.28555],[19.01295,69.28705],[19.01637,69.29393],[19.01352,69.2993],[19.00701,69.30288],[18.99903,69.30414],[18.98854,69.30711],[18.9546,69.32831],[18.93377,69.33405],[18.66481,69.36933],[18.63152,69.38296],[18.61573,69.38605],[18.60662,69.39045],[18.60084,69.40054],[18.59669,69.41218],[18.59181,69.42084],[18.57781,69.43134],[18.56267,69.43696],[18.5298,69.44135],[18.49008,69.44172],[18.46664,69.44522],[18.4546,69.45433],[18.45688,69.4654],[18.46616,69.47382],[18.4782,69.47956],[18.48878,69.48225],[18.46852,69.50406],[18.47429,69.51642],[18.49757,69.52196],[18.56471,69.52656],[18.63063,69.541],[18.85271,69.55231],[18.86158,69.5467],[18.86549,69.53071],[18.86427,69.52192],[18.86004,69.51447],[18.85328,69.50825],[18.84449,69.50275],[18.86012,69.5034],[18.87721,69.50194],[18.89373,69.49763],[18.9065,69.48969],[18.91139,69.48184],[18.91293,69.46556],[18.91676,69.45808],[18.93531,69.44628],[19.00953,69.42829],[19.00318,69.4079],[19.01441,69.39704],[19.05738,69.38605],[19.12233,69.35879],[19.14601,69.35253],[19.34742,69.34418],[19.37941,69.32184],[19.3711,69.30012],[19.3506,69.29047],[19.28492,69.27554],[19.22926,69.28368],[19.21534,69.28156],[19.18922,69.27216],[19.167,69.26704],[19.16879,69.26044],[19.1775,69.25349],[19.18775,69.2495],[19.19663,69.25129],[19.22446,69.26211],[19.23211,69.26655],[19.25099,69.27424],[19.26857,69.26618],[19.27231,69.25239],[19.24903,69.24266],[19.26319,69.2353],[19.30079,69.22403],[19.31772,69.22215],[19.3366,69.22492],[19.365,69.23798],[19.37941,69.24266],[19.4131,69.24018],[19.47722,69.22077],[19.50929,69.22907],[19.48764,69.24128],[19.46599,69.24897],[19.44858,69.26032],[19.44093,69.28368],[19.44361,69.29239],[19.44947,69.29865],[19.4546,69.3061],[19.4546,69.31843],[19.44947,69.32486],[19.42954,69.34174],[19.35011,69.3791],[19.32488,69.38402],[19.29835,69.38581],[19.15626,69.37714],[19.1194,69.38605],[19.10963,69.39204],[19.08522,69.41401],[19.08326,69.41828],[19.08326,69.42353],[19.08237,69.42919],[19.07789,69.43452],[19.07008,69.43757],[19.04363,69.44135],[19.02174,69.45026],[19.00131,69.46434],[18.99269,69.48314],[19.00571,69.50617],[19.03191,69.52114],[19.0691,69.53327],[19.17693,69.55073],[19.19483,69.55048],[19.22202,69.53376],[19.23561,69.52827],[19.25017,69.52464],[19.26271,69.52326],[19.25375,69.53531],[19.24285,69.54377],[19.23325,69.55317],[19.22926,69.56794],[19.14763,69.56489],[19.1032,69.55598],[19.0534,69.55215],[19.03346,69.54059],[19.01637,69.53437],[18.99448,69.53962],[18.97316,69.55048],[18.95802,69.5611],[18.94435,69.6153],[19.08497,69.69343],[19.09832,69.73615],[19.11785,69.74335],[19.1395,69.7475],[19.18434,69.74982],[19.20143,69.75332],[19.23292,69.77058],[19.24903,69.77709],[19.29575,69.7829],[19.44435,69.77709],[19.48308,69.7814],[19.55877,69.8002],[19.73715,69.81306],[19.78419,69.80439],[19.77687,69.79157],[19.76938,69.78425],[19.73146,69.75682],[19.73414,69.75361],[19.73634,69.73957],[19.72869,69.72289],[19.7103,69.70539],[19.68971,69.69033],[19.67433,69.68155],[19.69337,69.66372],[19.71559,69.65493],[19.72739,69.64216],[19.71518,69.61262],[19.69988,69.5937],[19.64332,69.54059],[19.63592,69.53156],[19.62989,69.52045],[19.62648,69.50825],[19.62648,69.49592],[19.63266,69.48566],[19.64373,69.47175],[19.65016,69.45962],[19.64332,69.45433],[19.61411,69.44969],[19.58172,69.43745],[19.55193,69.42011],[19.53028,69.40034],[19.68849,69.44473],[19.69809,69.46601],[19.71599,69.49217],[19.72486,69.51606],[19.70834,69.53071],[19.75685,69.59955],[19.75099,69.60269],[19.7483,69.60541],[19.74643,69.60855],[19.74317,69.61262],[19.76385,69.61148],[19.8034,69.61416],[19.92856,69.60517],[19.9944,69.58906],[20.06023,69.57909],[20.11256,69.58535],[20.07496,69.5843],[20.03159,69.58832],[19.98927,69.59687],[19.95484,69.6092],[19.92498,69.61571],[19.88852,69.61872],[19.85776,69.62726],[19.84498,69.65046],[19.84246,69.65974],[19.82944,69.67353],[19.82447,69.68155],[19.82276,69.68871],[19.82447,69.7119],[19.83644,69.72394],[19.8602,69.7329],[19.87818,69.74433],[19.87233,69.76341],[19.8895,69.77489],[19.92774,69.78413],[19.94459,69.79418],[19.97788,69.83051],[19.98902,69.83857],[20.00611,69.84284],[20.00904,69.83487],[20.0027,69.82111],[19.98316,69.7967],[19.96852,69.76341],[20.00701,69.7685],[20.03395,69.79035],[20.07838,69.8454],[20.11476,69.8784],[20.14357,69.92219],[20.15455,69.93488],[20.16774,69.94221],[20.17042,69.93073],[20.17018,69.92699],[20.16774,69.92048],[20.1683,69.89623],[20.17066,69.88044],[20.17799,69.87328],[20.19304,69.86774],[20.2024,69.85895],[20.20729,69.85895],[20.20875,69.87954],[20.20191,69.92422],[20.20769,69.93183],[20.23601,69.94575],[20.27036,69.96784],[20.29265,69.97101],[20.31495,69.96381],[20.41725,69.89037],[20.4253,69.87718],[20.42026,69.86713],[20.40935,69.85749],[20.39991,69.8454],[20.39682,69.83405],[20.39617,69.81318],[20.39357,69.80439],[20.38624,69.79719],[20.37452,69.78864],[20.36362,69.77855],[20.3589,69.76683],[20.35629,69.75707],[20.35027,69.74506],[20.34262,69.73359],[20.3357,69.72557],[20.32179,69.6861],[20.31861,69.68155],[20.32301,69.66918],[20.33041,69.66328],[20.37525,69.64216],[20.38307,69.63467],[20.38624,69.62287],[20.38551,69.61103],[20.38258,69.59878],[20.37648,69.58918],[20.36598,69.58535],[20.33025,69.58222],[20.29127,69.57355],[20.27418,69.56061],[20.30437,69.54434],[20.28907,69.53791],[20.2776,69.52896],[20.26954,69.51728],[20.26393,69.50275],[20.27849,69.48517],[20.26686,69.46809],[20.24171,69.45978],[20.21559,69.46865],[20.20672,69.43985],[20.19158,69.41323],[20.16879,69.3937],[20.11606,69.38288],[20.05787,69.35936],[20.00025,69.34837],[19.98219,69.33893],[19.98715,69.33588],[19.99724,69.32819],[20.0027,69.32526],[19.93727,69.2884],[19.91684,69.26927],[19.94801,69.26313],[19.97169,69.27017],[20.00025,69.28571],[20.02768,69.30463],[20.04721,69.32184],[20.07049,69.336],[20.22535,69.38434],[20.26694,69.38764],[20.27703,69.39228],[20.35426,69.46809],[20.37322,69.48225],[20.42286,69.5069],[20.44109,69.52277],[20.44825,69.5478],[20.45216,69.55585],[20.4616,69.56517],[20.47283,69.57343],[20.48243,69.57787],[20.49733,69.57762],[20.51157,69.57217],[20.52491,69.56452],[20.57081,69.54483],[20.64698,69.52119],[20.79151,69.50959],[20.80836,69.50267],[20.82301,69.49433],[20.83717,69.49022],[20.85304,69.49592],[20.81219,69.51044],[20.71844,69.52839],[20.68483,69.5478],[20.6587,69.57665],[20.64763,69.58535],[20.6268,69.59443],[20.54029,69.61034],[20.49236,69.62726],[20.48243,69.63687],[20.48829,69.64838],[20.52711,69.6778],[20.54176,69.70539],[20.53517,69.73045],[20.51336,69.74877],[20.48243,69.75601],[20.48243,69.76341],[20.51197,69.76948],[20.64291,69.77265],[20.78517,69.80174],[20.80388,69.81196],[20.82228,69.8286],[20.82496,69.84154],[20.81422,69.85395],[20.79982,69.86636],[20.79151,69.87954],[20.82927,69.88304],[21.05177,69.94473],[21.09254,69.94839],[21.09254,69.94221],[20.98243,69.90404],[20.91896,69.86685],[20.89389,69.85969],[20.89389,69.85285],[20.91456,69.8487],[20.93605,69.84894],[20.95509,69.8461],[20.96909,69.83234],[20.95899,69.83185],[20.95167,69.82978],[20.94606,69.82551],[20.94109,69.81867],[20.99464,69.7934],[21.02052,69.78815],[21.05095,69.79759],[21.03566,69.80524],[21.00489,69.81395],[20.99635,69.8249],[21.0184,69.82648],[21.049,69.83202],[21.06861,69.84268],[21.05836,69.85969],[21.08513,69.86612],[21.17042,69.87564],[21.18881,69.86957],[21.18051,69.85456],[21.14088,69.82502],[21.12672,69.81122],[21.14991,69.81257],[21.17921,69.81948],[21.20655,69.8308],[21.22291,69.8454],[21.22389,69.85741],[21.20924,69.90746],[21.32594,69.90746],[21.30209,69.92036],[21.27052,69.92975],[21.23756,69.93476],[21.20924,69.93476],[21.22527,69.97468],[21.2531,70.003],[21.28989,70.02106],[21.33277,70.03034],[21.39259,70.029],[21.55812,69.98941],[21.55633,69.97517],[21.56967,69.9654],[21.60646,69.95527],[21.57862,69.92792],[21.6089,69.91193],[21.64601,69.89891],[21.68434,69.89012],[21.75766,69.88288],[21.90455,69.82543],[21.93092,69.80842],[21.94223,69.78734],[21.95729,69.77782],[22.05152,69.74982],[22.03419,69.74307],[22.01547,69.7436],[21.97706,69.74982],[22.00017,69.74038],[22.03004,69.73432],[22.06105,69.73338],[22.08627,69.73957],[22.09816,69.74982],[22.09205,69.75764],[22.05893,69.77025],[22.05616,69.79361],[22.01002,69.8124],[21.91554,69.83857],[21.93702,69.8426],[21.99985,69.83515],[22.01808,69.8454],[22.01197,69.85952],[21.98902,69.86799],[21.94288,69.87328],[21.93002,69.87934],[21.92823,69.89362],[21.92937,69.91047],[21.92514,69.92422],[21.9144,69.93781],[21.91358,69.94526],[21.92856,69.96271],[21.92799,69.96747],[21.92335,69.97187],[21.9214,69.97675],[21.92856,69.98314],[21.94011,69.98574],[21.9839,69.98314],[22.01002,69.98615],[22.0241,69.9855],[22.03484,69.97944],[22.03484,69.97382],[22.02475,69.95527],[22.05226,69.93842],[22.06137,69.95669],[22.05893,69.98965],[22.05152,70.01675],[22.06723,70.01813],[22.0975,70.02448],[22.11362,70.02412],[22.11362,70.03034],[21.95086,70.01227],[21.8659,70.01191],[21.79835,70.03718],[21.83888,70.05512],[21.9839,70.0576],[22.00514,70.06135],[22.02068,70.06782],[22.05152,70.0856],[22.08277,70.0965],[22.09441,70.1048],[22.09938,70.12035],[22.01979,70.10326],[22.00782,70.10236],[21.98601,70.08906],[21.95826,70.08454],[21.8392,70.09243],[21.82984,70.0891],[21.81715,70.07461],[21.80502,70.07136],[21.71949,70.06061],[21.68849,70.06513],[21.63103,70.09431],[21.61329,70.09858],[21.51336,70.0917],[21.48227,70.09858],[21.46876,70.10643],[21.43898,70.13715],[21.43653,70.1496],[21.45525,70.15892],[21.48024,70.16669],[21.49659,70.17495],[21.35816,70.16405],[21.31227,70.16755],[21.29493,70.17137],[21.28199,70.17626],[21.27149,70.18293],[21.26075,70.19208],[21.24684,70.19941],[21.21485,70.20645],[21.20924,70.20848],[21.2339,70.22427],[21.23569,70.22549],[21.27036,70.23859],[21.30698,70.24702],[21.33961,70.25007],[21.40707,70.26732],[21.4393,70.26948],[21.43523,70.25007],[21.44508,70.23786],[21.48976,70.20848],[21.49293,70.21719],[21.49252,70.2211],[21.49098,70.2248],[21.48976,70.23298],[21.49269,70.24018],[21.50611,70.25068],[21.51026,70.2569],[21.51149,70.27001],[21.51092,70.28205],[21.51173,70.2934],[21.51775,70.30467],[21.53395,70.31684],[21.55299,70.32103],[21.57146,70.31892],[21.58595,70.31216],[21.58741,70.30777],[21.58692,70.29295],[21.58912,70.2873],[21.61329,70.26992],[21.63608,70.26146],[21.68539,70.25568],[21.70948,70.25007],[21.79689,70.20628],[21.80437,70.19798],[21.80893,70.18842],[21.81935,70.17495],[21.8296,70.16816],[21.87403,70.14704],[21.87965,70.16059],[21.87672,70.16975],[21.87094,70.17792],[21.86785,70.18867],[21.86573,70.19062],[21.86158,70.19131],[21.8589,70.19404],[21.86036,70.2023],[21.86622,70.20742],[21.87582,70.20954],[21.88649,70.20954],[21.89454,70.20848],[21.87306,70.21605],[21.82732,70.22663],[21.80885,70.24018],[21.80567,70.25723],[21.82179,70.26862],[21.98683,70.32343],[22.0101,70.32461],[22.03159,70.31835],[22.01873,70.30903],[21.99147,70.29572],[21.9839,70.28425],[22.00913,70.28653],[22.07203,70.30467],[22.09523,70.30781],[22.10483,70.30414],[22.10678,70.29393],[22.1076,70.24531],[22.1172,70.23347],[22.14088,70.23648],[22.15284,70.24653],[22.15317,70.25934],[22.14088,70.28425],[22.26743,70.29511],[22.30584,70.2873],[22.31511,70.27269],[22.3003,70.25511],[22.27613,70.2392],[22.25758,70.22956],[22.27231,70.21792],[22.27768,70.20246],[22.2815,70.18521],[22.29176,70.16755],[22.27809,70.15819],[22.24903,70.15058],[22.23707,70.1402],[22.27467,70.13548],[22.40496,70.14704],[22.52475,70.12352],[22.55934,70.12661],[22.53639,70.13947],[22.50733,70.14671],[22.32594,70.16755],[22.33237,70.18012],[22.36061,70.21589],[22.37477,70.24632],[22.37371,70.25007],[22.40065,70.25829],[22.43393,70.26093],[22.46811,70.25991],[22.51295,70.25373],[22.55397,70.23835],[22.56528,70.23762],[22.57586,70.24067],[22.58709,70.24209],[22.60027,70.23648],[22.594,70.22207],[22.60369,70.21849],[22.6753,70.22313],[22.96705,70.20746],[22.9769,70.19888],[22.97055,70.18936],[22.8602,70.12621],[22.83668,70.12035],[22.80397,70.11693],[22.73609,70.102],[22.5525,70.0856],[22.47625,70.09089],[22.43458,70.08893],[22.39234,70.06782],[22.28492,70.04401],[22.30421,70.03913],[22.3318,70.04043],[22.35906,70.04609],[22.39503,70.0611],[22.64763,70.07567],[22.71372,70.09528],[22.8672,70.10602],[22.97853,70.14541],[23.01857,70.14704],[23.0027,70.11441],[22.9992,70.10098],[22.99806,70.08218],[23.00115,70.06586],[23.00904,70.05048],[23.02003,70.03807],[23.03224,70.03034],[23.05242,70.03238],[23.08497,70.03962],[23.11508,70.04304],[23.12843,70.03376],[23.12452,70.01288],[23.1198,69.99897],[23.12436,69.98794],[23.14894,69.97573],[23.13592,69.96674],[23.1233,69.96088],[23.10987,69.95726],[23.09441,69.95527],[23.1255,69.9444],[23.15919,69.95108],[23.28346,69.99339],[23.29908,69.99624],[23.31414,69.99653],[23.31617,69.99364],[23.32301,69.98627],[23.33481,69.98119],[23.33904,69.97773],[23.33668,69.9726],[23.30958,69.95409],[23.30958,69.94977],[23.32984,69.94839],[23.42058,69.97809],[23.4673,69.98579],[23.47731,69.99282],[23.48463,70.00633],[23.50221,70.01142],[23.52272,70.01496],[23.53932,70.02412],[23.48854,70.03417],[23.29689,70.03978],[23.27272,70.04658],[23.17555,70.09243],[23.19207,70.09756],[23.22779,70.09764],[23.24448,70.10236],[23.25953,70.10847],[23.27565,70.11164],[23.35776,70.1153],[23.37924,70.12324],[23.40211,70.1402],[23.37916,70.14964],[23.32358,70.15925],[23.29908,70.16755],[23.32765,70.17536],[23.40309,70.18081],[23.42205,70.19546],[23.32862,70.19306],[23.28077,70.19847],[23.24391,70.21589],[23.27573,70.22504],[23.38787,70.22956],[23.41782,70.23436],[23.48764,70.23554],[23.50343,70.23753],[23.50514,70.24384],[23.53191,70.24384],[23.50294,70.25336],[23.47047,70.25601],[23.29225,70.24384],[23.31284,70.25698],[23.39942,70.27863],[23.57081,70.29068],[23.61443,70.30467],[23.51197,70.29784],[23.51873,70.30585],[23.54615,70.32514],[23.52442,70.32396],[23.48276,70.3155],[23.46363,70.31835],[23.48227,70.33027],[23.51319,70.36555],[23.53549,70.37299],[23.56202,70.37694],[23.59059,70.3867],[23.64234,70.41112],[23.75099,70.44872],[23.81568,70.48701],[23.84034,70.49706],[23.91798,70.50943],[24.18629,70.49396],[24.29802,70.47484],[24.31105,70.4704],[24.33383,70.45954],[24.35027,70.45624],[24.35743,70.4628],[24.35532,70.47199],[24.34441,70.47663],[24.3152,70.4831],[24.2588,70.51374],[24.23146,70.52383],[24.11476,70.53807],[24.10271,70.54141],[24.11232,70.5489],[24.21079,70.58527],[24.23829,70.59951],[24.24733,70.60212],[24.25603,70.60342],[24.26433,70.60627],[24.27231,70.61319],[24.27565,70.62279],[24.27638,70.64712],[24.28224,70.65754],[24.29396,70.66641],[24.33383,70.68521],[24.35239,70.69099],[24.37045,70.68985],[24.40886,70.68146],[24.47771,70.68329],[24.4983,70.67805],[24.615,70.62621],[24.64698,70.61799],[24.688,70.61433],[24.72348,70.62104],[24.73854,70.64423],[24.72486,70.66523],[24.66163,70.68818],[24.64226,70.70258],[24.64674,70.70384],[24.65594,70.70938],[24.58815,70.72191],[24.56666,70.72989],[24.54396,70.74628],[24.5324,70.75039],[24.51596,70.75214],[24.46412,70.75039],[24.34742,70.76398],[24.29233,70.76411],[24.26588,70.76992],[24.24513,70.78449],[24.26808,70.80024],[24.26759,70.82071],[24.26938,70.83845],[24.36362,70.86286],[24.39576,70.86689],[24.41627,70.85277],[24.40886,70.84593],[24.45118,70.84113],[24.46583,70.83446],[24.46412,70.81802],[24.52027,70.81159],[24.57399,70.79877],[24.61606,70.77973],[24.63543,70.77977],[24.64967,70.79877],[24.64064,70.80858],[24.62908,70.81558],[24.60076,70.82543],[24.61061,70.84077],[24.61109,70.85147],[24.61329,70.85936],[24.62867,70.8664],[24.65333,70.86579],[24.6836,70.85993],[24.7103,70.85904],[24.72486,70.87324],[24.63754,70.89395],[24.60816,70.89435],[24.62135,70.9051],[24.62867,70.90803],[24.59474,70.91812],[24.58229,70.92451],[24.57399,70.93529],[24.59099,70.94245],[24.61305,70.9475],[24.636,70.95002],[24.65594,70.94961],[24.63941,70.95506],[24.60353,70.95612],[24.58766,70.96259],[24.60865,70.97053],[24.63689,70.97565],[24.66603,70.97769],[24.77418,70.96821],[24.78289,70.96597],[24.78891,70.96109],[24.79689,70.9527],[24.80714,70.94721],[24.8353,70.94245],[24.84742,70.93871],[24.8602,70.92837],[24.85377,70.92182],[24.83741,70.91608],[24.82049,70.90803],[24.98487,70.91425],[24.96811,70.92984],[24.97804,70.94579],[24.98797,70.95816],[24.9712,70.96259],[24.9935,70.97207],[25.03346,70.97134],[25.06284,70.95759],[25.05323,70.92788],[25.02589,70.90839],[24.98894,70.8913],[24.94972,70.87885],[24.91603,70.87324],[24.93295,70.86762],[24.97136,70.87617],[24.98829,70.86982],[25.00473,70.86164],[25.04835,70.85798],[25.06739,70.85277],[25.06715,70.87303],[25.07602,70.88434],[25.1115,70.90933],[25.13453,70.91966],[25.14259,70.9217],[25.15358,70.9195],[25.15968,70.91486],[25.16342,70.91014],[25.16651,70.90803],[25.17994,70.90375],[25.23194,70.87324],[25.24187,70.86237],[25.26612,70.82543],[25.24562,70.79133],[25.2575,70.79084],[25.26686,70.79426],[25.27508,70.80048],[25.28346,70.80874],[25.29477,70.81342],[25.31129,70.8142],[25.34156,70.81245],[25.34978,70.81867],[25.39226,70.88443],[25.39666,70.9007],[25.38551,70.90803],[25.37525,70.91315],[25.36061,70.9256],[25.34742,70.94042],[25.34181,70.9527],[25.365,70.97614],[25.41822,70.96454],[25.53598,70.92292],[25.53728,70.91128],[25.52703,70.89765],[25.51246,70.88691],[25.49317,70.87792],[25.44386,70.86262],[25.42311,70.85961],[25.44166,70.8415],[25.46567,70.84406],[25.51246,70.86982],[25.52076,70.86913],[25.53883,70.8544],[25.5534,70.85277],[25.56031,70.857],[25.58888,70.88068],[25.61671,70.88858],[25.66261,70.89533],[25.70574,70.89558],[25.72478,70.88378],[25.7282,70.87739],[25.73658,70.86933],[25.74684,70.86245],[25.75611,70.85961],[25.7684,70.86286],[25.77809,70.8701],[25.78541,70.87739],[25.79054,70.88068],[25.82309,70.88569],[25.85304,70.89403],[25.8816,70.8957],[25.91041,70.88068],[25.91871,70.87287],[25.92579,70.86367],[25.92514,70.8559],[25.89576,70.84955],[25.86866,70.83544],[25.82521,70.82746],[25.8003,70.81542],[25.75327,70.78449],[25.72608,70.77546],[25.62916,70.76398],[25.63445,70.75503],[25.64039,70.74848],[25.6565,70.73603],[25.64112,70.72289],[25.62013,70.71231],[25.59734,70.70515],[25.55991,70.69904],[25.51246,70.67121],[25.44679,70.66193],[25.42799,70.6424],[25.35377,70.60716],[25.30698,70.59931],[25.28712,70.59272],[25.25465,70.57225],[25.23927,70.56476],[25.10108,70.5231],[25.07358,70.50332],[25.24594,70.5279],[25.28712,70.51073],[25.24252,70.48664],[25.05991,70.48965],[25.0975,70.47134],[25.24334,70.47842],[25.28712,70.45612],[25.26743,70.456],[25.2518,70.44807],[25.24594,70.43464],[25.26401,70.40534],[25.26466,70.39301],[25.2566,70.38638],[25.19776,70.40038],[25.15659,70.39395],[25.08107,70.35932],[25.09425,70.35472],[25.10776,70.35297],[25.13575,70.35309],[25.11793,70.34699],[25.10548,70.33625],[25.10475,70.32534],[25.12208,70.31835],[25.14039,70.32282],[25.16383,70.33308],[25.18678,70.33934],[25.20395,70.33198],[25.20875,70.31672],[25.20135,70.30707],[25.05795,70.25446],[25.02638,70.24852],[25.01433,70.24457],[25.00294,70.23908],[24.9948,70.23298],[24.98992,70.23045],[24.97983,70.22944],[24.97804,70.22582],[24.97804,70.21849],[24.97706,70.21548],[24.97006,70.20628],[24.96616,70.19892],[24.96469,70.19135],[24.97023,70.17683],[24.96437,70.16999],[24.94679,70.15762],[24.94508,70.14859],[24.94337,70.10236],[24.96339,70.08039],[25.00424,70.06403],[25.03712,70.06436],[25.03338,70.09243],[25.02329,70.1009],[25.01197,70.10863],[25.00603,70.1186],[25.01222,70.13398],[25.02752,70.14281],[25.09474,70.15388],[25.08766,70.14761],[25.07358,70.12661],[25.09099,70.1271],[25.10727,70.13068],[25.12224,70.13227],[25.13575,70.12661],[25.10401,70.12128],[25.09034,70.1166],[25.08107,70.10602],[25.09327,70.10029],[25.10182,70.09101],[25.11378,70.08246],[25.13608,70.0788],[25.15943,70.08088],[25.20525,70.09028],[25.22853,70.09243],[25.2527,70.1013],[25.27394,70.12271],[25.31039,70.17121],[25.32439,70.18244],[25.34164,70.18989],[25.36134,70.19416],[25.3825,70.19546],[25.39479,70.19969],[25.4131,70.20991],[25.42954,70.22224],[25.43678,70.23298],[25.45053,70.2495],[25.5171,70.2779],[25.54038,70.29784],[25.51726,70.31135],[25.42311,70.32514],[25.44109,70.34223],[25.65642,70.44062],[25.86915,70.5642],[25.89666,70.5716],[25.92742,70.5764],[25.96046,70.58893],[25.99057,70.60651],[26.01222,70.62621],[26.05348,70.69269],[26.07081,70.71247],[26.08253,70.71638],[26.11915,70.71735],[26.1364,70.72305],[26.14527,70.73135],[26.15699,70.75019],[26.16358,70.7578],[26.19166,70.77375],[26.25538,70.79743],[26.30828,70.83332],[26.37428,70.86848],[26.61362,70.94912],[26.69117,70.9558],[26.68727,70.9527],[26.6775,70.94212],[26.72535,70.92788],[26.71925,70.91616],[26.72267,70.91096],[26.72918,70.90668],[26.73276,70.89777],[26.73015,70.88788],[26.7234,70.8808],[26.70826,70.86982],[26.69614,70.86441],[26.68149,70.86286],[26.66912,70.85961],[26.66383,70.84931],[26.66586,70.83804],[26.6714,70.83063],[26.67994,70.82665],[26.69093,70.82543],[26.7046,70.82901],[26.72096,70.83539],[26.73601,70.83861],[26.74578,70.83226],[26.74431,70.82347],[26.73561,70.81533],[26.71909,70.805],[26.7046,70.79003],[26.69158,70.77294],[26.68531,70.75458],[26.69117,70.73603],[26.64047,70.70661],[26.34164,70.64794],[26.37534,70.63837],[26.49936,70.66096],[26.53745,70.66185],[26.62306,70.65192],[26.65699,70.64053],[26.60182,70.55854],[26.60629,70.54438],[26.59311,70.53587],[26.5739,70.52847],[26.5608,70.51765],[26.55844,70.50414],[26.56398,70.49681],[26.57309,70.48965],[26.58131,70.47663],[26.54103,70.46157],[26.52133,70.44839],[26.51303,70.43159],[26.51531,70.42365],[26.52524,70.4134],[26.52662,70.4077],[26.52394,70.40058],[26.51515,70.3867],[26.51303,70.37979],[26.51043,70.37775],[26.50603,70.37055],[26.50587,70.36286],[26.51612,70.35932],[26.55388,70.35309],[26.56764,70.35619],[26.57521,70.36197],[26.57838,70.36823],[26.58326,70.37434],[26.59498,70.37979],[26.6089,70.3808],[26.63526,70.37665],[26.64959,70.37979],[26.63103,70.40111],[26.62916,70.4077],[26.63445,70.41303],[26.65594,70.42475],[26.66228,70.42642],[26.69272,70.42023],[26.7234,70.42088],[26.7531,70.42731],[26.78053,70.43842],[26.79933,70.45466],[26.80397,70.46955],[26.81227,70.47993],[26.94508,70.48286],[26.93149,70.46646],[26.94825,70.46247],[27.05128,70.47606],[27.07667,70.47435],[27.10206,70.46979],[27.09059,70.47451],[27.05437,70.48286],[27.04469,70.48774],[27.02703,70.50332],[26.97608,70.52741],[26.96608,70.53807],[26.9909,70.54377],[27.00034,70.54906],[27.00709,70.55854],[26.98178,70.56464],[26.97291,70.56538],[26.99171,70.58283],[27.02149,70.59894],[27.05388,70.61017],[27.0809,70.61319],[27.08855,70.61091],[27.10727,70.60244],[27.11638,70.59951],[27.12965,70.59833],[27.17107,70.59951],[27.24204,70.58544],[27.26661,70.58527],[27.23512,70.60171],[27.12989,70.62621],[27.09986,70.6411],[27.10532,70.65575],[27.15675,70.68146],[27.13901,70.6892],[27.09929,70.69672],[27.0809,70.70258],[27.11061,70.72871],[27.13982,70.74063],[27.28696,70.74356],[27.31666,70.73896],[27.32944,70.74331],[27.3423,70.7578],[27.31853,70.75934],[27.29371,70.7639],[27.28045,70.77473],[27.29078,70.79507],[27.31088,70.81818],[27.32399,70.82364],[27.34897,70.82543],[27.62965,70.805],[27.48015,70.82543],[27.48015,70.83226],[27.49537,70.83173],[27.50807,70.836],[27.52052,70.84178],[27.53403,70.84593],[27.52231,70.85151],[27.50961,70.8618],[27.50001,70.8664],[27.49049,70.86725],[27.47047,70.86595],[27.46225,70.86982],[27.45802,70.87531],[27.45639,70.87808],[27.45346,70.87934],[27.44467,70.88068],[27.40968,70.87645],[27.39129,70.87637],[27.38331,70.88378],[27.38689,70.89167],[27.40431,70.9062],[27.41049,70.91425],[27.39405,70.90974],[27.36964,70.89322],[27.3558,70.88691],[27.33513,70.88402],[27.19093,70.89496],[27.15398,70.90571],[27.12257,70.9217],[27.1338,70.95002],[27.14869,70.96385],[27.17115,70.96686],[27.34897,70.94212],[27.34197,70.9527],[27.33131,70.96076],[27.30787,70.9726],[27.28956,70.97919],[27.2483,70.98908],[27.23243,70.99677],[27.22169,71.01895],[27.25318,71.02631],[27.47641,71.00666],[27.50001,70.99364],[27.50856,70.96857],[27.52931,70.95547],[27.55421,70.95527],[27.57553,70.96882],[27.56658,70.98163],[27.5643,70.99445],[27.56951,71.00654],[27.58253,71.01728],[27.54664,71.02269],[27.53305,71.02875],[27.52784,71.04145],[27.52605,71.05707],[27.52329,71.06647],[27.52459,71.07441],[27.53403,71.08613],[27.5687,71.09724],[27.61012,71.09292],[27.64234,71.09545],[27.65016,71.1271],[27.71551,71.10423],[27.72462,71.0904],[27.69801,71.06566],[27.72169,71.05972],[27.78785,71.05948],[27.81153,71.05598],[27.85572,71.041],[27.87672,71.03775],[27.96363,71.04662],[27.98316,71.05573],[27.99903,71.06582],[28.02076,71.07099],[28.04322,71.07099],[28.0617,71.06566],[28.06398,71.06159],[28.06332,71.05585],[28.06398,71.04995],[28.0691,71.04515],[28.08107,71.04096],[28.08717,71.04157],[28.14519,71.07404],[28.16733,71.08271],[28.19142,71.08613],[28.20973,71.08397],[28.23276,71.07803],[28.25245,71.06843],[28.261,71.05573],[28.25229,71.03937],[28.23292,71.03262],[28.21192,71.02778],[28.1989,71.01728],[28.21925,71.01728],[28.20899,71.01533],[28.19996,71.01118],[28.19191,71.00495],[28.18523,70.99677],[28.19972,70.99897],[28.23976,71.01105],[28.23439,71.00072],[28.22633,70.99282],[28.21632,70.98701],[28.20509,70.9831],[28.23308,70.97704],[28.34344,71.00422],[28.49147,70.99982],[28.53102,70.98363],[28.53924,70.98249],[28.54607,70.97993],[28.54884,70.9726],[28.54664,70.96695],[28.53688,70.95844],[28.52931,70.9392],[28.50571,70.91987],[28.5005,70.91112],[28.48316,70.88947],[28.44321,70.88394],[28.36948,70.88691],[28.38356,70.87499],[28.40317,70.8725],[28.42506,70.87214],[28.44516,70.8664],[28.42237,70.85318],[28.39747,70.84711],[28.34344,70.84593],[28.34344,70.83975],[28.35271,70.83714],[28.35646,70.83466],[28.35865,70.83112],[28.36329,70.82543],[28.22543,70.83226],[28.24334,70.8249],[28.26197,70.8194],[28.30128,70.81245],[28.26588,70.79499],[28.22389,70.78583],[28.1797,70.78286],[28.13738,70.78449],[28.08074,70.79711],[28.0617,70.79877],[28.02312,70.79291],[28.00953,70.79613],[28.01385,70.81245],[27.99879,70.81574],[27.98585,70.81314],[27.97332,70.80825],[27.95924,70.805],[27.95069,70.79776],[27.82228,70.79121],[27.80844,70.79507],[27.79851,70.79658],[27.77263,70.79165],[27.76002,70.79133],[27.77638,70.78148],[27.81178,70.77668],[27.8283,70.77082],[27.81324,70.76484],[27.79672,70.76093],[27.78248,70.75519],[27.77369,70.74356],[27.8576,70.76301],[27.89967,70.76822],[27.98683,70.75703],[27.99342,70.7541],[27.99733,70.74579],[28.00668,70.74287],[28.08082,70.74567],[28.10743,70.74384],[28.13054,70.73603],[28.07244,70.70327],[27.93344,70.68708],[27.86988,70.66779],[27.87403,70.66511],[27.87672,70.66096],[27.79314,70.63679],[27.75294,70.63154],[27.72185,70.62214],[27.67652,70.61567],[27.65016,70.60635],[27.79469,70.61367],[28.15382,70.67792],[28.25343,70.71638],[28.28338,70.71849],[28.30128,70.70258],[28.28785,70.65375],[28.23316,70.61518],[28.16651,70.58747],[28.05795,70.55541],[28.03354,70.54121],[27.9944,70.52652],[27.91188,70.51162],[27.87379,70.4986],[27.84938,70.48286],[27.86232,70.46967],[27.86997,70.45856],[27.88356,70.42821],[27.89389,70.4392],[27.91456,70.47321],[27.92791,70.48273],[27.945,70.48916],[27.97975,70.49706],[27.95802,70.48444],[27.93816,70.46979],[28.0586,70.49299],[28.18523,70.50332],[28.08009,70.47712],[28.05177,70.45954],[28.04086,70.44477],[28.05006,70.44253],[28.08766,70.45148],[28.1128,70.46385],[28.13054,70.46979],[28.12949,70.46935],[28.11044,70.46121],[28.10401,70.45433],[28.1076,70.44571],[28.12713,70.44184],[28.13722,70.44668],[28.17774,70.47663],[28.21404,70.49567],[28.25294,70.51008],[28.29363,70.51797],[28.3353,70.51765],[28.32211,70.49698],[28.30323,70.48664],[28.28248,70.47899],[28.26401,70.46638],[28.24684,70.44823],[28.21323,70.42121],[28.17237,70.39545],[28.16066,70.3828],[28.15846,70.36811],[28.16814,70.34943],[28.17335,70.33295],[28.16961,70.31538],[28.15724,70.28425],[28.15789,70.2473],[28.17791,70.18228],[28.17774,70.15388],[28.16725,70.13548],[28.15203,70.12372],[28.13526,70.11416],[28.09978,70.08812],[28.07081,70.07738],[28.03989,70.07128],[28.01385,70.07136],[28.06625,70.06318],[28.1281,70.08161],[28.18393,70.11555],[28.21925,70.15388],[28.22543,70.17402],[28.21974,70.18602],[28.20851,70.1975],[28.1989,70.21589],[28.1989,70.22622],[28.20436,70.24579],[28.20191,70.25349],[28.19874,70.25996],[28.19142,70.28425],[28.19557,70.30158],[28.21664,70.33006],[28.22543,70.34565],[28.22918,70.36591],[28.22918,70.38329],[28.23268,70.39912],[28.24659,70.41454],[28.25815,70.42097],[28.29119,70.43293],[28.32081,70.43891],[28.32504,70.44831],[28.32553,70.45978],[28.32911,70.46979],[28.35336,70.48379],[28.39039,70.49335],[28.42897,70.49604],[28.45883,70.48965],[28.45623,70.47199],[28.46925,70.45515],[28.48927,70.44526],[28.50733,70.44872],[28.51173,70.45799],[28.50685,70.46625],[28.50034,70.47419],[28.5005,70.48286],[28.51075,70.49185],[28.52573,70.49787],[28.55502,70.50332],[28.55502,70.51073],[28.4817,70.51211],[28.45883,70.51765],[28.4061,70.54499],[28.39747,70.54829],[28.4017,70.55899],[28.47926,70.62621],[28.48504,70.63581],[28.49342,70.65803],[28.5005,70.66779],[28.51686,70.67817],[28.53386,70.68012],[28.57553,70.67463],[28.61354,70.67381],[28.62029,70.67829],[28.61036,70.68891],[28.57594,70.70148],[28.5407,70.70893],[28.52622,70.72175],[28.55502,70.75039],[28.64308,70.78925],[28.69321,70.82982],[28.7256,70.84894],[28.76108,70.86408],[28.79469,70.87324],[29.05747,70.88402],[29.08269,70.88068],[29.1045,70.87303],[29.10222,70.86872],[29.06227,70.8664],[29.06227,70.85961],[29.22136,70.85541],[29.2614,70.83975],[29.26303,70.83503],[29.26197,70.82087],[29.26482,70.81517],[29.27296,70.80972],[29.2824,70.80512],[29.30177,70.79877],[29.3812,70.79291],[29.4048,70.78449],[29.38054,70.76944],[29.29493,70.74356],[29.32211,70.73493],[29.41782,70.73603],[29.3991,70.72822],[29.37257,70.72386],[29.32228,70.72305],[29.32789,70.71271],[29.33774,70.70844],[29.35027,70.70808],[29.36378,70.70938],[29.3519,70.6953],[29.32879,70.69001],[29.3025,70.6874],[29.28142,70.68146],[29.285,70.67862],[29.28785,70.67699],[29.29493,70.67463],[29.28142,70.66096],[29.30641,70.6529],[29.32887,70.65998],[29.36997,70.68891],[29.3921,70.69733],[29.51775,70.70588],[29.69955,70.74372],[29.74578,70.74274],[29.77898,70.72655],[29.7815,70.68891],[29.76197,70.6645],[29.70265,70.63959],[29.67921,70.62002],[29.82309,70.63369],[29.83953,70.63939],[29.84938,70.6472],[29.85808,70.65595],[29.87037,70.66437],[29.95916,70.70466],[29.99383,70.71308],[30.06959,70.71556],[30.10475,70.71076],[30.2068,70.68146],[30.18605,70.6647],[30.1565,70.65599],[30.09693,70.64794],[30.13071,70.63882],[30.2409,70.63369],[30.33692,70.60615],[30.34734,70.59614],[30.32691,70.58491],[30.26466,70.56977],[30.15268,70.55825],[30.12477,70.5517],[30.12477,70.54487],[30.13803,70.54637],[30.15024,70.54584],[30.15984,70.54145],[30.16521,70.53124],[30.12428,70.53168],[30.04135,70.54438],[30.00074,70.54487],[30.00074,70.53807],[30.1631,70.5246],[30.45631,70.56122],[30.50164,70.55854],[30.5818,70.54218],[30.59913,70.52977],[30.56235,70.51765],[30.73194,70.46817],[30.74122,70.44184],[30.78663,70.42064],[30.81235,70.4147],[30.82374,70.42479],[30.83741,70.43171],[30.92604,70.45612],[30.94695,70.45002],[30.9734,70.42121],[30.98797,70.41454],[31.00563,70.409],[31.06332,70.36677],[31.0477,70.35627],[31.03053,70.34878],[31.01938,70.33991],[31.02174,70.32514],[31.03395,70.31501],[31.05047,70.30878],[31.06642,70.30048],[31.077,70.28425],[31.04119,70.28486],[30.9336,70.26374],[30.54884,70.24868],[30.51515,70.23908],[30.51466,70.21589],[30.48894,70.20307],[30.39861,70.19546],[30.37485,70.18586],[30.35776,70.17324],[30.35743,70.16128],[30.38429,70.15388],[30.35524,70.12971],[30.31707,70.11738],[30.1447,70.09243],[30.11948,70.08491],[30.11793,70.07807],[30.13315,70.07319],[30.15895,70.07136],[29.68971,70.09585],[29.22047,70.12035],[29.22674,70.12035],[28.9402,70.15133],[28.65366,70.18232],[28.61655,70.17691],[28.59669,70.16132],[28.75367,70.16755],[28.7326,70.14932],[28.69011,70.1341],[28.64357,70.12393],[28.61036,70.12035],[28.62941,70.10712],[28.66481,70.1],[28.73268,70.09858],[28.7741,70.1114],[28.78647,70.11115],[28.83399,70.09951],[28.84995,70.09858],[28.84995,70.09243],[28.75904,70.09357],[28.73268,70.0856],[28.92408,70.07388],[28.99334,70.05585],[29.13795,70.0576],[29.12916,70.04755],[29.12428,70.04401],[29.16188,70.04515],[29.18312,70.0434],[29.19256,70.03718],[29.18385,70.03295],[29.13038,70.01675],[29.15838,70.00922],[29.34344,70.01675],[29.38941,70.00487],[29.68588,69.96955],[29.66358,69.96597],[29.57553,69.93578],[29.52947,69.92536],[29.48634,69.91071],[29.44011,69.90082],[29.42164,69.89037],[29.41505,69.88361],[29.41228,69.87962],[29.40838,69.87588],[29.39829,69.86957],[29.39031,69.86616],[29.36378,69.85969],[29.41326,69.85692],[29.4358,69.86237],[29.47145,69.88784],[29.51539,69.90933],[29.53517,69.91425],[29.54949,69.9147],[29.56365,69.91303],[29.5774,69.90937],[29.59034,69.90404],[29.60434,69.90127],[29.62989,69.90705],[29.66725,69.90135],[29.71437,69.91364],[29.74122,69.90746],[29.73162,69.89444],[29.73813,69.88573],[29.74627,69.87743],[29.74122,69.86587],[29.7754,69.83857],[29.75538,69.82884],[29.73699,69.80292],[29.69939,69.79328],[29.64926,69.77192],[29.64503,69.76341],[29.64503,69.75601],[29.62485,69.7541],[29.61256,69.74494],[29.60279,69.73298],[29.58969,69.72248],[29.57057,69.7165],[29.52809,69.71296],[29.50799,69.70881],[29.54347,69.70832],[29.5337,69.69526],[29.50603,69.67707],[29.48732,69.66108],[29.52149,69.66844],[29.53777,69.67499],[29.56723,69.69489],[29.68002,69.73542],[29.71559,69.74112],[29.82097,69.74396],[29.90162,69.73631],[29.90846,69.73745],[29.99301,69.76801],[30.03045,69.77595],[30.06275,69.77025],[30.04347,69.76142],[30.01905,69.73753],[30.00099,69.72557],[29.95493,69.71532],[29.9367,69.70576],[29.9393,69.68773],[29.95232,69.70523],[29.97779,69.71418],[30.02858,69.72248],[30.07114,69.73994],[30.08082,69.73867],[30.10174,69.71621],[30.11451,69.7062],[30.17514,69.68635],[30.18629,69.68773],[30.188,69.69571],[30.18067,69.70197],[30.16196,69.7119],[30.12224,69.74384],[30.11061,69.75601],[30.13185,69.76],[30.18898,69.76252],[30.2068,69.77025],[30.20899,69.78441],[30.19467,69.79365],[30.17457,69.80142],[30.15895,69.81122],[30.16586,69.82392],[30.16798,69.84663],[30.16717,69.86872],[30.16521,69.87954],[30.2409,69.87954],[30.28924,69.88654],[30.30274,69.88325],[30.32399,69.86713],[30.31821,69.85928],[30.26881,69.8454],[30.29949,69.8382],[30.37184,69.8476],[30.39861,69.83857],[30.4026,69.83124],[30.40366,69.82241],[30.40382,69.81314],[30.4048,69.80439],[30.41098,69.78197],[30.41228,69.7805],[30.41358,69.73664],[30.40984,69.7023],[30.38819,69.68037],[30.33709,69.67406],[30.3602,69.66747],[30.42937,69.67406],[30.44353,69.67841],[30.44858,69.68895],[30.45248,69.71503],[30.44744,69.72679],[30.44744,69.73334],[30.46209,69.73774],[30.46518,69.74164],[30.46656,69.74702],[30.46681,69.75288],[30.46266,69.76423],[30.45525,69.77334],[30.45183,69.78168],[30.45997,69.79076],[30.45069,69.81029],[30.48292,69.81818],[30.69874,69.80854],[30.72055,69.79759],[30.70672,69.79279],[30.70037,69.78343],[30.70314,69.7744],[30.71697,69.77025],[30.7326,69.7722],[30.74969,69.77717],[30.78207,69.79076],[30.78956,69.79076],[30.84099,69.80585],[31.03224,69.77709],[31.13331,69.7757],[31.1657,69.77025],[31.19955,69.75764],[31.21412,69.75601],[31.22608,69.75715],[31.2492,69.76227],[31.26157,69.76341],[31.28346,69.76032],[31.30787,69.75239],[31.35133,69.73241],[31.37306,69.72651],[31.39527,69.7237],[31.40903,69.71581],[31.40602,69.69453],[31.40138,69.68769],[31.39389,69.68106],[31.3851,69.67597],[31.37517,69.67406],[31.36793,69.67137],[31.36549,69.66498],[31.36443,69.65717],[31.36158,69.65046],[31.34718,69.63837],[31.29672,69.61262],[31.32569,69.61494],[31.35385,69.6269],[31.45216,69.68891],[31.47779,69.69766],[31.52068,69.68867],[31.53126,69.69253],[31.54249,69.69831],[31.55681,69.70197],[31.81056,69.68773],[31.79762,69.70449],[31.77263,69.71361],[31.7212,69.72557],[31.70086,69.73656],[31.69907,69.74429],[31.72804,69.77025],[31.71656,69.78946],[31.70883,69.80858],[31.71095,69.82738],[31.72804,69.8454],[31.75367,69.85407],[31.84816,69.85285],[31.86793,69.84854],[31.90675,69.82925],[31.96404,69.8166],[32.02906,69.78197],[32.05698,69.77709],[32.06121,69.77949],[32.06756,69.78425],[32.07635,69.78876],[32.09889,69.7919],[32.10141,69.79507],[32.09962,69.80044],[32.09799,69.80781],[32.09181,69.81562],[32.05047,69.84199],[31.9961,69.86359],[31.98129,69.87328],[31.98015,69.87881],[31.9826,69.89521],[31.98129,69.90062],[31.97495,69.90412],[31.9183,69.92646],[31.91334,69.93618],[31.92319,69.95181],[31.94215,69.96503],[31.96241,69.96992],[31.98455,69.97028],[32.05445,69.96377],[32.24171,69.88325],[32.26726,69.87629],[32.35808,69.87954],[32.3982,69.87434],[32.48829,69.8509],[32.5232,69.83234],[32.50359,69.82087],[32.50668,69.81098],[32.5232,69.80317],[32.62469,69.78278],[32.72731,69.7919],[32.91961,69.78002],[33.00603,69.75861],[33.04908,69.74006],[33.0643,69.73957],[33.08131,69.74592],[33.10141,69.74872],[33.12029,69.74421],[33.13331,69.72866],[33.12859,69.72557],[33.11687,69.69164],[33.11598,69.68464],[33.1128,69.67756],[33.11476,69.6708],[33.11801,69.66498],[33.11899,69.66108],[33.11362,69.654],[33.1067,69.64891],[33.07504,69.63166],[33.03582,69.61774],[32.87176,69.58251],[32.50196,69.63312],[32.43727,69.65009],[32.41863,69.64875],[32.37062,69.64008],[32.22055,69.6542],[32.18832,69.65306],[32.16969,69.65485],[32.15943,69.66108],[32.15968,69.66771],[32.16456,69.67231],[32.17058,69.67646],[32.17368,69.68155],[32.17677,69.69526],[32.18019,69.70498],[32.18043,69.71475],[32.17368,69.72866],[32.16245,69.74144],[32.14747,69.75141],[32.13014,69.75601],[32.11166,69.75288],[32.10743,69.74604],[32.11052,69.73493],[32.11606,69.72167],[32.11915,69.70848],[32.10157,69.67398],[32.05983,69.65949],[31.96827,69.6542],[31.99537,69.64517],[32.02882,69.64216],[32.05592,69.63654],[32.06381,69.61945],[32.05193,69.60432],[32.03207,69.59243],[32.01612,69.58023],[32.01612,69.5642],[32.07472,69.59077],[32.13331,69.59821],[32.19304,69.59211],[32.25563,69.57787],[32.28826,69.57429],[32.386,69.58535],[32.3991,69.58421],[32.41521,69.58063],[32.42848,69.57416],[32.43385,69.5642],[32.42774,69.55996],[32.40056,69.54499],[32.3921,69.53685],[32.42091,69.5362],[32.50196,69.51704],[32.48585,69.50349],[32.46461,69.50202],[32.44166,69.50446],[32.42018,69.50275],[32.40691,69.49478],[32.38168,69.47309],[32.36524,69.46865],[32.32276,69.46235],[32.23845,69.43696],[32.19361,69.43452],[32.23805,69.42231],[32.2894,69.43073],[32.386,69.46182],[32.3991,69.46296],[32.41,69.46271],[32.4201,69.46459],[32.43043,69.47236],[32.44793,69.48896],[32.4546,69.49287],[32.46925,69.49559],[32.49635,69.48994],[32.52174,69.48892],[32.5276,69.48933],[32.53004,69.49287],[32.53061,69.49641],[32.53468,69.50715],[32.53688,69.50959],[32.55592,69.50633],[32.5892,69.48603],[32.60377,69.4842],[32.64389,69.49799],[32.66456,69.5021],[32.68702,69.50275],[32.79005,69.48969],[32.84783,69.49287],[32.8777,69.49112],[32.89926,69.48225],[32.82691,69.45921],[32.79249,69.44253],[32.76954,69.41401],[32.89308,69.46182],[32.98764,69.4746],[33.08497,69.47606],[32.86183,69.36522],[32.83774,69.33145],[32.81967,69.31916],[32.80372,69.30414],[32.81332,69.30146],[32.8235,69.30121],[32.83416,69.30337],[32.85483,69.3111],[32.86362,69.31184],[32.87273,69.31098],[32.88315,69.312],[32.88917,69.31192],[32.89536,69.31493],[32.90675,69.32526],[32.92384,69.34882],[32.95314,69.37751],[32.96949,69.38736],[32.98927,69.39354],[33.29396,69.44343],[33.31764,69.45124],[33.32895,69.45197],[33.34897,69.43818],[33.36207,69.43452],[33.37827,69.43622],[33.42066,69.44815],[33.44793,69.44721],[33.49781,69.43211],[33.52369,69.42829],[33.50538,69.40355],[33.47438,69.39387],[33.4406,69.38764],[33.41383,69.37299],[33.43409,69.37299],[33.49635,69.37987],[33.46608,69.35786],[33.40447,69.32762],[33.37599,69.30756],[33.34457,69.29694],[33.26124,69.291],[33.23512,69.27001],[33.25506,69.27017],[33.27866,69.27342],[33.2977,69.27847],[33.30397,69.28368],[33.39796,69.29125],[33.44776,69.2884],[33.47592,69.27001],[33.38649,69.2495],[33.33904,69.24665],[33.31577,69.24152],[33.29656,69.22907],[33.37184,69.23477],[33.40602,69.22968],[33.40642,69.20856],[33.43995,69.21149],[33.47592,69.22183],[33.51157,69.22549],[33.5442,69.20856],[33.51189,69.18423],[33.39332,69.15054],[33.31764,69.11921],[33.28956,69.11253],[33.23243,69.10814],[33.15968,69.09467],[33.10873,69.09199],[33.06056,69.08332],[33.02345,69.05777],[33.01637,69.03872],[33.01124,69.00751],[33.01238,68.97565],[33.02345,68.95474],[33.03981,68.97748],[33.04819,69.03433],[33.0643,69.05777],[33.11264,69.07538],[33.2256,69.07612],[33.31959,69.09634],[33.3768,69.09764],[33.42661,69.10468],[33.44801,69.12971],[33.45541,69.14106],[33.47291,69.15143],[33.56284,69.18207],[33.56471,69.18806],[33.57618,69.1992],[33.57537,69.21296],[33.56471,69.24266],[33.56674,69.24584],[33.57643,69.25332],[33.57838,69.25633],[33.57594,69.2613],[33.57146,69.26838],[33.56707,69.27277],[33.56471,69.27001],[33.56284,69.28559],[33.56422,69.29304],[33.57154,69.30414],[33.59254,69.31957],[33.62045,69.3277],[33.72397,69.33682],[33.73536,69.33145],[33.74024,69.32274],[33.73902,69.31562],[33.73276,69.30952],[33.72234,69.30414],[33.74024,69.30679],[33.77906,69.31729],[33.79542,69.31647],[33.81381,69.31135],[33.83579,69.30777],[33.85694,69.3072],[33.87322,69.31098],[33.8659,69.31737],[33.86036,69.32445],[33.85206,69.33893],[34.13632,69.32496],[34.42058,69.31098],[34.41375,69.29267],[34.44703,69.28368],[34.54233,69.26911],[34.58497,69.2722],[34.60621,69.27001],[34.64845,69.2521],[34.66179,69.2495],[34.98227,69.22907],[34.9756,69.22248],[34.96079,69.20425],[34.95558,69.19489],[34.97267,69.19335],[34.99195,69.20222],[35.01189,69.21426],[35.03077,69.22215],[35.08717,69.22598],[35.11801,69.22309],[35.14064,69.2154],[35.14649,69.20832],[35.14536,69.20209],[35.14283,69.19652],[35.14405,69.19147],[35.1565,69.18293],[35.1692,69.18106],[35.18198,69.18354],[35.19581,69.18806],[35.21266,69.19575],[35.22755,69.20466],[35.2435,69.21206],[35.26417,69.2154],[35.24692,69.2364],[35.17595,69.25772],[35.14747,69.27001],[35.18263,69.27993],[35.27296,69.27147],[35.33033,69.27607],[35.80942,69.19644],[35.87355,69.19489],[35.92351,69.18236],[35.96697,69.17683],[35.99529,69.16682],[36.02117,69.15266],[36.04151,69.13622],[36.0547,69.12808],[36.06756,69.12775],[36.09645,69.1328],[36.24952,69.11099],[36.27361,69.09846],[36.26466,69.07819],[36.31235,69.05777],[36.51791,69.02977],[36.68922,68.982],[36.70281,68.98054],[36.71608,68.98115],[36.72877,68.97968],[36.74073,68.97175],[36.74936,68.96162],[36.75473,68.95816],[36.76433,68.95474],[36.78956,68.94977],[36.84205,68.94526],[37.01238,68.89448],[37.02882,68.88239],[37.04371,68.87446],[37.09555,68.86079],[37.19125,68.85053],[37.20997,68.84545],[37.22413,68.83373],[37.2326,68.82001],[37.24269,68.80858],[37.26149,68.8039],[37.30909,68.79979],[37.35524,68.79023],[37.37241,68.7827],[37.41066,68.76069],[37.43556,68.75397],[37.45387,68.74457],[37.46388,68.74242],[37.50131,68.74055],[37.52475,68.73574],[37.57,68.73558],[37.57846,68.73347],[37.58717,68.72407],[37.68051,68.71345],[37.69972,68.70454],[37.73024,68.68574],[37.81178,68.66071],[37.9463,68.60082],[37.99041,68.57014],[38.02369,68.55414],[38.03989,68.54377],[38.04737,68.53559],[38.05983,68.51651],[38.06658,68.50967],[38.09116,68.50096],[38.14942,68.49982],[38.17644,68.49543],[38.20021,68.48404],[38.2068,68.48237],[38.21046,68.47899],[38.20973,68.47183],[38.21013,68.46454],[38.21705,68.46125],[38.31691,68.44758],[38.32984,68.44221],[38.34767,68.41885],[38.39129,68.39948],[38.38868,68.34317],[38.42351,68.33771],[38.42905,68.34195],[38.43133,68.34907],[38.43458,68.35586],[38.44361,68.35883],[38.45167,68.35663],[38.46315,68.34683],[38.47096,68.34455],[38.49488,68.34211],[38.71583,68.29157],[38.76539,68.29059],[38.70411,68.31184],[38.60572,68.33198],[38.53248,68.35529],[38.5101,68.36546],[38.51222,68.37588],[38.53663,68.37792],[38.58863,68.35993],[38.61524,68.36506],[38.59791,68.38198],[38.61158,68.38727],[38.63917,68.38496],[38.66293,68.3793],[38.75913,68.33771],[38.79363,68.32868],[38.9026,68.31786],[38.92563,68.3111],[38.94614,68.29963],[38.95183,68.28705],[38.93051,68.27692],[38.95387,68.2663],[39.03492,68.25121],[39.25318,68.17023],[39.35873,68.14964],[39.52076,68.076],[39.60841,68.06342],[39.68751,68.06135],[39.73911,68.048],[39.80063,68.05272],[39.82838,68.04662],[39.83872,68.04316],[39.85043,68.04255],[39.85955,68.04662],[39.86215,68.0572],[39.85939,68.05756],[39.84164,68.07087],[39.79477,68.11835],[39.78297,68.12743],[39.72136,68.15876],[39.70981,68.16877],[39.72193,68.17329],[39.7697,68.16987],[39.79322,68.16474],[39.87013,68.1293],[39.91285,68.12287],[39.92115,68.114],[39.92368,68.10102],[39.92986,68.08511],[39.94459,68.06733],[39.99024,68.02875],[40.00441,68.01984],[40.01979,68.01618],[40.03875,68.01463],[40.05812,68.01008],[40.07635,68.00243],[40.11899,67.97167],[40.14861,67.95795],[40.29363,67.91376],[40.29835,67.90933],[40.29957,67.90445],[40.30356,67.90192],[40.32716,67.90693],[40.33969,67.90754],[40.35206,67.90632],[40.36248,67.9029],[40.41066,67.87507],[40.41774,67.86542],[40.40358,67.85293],[40.37387,67.84907],[40.32154,67.85114],[40.32154,67.84492],[40.3851,67.79938],[40.46681,67.76118],[40.50367,67.75023],[40.53834,67.75471],[40.56788,67.78286],[40.56813,67.78913],[40.56414,67.79458],[40.56088,67.80012],[40.56446,67.80703],[40.57407,67.81102],[40.58725,67.81171],[40.61232,67.81013],[40.65463,67.8146],[40.67075,67.81029],[40.67709,67.79304],[40.68409,67.7812],[40.70037,67.77253],[40.73243,67.76236],[40.80063,67.72822],[40.84197,67.72455],[40.92319,67.73452],[40.96583,67.72508],[41.01661,67.6979],[41.03989,67.6778],[41.05397,67.65314],[41.05226,67.61913],[41.03289,67.59858],[41.00782,67.58295],[40.98943,67.56371],[40.99,67.55537],[41.00758,67.54401],[41.01352,67.53579],[41.01336,67.52924],[41.01075,67.5244],[41.00782,67.52033],[41.00611,67.51594],[41.00514,67.49046],[41.00343,67.47895],[40.99928,67.46747],[41.06007,67.46638],[41.08725,67.45991],[41.11598,67.44701],[41.14536,67.42438],[41.15008,67.42349],[41.1482,67.41161],[41.13933,67.39423],[41.13649,67.38557],[41.13657,67.33568],[41.13299,67.30915],[41.11964,67.28628],[41.1089,67.25381],[41.14047,67.23534],[41.24285,67.21345],[41.26441,67.2204],[41.28541,67.23029],[41.30779,67.23477],[41.32114,67.23151],[41.33969,67.22382],[41.35613,67.21385],[41.36305,67.20376],[41.35816,67.19038],[41.33839,67.17113],[41.3357,67.15965],[41.34547,67.14899],[41.38087,67.13752],[41.39039,67.1249],[41.38453,67.11001],[41.36793,67.10187],[41.3506,67.09577],[41.34254,67.08735],[41.34254,67.04637],[41.34742,67.03099],[41.35629,67.0218],[41.36004,67.01362],[41.34938,67.00141],[41.32984,66.99824],[41.30356,67.0019],[41.2798,67.0021],[41.26734,66.98835],[41.27467,66.98151],[41.29086,66.97264],[41.3047,66.96206],[41.3047,66.9499],[41.27052,66.90266],[41.17807,66.80956],[41.14527,66.78889],[41.04119,66.74506],[40.91798,66.67243],[40.86069,66.65229],[40.83318,66.63223],[40.81479,66.62214],[40.79558,66.6142],[40.76319,66.60712],[40.74497,66.59736],[40.72918,66.58413],[40.71876,66.57001],[40.71608,66.55646],[40.71957,66.54914],[40.71925,66.54194],[40.70509,66.52847],[40.66977,66.5124],[40.63413,66.50666],[40.60206,66.49653],[40.57781,66.46723],[40.5656,66.45576],[40.50652,66.44025],[40.44435,66.4055],[40.40016,66.39403],[40.3086,66.38198],[40.15838,66.32933],[40.08497,66.28876],[39.84889,66.24518],[39.81186,66.23066],[39.77149,66.22492],[39.70444,66.20694],[39.46518,66.17959],[39.38445,66.14533],[39.3436,66.13471],[39.06398,66.10391],[38.97218,66.11131],[38.95045,66.10761],[38.93458,66.10212],[38.55437,66.055],[38.24073,66.07189],[37.92709,66.08877],[37.82146,66.11221],[37.65553,66.12311],[37.5464,66.14484],[37.43849,66.19286],[37.36012,66.20458],[37.27312,66.23045],[36.88738,66.28522],[36.83139,66.28335],[36.74928,66.29564],[36.63258,66.28779],[36.52345,66.3002],[36.40626,66.29475],[36.27467,66.32087],[36.02247,66.34101],[35.77027,66.36115],[35.67107,66.3874],[35.55779,66.38703],[35.38063,66.41787],[35.31422,66.45694],[35.22535,66.46906],[35.18149,66.48127],[34.88771,66.59976],[34.80356,66.61351],[34.7225,66.59455],[34.64617,66.56428],[34.56471,66.54271],[34.53061,66.53807],[34.48015,66.53758],[34.43434,66.54727],[34.39747,66.59223],[34.36769,66.61152],[34.35597,66.62979],[34.39332,66.64574],[34.42058,66.64643],[34.47511,66.6367],[34.50318,66.63825],[34.52516,66.64818],[34.52166,66.65717],[34.50538,66.66181],[34.48951,66.65876],[34.49635,66.65192],[34.47023,66.64606],[34.28403,66.67243],[34.21241,66.67243],[34.20151,66.67475],[34.18393,66.68472],[34.17482,66.68671],[34.16879,66.68448],[34.14226,66.67084],[34.12965,66.66852],[34.11744,66.66889],[34.0923,66.67243],[34.1325,66.69819],[34.15056,66.71528],[34.16114,66.73509],[34.16131,66.74307],[34.15943,66.75373],[34.1565,66.7635],[34.15366,66.76862],[34.14137,66.77383],[34.13608,66.76976],[34.13299,66.76],[34.12713,66.74811],[34.10939,66.72826],[34.09034,66.71312],[34.06902,66.70185],[34.04379,66.69355],[34.03842,66.69367],[34.02931,66.69896],[34.02369,66.70038],[34.01791,66.69839],[34.01515,66.68936],[34.00978,66.68671],[33.94728,66.68488],[33.92872,66.68846],[33.91765,66.69416],[33.89576,66.70966],[33.88624,66.71402],[33.8698,66.71503],[33.86769,66.70893],[33.86801,66.70038],[33.8589,66.69355],[33.83269,66.69554],[33.81422,66.71162],[33.78688,66.75121],[33.76385,66.76655],[33.70899,66.78563],[33.68442,66.79971],[33.66961,66.80549],[33.64177,66.80101],[33.62957,66.80614],[33.62062,66.81387],[33.59205,66.83072],[33.58741,66.81953],[33.59108,66.80972],[33.60564,66.78974],[33.56137,66.80467],[33.54119,66.81558],[33.52369,66.83072],[33.51954,66.80219],[33.55161,66.78034],[33.62615,66.74811],[33.59929,66.75511],[33.54884,66.77554],[33.52369,66.78229],[33.53395,66.77119],[33.54542,66.7613],[33.55828,66.75336],[33.57154,66.74811],[33.57154,66.74193],[33.55047,66.74356],[33.50978,66.76337],[33.48894,66.76862],[33.50229,66.7558],[33.54078,66.73941],[33.55787,66.72769],[33.5171,66.72419],[33.48325,66.73041],[33.1006,66.85814],[32.84327,66.97626],[32.82106,66.99144],[32.80486,67.01032],[32.79819,67.03046],[32.80226,67.04906],[32.81739,67.06342],[32.85385,67.07453],[32.93279,67.07978],[32.96876,67.09077],[32.92994,67.1],[32.80714,67.09077],[32.77223,67.093],[32.73854,67.09931],[32.63551,67.13288],[32.45444,67.13496],[32.43385,67.13923],[32.39405,67.15705],[32.38258,67.15965],[32.32537,67.15933],[32.2977,67.15583],[32.26775,67.14737],[32.24969,67.14472],[32.1902,67.15282],[32.07407,67.14159],[32.04086,67.14378],[31.94459,67.16576],[31.91049,67.16828],[31.8777,67.16478],[31.85092,67.15282],[31.92661,67.15282],[31.92213,67.14619],[31.91293,67.1249],[32.09278,67.12035],[32.20484,67.13447],[32.23455,67.13296],[32.26197,67.12499],[32.30397,67.0976],[32.34498,67.08417],[32.35808,67.07026],[32.34156,67.076],[32.32455,67.07803],[32.28981,67.0777],[32.31414,67.06025],[32.3484,67.05663],[32.38559,67.05768],[32.41863,67.05439],[32.50327,67.03046],[32.53004,67.01504],[32.54982,67.00007],[32.55698,66.989],[32.55152,66.97651],[32.53346,66.95698],[32.50668,66.94892],[32.42457,66.95551],[32.3921,66.95356],[32.41774,66.94636],[32.47242,66.94514],[32.49586,66.93309],[32.48162,66.92788],[32.47535,66.92695],[32.47828,66.90998],[32.46217,66.90013],[32.42018,66.89216],[32.42018,66.88593],[32.52662,66.88593],[32.54542,66.883],[32.59148,66.85798],[32.6526,66.84162],[32.67604,66.82836],[32.66651,66.80956],[32.70509,66.79637],[32.89096,66.78156],[32.90675,66.77607],[32.91578,66.76878],[32.92677,66.75165],[32.93474,66.74193],[32.9192,66.73676],[32.81202,66.73574],[32.76954,66.74193],[32.97462,66.69111],[33.18344,66.69245],[33.3086,66.65518],[33.32447,66.64574],[33.31861,66.62934],[33.28639,66.63117],[33.22486,66.64574],[33.15626,66.65323],[33.12078,66.65021],[33.10532,66.63178],[33.0936,66.61123],[33.06617,66.59772],[33.03484,66.59162],[33.01108,66.59292],[32.97486,66.60082],[32.93816,66.60301],[32.86524,66.59797],[32.90138,66.57477],[33.10532,66.57685],[33.09181,66.5843],[33.10572,66.59443],[33.12208,66.59829],[33.19264,66.59707],[33.20631,66.59886],[33.22145,66.6048],[33.219,66.60635],[33.21754,66.61103],[33.21974,66.61612],[33.22828,66.61839],[33.25961,66.61839],[33.42286,66.59223],[33.45143,66.57343],[33.4629,66.55988],[33.46892,66.55565],[33.48219,66.55012],[33.52361,66.54108],[33.53679,66.53587],[33.4992,66.52285],[33.19272,66.5788],[33.15309,66.57001],[33.1631,66.57026],[33.17221,66.56802],[33.18035,66.5633],[33.18727,66.55634],[33.16969,66.55638],[33.16586,66.55593],[33.11899,66.55012],[33.07325,66.55687],[33.02833,66.5456],[32.96876,66.54043],[32.94093,66.52847],[32.98959,66.51203],[33.04689,66.50605],[33.10426,66.50971],[33.17897,66.53046],[33.20346,66.53376],[33.22869,66.53286],[33.28777,66.52241],[33.29713,66.51878],[33.30274,66.51411],[33.30356,66.5091],[33.30388,66.50373],[33.30747,66.49799],[33.32765,66.48701],[33.35483,66.48021],[33.50864,66.46381],[33.53736,66.47069],[33.57846,66.49579],[33.60222,66.50165],[33.62306,66.49116],[33.63364,66.47407],[33.62648,66.46894],[33.60816,66.46719],[33.58522,66.46015],[33.62143,66.45132],[33.7046,66.44383],[33.73536,66.42601],[33.68474,66.41348],[33.56568,66.41987],[33.51629,66.4055],[33.5525,66.39338],[33.64324,66.37824],[33.67457,66.35712],[33.62908,66.34431],[33.47592,66.35029],[33.38844,66.34439],[33.34254,66.33511],[33.3108,66.3168],[33.48113,66.31517],[33.59881,66.33039],[33.61752,66.3277],[33.63461,66.32148],[33.63901,66.31444],[33.61988,66.30931],[33.8711,66.26667],[33.88917,66.25825],[33.88868,66.25137],[33.8825,66.24482],[33.88282,66.23762],[33.89967,66.22891],[33.91578,66.23273],[33.93181,66.24164],[33.94825,66.24848],[33.97234,66.25104],[34.08725,66.24893],[34.10279,66.24689],[34.11964,66.24103],[34.15333,66.22382],[34.16733,66.22118],[34.16179,66.21308],[34.15431,66.20498],[34.14926,66.19701],[34.15065,66.18952],[34.16139,66.18549],[34.23121,66.17744],[34.26238,66.16812],[34.27768,66.16596],[34.32993,66.16462],[34.49684,66.11616],[34.53728,66.09024],[34.53045,66.10391],[34.55299,66.0937],[34.57016,66.06806],[34.61036,66.05768],[34.63551,66.03461],[34.65406,66.02945],[34.66676,66.02363],[34.71225,65.99657],[34.72291,65.98778],[34.7173,65.97508],[34.69939,65.96629],[34.6609,65.95303],[34.6727,65.94428],[34.6867,65.9392],[34.71608,65.93256],[34.70281,65.92841],[34.695,65.91893],[34.69508,65.90949],[34.70558,65.90522],[34.72283,65.90754],[34.75815,65.9173],[34.7776,65.91958],[34.78631,65.9173],[34.80209,65.90754],[34.81202,65.90522],[34.83888,65.90681],[34.84645,65.90522],[34.85239,65.90034],[34.85776,65.89281],[34.86622,65.87792],[34.85499,65.87198],[34.82537,65.84321],[34.83855,65.82811],[34.85467,65.82514],[34.89357,65.83015],[34.89967,65.82372],[34.8982,65.80972],[34.89283,65.7956],[34.88673,65.78913],[34.86899,65.78474],[34.87062,65.77448],[34.88209,65.76301],[34.89357,65.75507],[34.9297,65.73949],[34.9686,65.72773],[34.94955,65.71845],[34.93849,65.70791],[34.9253,65.70185],[34.9004,65.706],[34.77076,65.77489],[34.70484,65.79731],[34.68873,65.80972],[34.6823,65.77879],[34.6819,65.7687],[34.68409,65.76675],[34.69191,65.73111],[34.68873,65.72773],[34.70476,65.72089],[34.74676,65.72036],[34.75701,65.71345],[34.75074,65.70112],[34.73219,65.69318],[34.695,65.68618],[34.70314,65.67756],[34.72779,65.66901],[34.73992,65.66193],[34.74391,65.65632],[34.7527,65.63886],[34.77223,65.60956],[34.77662,65.59658],[34.76612,65.58893],[34.73658,65.58316],[34.74008,65.54365],[34.70688,65.5207],[34.66285,65.50507],[34.63347,65.48749],[34.64942,65.48554],[34.66871,65.4794],[34.68247,65.46882],[34.6819,65.45336],[34.66456,65.44514],[34.63543,65.44416],[34.54802,65.45783],[34.51092,65.45551],[34.4922,65.44115],[34.51059,65.41181],[34.49057,65.40811],[34.46827,65.40949],[34.44654,65.4147],[34.42774,65.42235],[34.41651,65.42255],[34.4017,65.41771],[34.38453,65.41429],[34.36598,65.41865],[34.3711,65.41291],[34.3777,65.40738],[34.39332,65.39814],[34.36899,65.39179],[34.31788,65.39745],[34.29705,65.38508],[34.44174,65.37084],[34.4629,65.36441],[34.47804,65.34907],[34.47999,65.33096],[34.4616,65.31623],[34.47104,65.28897],[34.47975,65.28107],[34.49635,65.27521],[34.52719,65.27855],[34.5359,65.2757],[34.52418,65.26097],[34.55291,65.25454],[34.61524,65.25458],[34.64031,65.24116],[34.60621,65.22687],[34.6338,65.22748],[34.64723,65.22427],[34.67945,65.1992],[34.6819,65.20014],[34.68198,65.18252],[34.66798,65.17813],[34.64715,65.17772],[34.62672,65.17219],[34.63689,65.16413],[34.67457,65.15176],[34.6631,65.12678],[34.681,65.11445],[34.76588,65.10781],[34.77369,65.10025],[34.76629,65.08649],[34.74676,65.06574],[34.75441,65.05488],[34.78932,65.05101],[34.81609,65.0434],[34.79859,65.02143],[34.77361,65.01191],[34.74488,65.00605],[34.719,64.99763],[34.7024,64.98041],[34.7444,64.9772],[34.77833,64.96678],[34.80779,64.94864],[34.83579,64.92178],[34.84132,64.91861],[34.84832,64.91767],[34.86256,64.91836],[34.87281,64.91755],[34.87273,64.91494],[34.86988,64.91063],[34.87403,64.90119],[34.8768,64.88935],[34.88006,64.88422],[34.8921,64.8749],[34.90886,64.86567],[34.92652,64.85908],[34.94207,64.85757],[34.9319,64.84243],[34.91261,64.82624],[34.87241,64.80231],[34.84457,64.79369],[34.785,64.78413],[34.75701,64.77436],[34.79802,64.75633],[34.81202,64.75385],[34.81398,64.75878],[34.8823,64.75653],[34.93056,64.76577],[34.949,64.77058],[34.9753,64.7705],[35.00903,64.74318],[34.97035,64.72761],[34.92834,64.72248],[34.8811,64.71809],[34.85485,64.7144],[34.83555,64.70473],[34.83229,64.69794],[34.91285,64.66243],[34.9361,64.63664],[34.97341,64.62499],[34.97759,64.61192],[34.92948,64.5915],[34.88675,64.5815],[34.84656,64.55992],[34.81056,64.55899],[34.80543,64.55585],[34.75799,64.56025],[34.74334,64.55585],[34.7732,64.5563],[34.78443,64.54841],[34.80144,64.54637],[34.83269,64.53156],[34.84946,64.52798],[34.91163,64.52814],[34.92774,64.52456],[34.97097,64.50445],[35.00896,64.49391],[34.99739,64.47191],[34.95558,64.45222],[35.01399,64.42332],[35.05709,64.41573],[35.1211,64.4016],[35.1338,64.39077],[35.16147,64.38028],[35.28004,64.37661],[35.3073,64.37222],[35.32154,64.36188],[35.30567,64.34296],[35.33058,64.32868],[35.32854,64.31413],[35.34875,64.29607],[35.4105,64.28676],[35.46617,64.30589],[35.53645,64.32154],[35.58907,64.32231],[35.61816,64.34043],[35.59929,64.37031],[35.58912,64.38101],[35.57301,64.3946],[35.56568,64.40632],[35.58253,64.41128],[35.63865,64.38366],[35.72543,64.35944],[35.8108,64.34203],[35.86012,64.32233],[35.89487,64.29584],[35.88787,64.26789],[35.90073,64.2565],[35.93385,64.24763],[35.94939,64.23994],[35.95777,64.2298],[35.9673,64.2084],[35.97674,64.19896],[36.00603,64.19326],[36.02648,64.20574],[36.05979,64.21813],[36.08858,64.20731],[36.12157,64.19456],[36.16188,64.17306],[36.18678,64.15399],[36.22721,64.13621],[36.23525,64.12482],[36.22429,64.1142],[36.20997,64.10342],[36.22214,64.0753],[36.25907,64.06443],[36.28443,64.04621],[36.27125,64.03579],[36.26466,64.02424],[36.29217,64.00971],[36.365,64.00178]]}},{"type":"Feature","properties":{"featurecla":"Coastline","scalerank":0,"min_zoom":0.0},"geometry":{"type":"LineString","coordinates":[[24.21119,40.77318],[24.11012,40.72785],[24.07309,40.72142],[24.03004,40.72333],[23.98634,40.73216],[23.87403,40.77766],[23.85434,40.78115],[23.84205,40.78335],[23.80926,40.78042],[23.75408,40.76301],[23.7317,40.75186],[23.7107,40.73762],[23.69703,40.72142],[23.69174,40.69538],[23.70021,40.67365],[23.71803,40.65868],[23.74098,40.65314],[23.75563,40.64566],[23.77247,40.62763],[23.78663,40.60615],[23.79265,40.58796],[23.799,40.58662],[23.83351,40.56379],[23.84669,40.56029],[23.86248,40.55915],[23.87761,40.56025],[23.88885,40.56379],[23.89527,40.55305],[23.91489,40.53889],[23.91554,40.52961],[23.90724,40.52538],[23.83823,40.51874],[23.82301,40.50698],[23.81902,40.48774],[23.82667,40.46137],[23.86817,40.41352],[23.87794,40.40615],[23.90968,40.39423],[23.91554,40.38935],[23.95362,40.38264],[23.96388,40.37946],[23.97535,40.38337],[24.00245,40.38638],[24.01173,40.39248],[24.01157,40.40184],[24.00554,40.41462],[23.99122,40.43407],[23.99871,40.44086],[23.99122,40.4477],[24.0114,40.44916],[24.02882,40.43207],[24.05323,40.39248],[24.0652,40.38101],[24.08579,40.36603],[24.1089,40.35741],[24.12843,40.36518],[24.13893,40.36066],[24.1692,40.35285],[24.17986,40.35151],[24.18686,40.34663],[24.19801,40.32416],[24.20395,40.31737],[24.23341,40.31688],[24.26629,40.28905],[24.32065,40.22797],[24.38331,40.17914],[24.39381,40.15249],[24.36109,40.13239],[24.31861,40.1247],[24.29998,40.12808],[24.29225,40.14265],[24.28614,40.16055],[24.27174,40.17097],[24.25392,40.17829],[24.23829,40.187],[24.21192,40.21747],[24.19272,40.24897],[24.16896,40.2753],[24.12843,40.29003],[24.04786,40.30117],[24.01922,40.31049],[23.99383,40.32392],[23.95737,40.35261],[23.93653,40.36518],[23.92262,40.36933],[23.88502,40.36518],[23.84832,40.37271],[23.83351,40.37202],[23.78224,40.35269],[23.75961,40.34919],[23.73048,40.35895],[23.72755,40.35346],[23.72071,40.34479],[23.71681,40.34528],[23.69972,40.32636],[23.69361,40.30923],[23.69565,40.29291],[23.71144,40.26114],[23.71632,40.25532],[23.72364,40.24909],[23.75766,40.23168],[23.76433,40.2154],[23.77858,40.2027],[23.79282,40.19599],[23.79949,40.19758],[23.86769,40.17276],[23.88022,40.17634],[23.89674,40.17133],[23.91334,40.16136],[23.92604,40.14981],[23.94068,40.14155],[23.98024,40.13068],[23.99122,40.11872],[23.99,40.11001],[23.97739,40.10049],[23.97755,40.09081],[23.98325,40.08491],[24.00115,40.07494],[24.00489,40.06721],[24.00172,40.05878],[23.99464,40.05732],[23.98756,40.05744],[23.98422,40.05362],[23.98683,40.04218],[23.99342,40.03754],[24.00221,40.03852],[24.01173,40.04365],[24.01149,40.03343],[24.01222,40.02656],[24.01441,40.02131],[24.01922,40.0163],[23.99252,39.99885],[23.98805,39.98998],[23.99871,39.98159],[23.99871,39.97476],[23.97934,39.97431],[23.9699,39.96809],[23.97283,39.96186],[23.99122,39.96109],[23.99122,39.9536],[23.93995,39.95246],[23.91969,39.95637],[23.92286,39.96792],[23.92286,39.97476],[23.91554,39.97476],[23.90773,39.96979],[23.90065,39.97118],[23.89763,39.97793],[23.90252,39.98843],[23.86704,40.0041],[23.86085,40.0058],[23.85621,40.01675],[23.8449,40.02412],[23.83123,40.02652],[23.82407,40.02192],[23.82309,40.01728],[23.82667,40.00886],[23.78989,40.05598],[23.78517,40.06721],[23.79151,40.08381],[23.7933,40.09382],[23.78883,40.09829],[23.77833,40.10163],[23.77247,40.10956],[23.76873,40.11884],[23.7645,40.12617],[23.67547,40.21792],[23.64177,40.23542],[23.62273,40.23965],[23.54029,40.24478],[23.48414,40.2696],[23.43849,40.2792],[23.39829,40.27774],[23.365,40.2617],[23.3401,40.22797],[23.33766,40.20844],[23.34539,40.19156],[23.35548,40.17503],[23.36061,40.15664],[23.36362,40.15046],[23.37135,40.14741],[23.39161,40.14606],[23.40065,40.14399],[23.4065,40.1389],[23.41578,40.12617],[23.46925,40.06708],[23.49887,40.0423],[23.60271,39.99848],[23.67026,39.98607],[23.67286,39.97997],[23.67286,39.97126],[23.67595,39.96109],[23.68539,39.94904],[23.69728,39.9405],[23.71306,39.93545],[23.7339,39.93378],[23.74789,39.93049],[23.74024,39.92329],[23.72169,39.91596],[23.70314,39.91267],[23.61647,39.92333],[23.47096,39.97163],[23.44654,39.97476],[23.37208,39.96516],[23.36061,39.96109],[23.36598,39.97215],[23.37875,39.99112],[23.3816,40.00267],[23.37843,40.01097],[23.36394,40.0266],[23.36061,40.03278],[23.35271,40.05707],[23.33513,40.07445],[23.31658,40.08885],[23.30592,40.10448],[23.31959,40.13679],[23.32455,40.17495],[23.31861,40.21052],[23.29908,40.23542],[23.25864,40.25312],[23.23666,40.25959],[23.19955,40.26626],[23.18238,40.27432],[23.16619,40.27985],[23.14894,40.27643],[23.09693,40.3061],[23.08676,40.30707],[23.07618,40.31444],[23.05274,40.31867],[23.02914,40.32575],[23.01092,40.35122],[22.96388,40.37946],[22.94483,40.3863],[22.9275,40.3885],[22.88819,40.3863],[22.89772,40.40204],[22.88966,40.41836],[22.8602,40.4477],[22.86329,40.44855],[22.86598,40.44847],[22.86744,40.44945],[22.8672,40.45392],[22.8309,40.48579],[22.82163,40.50214],[22.84352,40.50918],[22.9074,40.51203],[22.94158,40.51716],[22.95639,40.52627],[22.9629,40.53514],[22.97511,40.54243],[22.98316,40.55268],[22.9769,40.57062],[22.95248,40.58242],[22.94614,40.5843],[22.94174,40.58735],[22.94361,40.59418],[22.94955,40.60541],[22.93377,40.63093],[22.91049,40.6446],[22.88307,40.64728],[22.85401,40.63947],[22.86109,40.62055],[22.85865,40.60529],[22.8506,40.59341],[22.84034,40.5843],[22.82447,40.57807],[22.81511,40.57294],[22.81593,40.57062],[22.79566,40.57079],[22.78712,40.57294],[22.77833,40.57807],[22.75856,40.56778],[22.74594,40.55524],[22.74252,40.54035],[22.75034,40.52277],[22.74415,40.52277],[22.73666,40.52961],[22.73666,40.51533],[22.73048,40.51533],[22.73048,40.52277],[22.72316,40.52277],[22.719,40.51097],[22.71095,40.51162],[22.70037,40.51781],[22.68898,40.52277],[22.68849,40.52749],[22.67351,40.52684],[22.65773,40.51667],[22.65626,40.50454],[22.6753,40.49616],[22.66603,40.49535],[22.65968,40.49291],[22.65602,40.48762],[22.65496,40.47809],[22.65073,40.47281],[22.64161,40.47468],[22.6268,40.48188],[22.60288,40.48127],[22.59051,40.47744],[22.57911,40.46821],[22.59344,40.4582],[22.60377,40.444],[22.60873,40.42817],[22.60646,40.41356],[22.6185,40.4051],[22.62827,40.39362],[22.63998,40.38369],[22.65838,40.37946],[22.66114,40.36905],[22.64763,40.34589],[22.62062,40.31049],[22.59034,40.24164],[22.59083,40.23017],[22.5525,40.16657],[22.54965,40.14387],[22.5573,40.12718],[22.56772,40.1105],[22.57293,40.08771],[22.56886,40.06485],[22.5713,40.05427],[22.58318,40.04987],[22.58766,40.04491],[22.60027,40.0163],[22.65252,39.98208],[22.66163,39.97822],[22.66717,39.97435],[22.69093,39.96817],[22.69646,39.96454],[22.69858,39.96088],[22.70786,39.96137],[22.71013,39.95734],[22.70899,39.93903],[22.70981,39.93504],[22.71013,39.93378],[22.72299,39.89777],[22.73048,39.8854],[22.7409,39.8747],[22.77866,39.84984],[22.80112,39.84032],[22.81528,39.82905],[22.84034,39.80341],[22.85027,39.79051],[22.85865,39.77326],[22.86476,39.75316],[22.8672,39.73176],[22.87176,39.71581],[22.90187,39.65884],[22.92514,39.59951],[22.93946,39.58063],[22.95289,39.57001],[23.00489,39.5434],[23.05592,39.52725],[23.09449,39.5041],[23.09742,39.50178],[23.10182,39.49738],[23.11411,39.46699],[23.12566,39.45441],[23.21095,39.37934],[23.22381,39.35859],[23.27133,39.32294],[23.29225,39.26899],[23.3423,39.19261],[23.34376,39.17963],[23.33326,39.17438],[23.30128,39.15135],[23.28175,39.14614],[23.24366,39.14167],[23.22462,39.13711],[23.20973,39.13182],[23.2151,39.12946],[23.21925,39.1271],[23.22348,39.12519],[23.23024,39.12442],[23.23024,39.11815],[23.22153,39.11603],[23.2142,39.11262],[23.20826,39.10871],[23.20362,39.10456],[23.19142,39.10781],[23.1692,39.10659],[23.14625,39.10175],[23.1316,39.09431],[23.11549,39.08828],[23.09213,39.08934],[23.05201,39.09772],[23.06137,39.11176],[23.07309,39.12442],[23.06772,39.13801],[23.08107,39.1472],[23.11411,39.15913],[23.11394,39.14631],[23.1006,39.10456],[23.17172,39.13496],[23.18238,39.14614],[23.17555,39.15546],[23.18133,39.15868],[23.19093,39.15811],[23.19606,39.15575],[23.19923,39.15143],[23.20631,39.15705],[23.21355,39.16812],[23.21713,39.17963],[23.21225,39.1905],[23.18637,39.22443],[23.17555,39.23428],[23.17986,39.2508],[23.16912,39.26854],[23.15138,39.28486],[23.13461,39.29694],[23.11549,39.30744],[23.09816,39.3122],[23.02052,39.31753],[23.01979,39.32099],[23.02101,39.32559],[23.01857,39.33047],[23.01368,39.33637],[23.00343,39.35244],[22.99806,39.35712],[22.99073,39.3581],[22.96388,39.35712],[22.94117,39.36176],[22.93588,39.36058],[22.94288,39.35098],[22.94288,39.34414],[22.93279,39.336],[22.92905,39.3242],[22.93214,39.3122],[22.94288,39.30317],[22.91928,39.29865],[22.87989,39.29556],[22.84254,39.28848],[22.82618,39.27216],[22.82423,39.23347],[22.82618,39.22126],[22.85401,39.15913],[22.8602,39.15913],[22.86801,39.16975],[22.88087,39.17963],[22.87696,39.19038],[22.88209,39.19099],[22.89015,39.18427],[22.89503,39.1728],[22.90187,39.17963],[22.9109,39.16332],[22.91456,39.14378],[22.92058,39.12515],[22.93605,39.1114],[22.93588,39.11612],[22.93719,39.11725],[22.93946,39.11713],[22.94288,39.11815],[22.93873,39.12495],[22.93605,39.13182],[22.96111,39.11905],[22.97332,39.10196],[22.98243,39.08442],[22.99806,39.06977],[22.99195,39.05732],[22.99342,39.05463],[22.99806,39.04926],[22.96648,39.03465],[22.95883,39.02513],[22.96388,39.00898],[23.01531,39.03319],[23.04249,39.04011],[23.07309,39.04247],[23.07309,39.03628],[23.06471,39.02875],[23.03224,39.01512],[23.02329,39.00845],[23.01905,39.00129],[23.01173,38.98102],[23.00717,38.97394],[23.00025,38.96646],[22.99667,38.96341],[22.9922,38.95962],[22.98455,38.95433],[22.97869,38.95327],[22.96412,38.95527],[22.95639,38.95433],[22.94972,38.94961],[22.94435,38.94733],[22.93605,38.94684],[22.9406,38.93647],[22.94288,38.9326],[22.92856,38.93159],[22.90846,38.92194],[22.89845,38.91962],[22.8864,38.9217],[22.8733,38.92593],[22.85987,38.92853],[22.84653,38.92642],[22.84181,38.91918],[22.83668,38.89647],[22.8296,38.89167],[22.8047,38.89102],[22.79656,38.88711],[22.792,38.878],[22.77768,38.87849],[22.75457,38.87397],[22.73268,38.87238],[22.72316,38.88174],[22.71827,38.8898],[22.70777,38.8874],[22.68898,38.878],[22.68043,38.88052],[22.66358,38.88959],[22.65838,38.89167],[22.65642,38.89435],[22.62159,38.9145],[22.61329,38.91307],[22.59498,38.90282],[22.58888,38.89802],[22.58082,38.89362],[22.56983,38.89167],[22.55991,38.8911],[22.55209,38.88923],[22.54526,38.88508],[22.53883,38.878],[22.53492,38.88068],[22.52508,38.88544],[22.52508,38.85814],[22.57293,38.86433],[22.57293,38.85814],[22.55388,38.84809],[22.56332,38.83625],[22.58277,38.83198],[22.59344,38.84447],[22.60027,38.84447],[22.59344,38.83023],[22.60816,38.83076],[22.62143,38.83389],[22.63266,38.83515],[22.64112,38.83023],[22.69028,38.85],[22.70265,38.85065],[22.72682,38.81965],[22.74806,38.79922],[22.75896,38.79409],[22.76954,38.78482],[22.77833,38.78172],[22.78639,38.78242],[22.80584,38.78791],[22.81593,38.78925],[22.82927,38.78608],[22.84555,38.77802],[22.85987,38.76704],[22.8672,38.75507],[22.88754,38.77114],[22.8982,38.7753],[22.91489,38.77558],[22.92563,38.77171],[22.94532,38.75812],[22.96022,38.75507],[23.01629,38.75446],[23.042,38.74673],[23.05942,38.72773],[23.09051,38.64912],[23.1045,38.63841],[23.12355,38.63691],[23.13331,38.63972],[23.14519,38.64899],[23.15642,38.65347],[23.16896,38.65229],[23.18247,38.65375],[23.19606,38.66633],[23.17677,38.67658],[23.16814,38.67939],[23.18678,38.68598],[23.20493,38.68268],[23.23764,38.66633],[23.25375,38.66181],[23.28696,38.65815],[23.30592,38.65266],[23.32097,38.64326],[23.33123,38.63028],[23.3357,38.6164],[23.33326,38.60423],[23.32114,38.59443],[23.30649,38.58885],[23.2933,38.57909],[23.28541,38.55646],[23.29542,38.5681],[23.30738,38.56855],[23.31959,38.562],[23.32984,38.55272],[23.34059,38.54556],[23.36744,38.54047],[23.3816,38.53535],[23.3816,38.52855],[23.37281,38.52595],[23.34986,38.52558],[23.3401,38.52237],[23.3318,38.51488],[23.32927,38.50837],[23.33497,38.50361],[23.3506,38.50186],[23.41847,38.50434],[23.51938,38.49067],[23.53191,38.49811],[23.54298,38.5117],[23.56723,38.50113],[23.60133,38.47394],[23.58082,38.46357],[23.5735,38.46088],[23.5735,38.45344],[23.58595,38.45116],[23.5962,38.44676],[23.60011,38.44062],[23.594,38.43293],[23.594,38.42609],[23.62501,38.41401],[23.67286,38.35643],[23.70997,38.33674],[23.72486,38.33613],[23.78199,38.34357],[23.80502,38.33251],[23.81617,38.33051],[23.91245,38.29824],[23.93287,38.2958],[23.95102,38.29092],[23.96697,38.27928],[23.99122,38.25422],[24.03858,38.22394],[24.0464,38.21695],[24.05063,38.21068],[24.06902,38.20474],[24.07309,38.19648],[24.07097,38.18842],[24.06804,38.18089],[24.06951,38.17353],[24.08058,38.166],[24.07,38.16279],[24.06414,38.1551],[24.06105,38.14419],[24.05942,38.13129],[24.05323,38.14525],[24.03777,38.14374],[23.98902,38.12263],[23.99,38.10212],[24.00489,38.05927],[24.00913,38.04059],[24.01857,38.02668],[24.02817,38.01618],[24.03273,38.00776],[24.03004,37.99844],[24.01661,37.97696],[24.01173,37.96686],[24.01189,37.95832],[24.0145,37.94847],[24.01588,37.93745],[24.01173,37.92524],[24.0228,37.92573],[24.03443,37.92292],[24.0433,37.91645],[24.0464,37.90599],[24.04225,37.9007],[24.01173,37.89175],[24.01889,37.88516],[24.02784,37.88032],[24.03891,37.87788],[24.05323,37.87808],[24.0464,37.87059],[24.05193,37.8697],[24.06691,37.86441],[24.0608,37.85562],[24.05934,37.84854],[24.06178,37.84252],[24.06691,37.8371],[24.06178,37.8347],[24.05763,37.83218],[24.05494,37.82852],[24.05323,37.82282],[24.077,37.8111],[24.08465,37.80174],[24.08741,37.78522],[24.08619,37.76374],[24.08188,37.75251],[24.05942,37.73347],[24.07309,37.72724],[24.07309,37.71979],[24.05942,37.71979],[24.05942,37.71357],[24.06577,37.7128],[24.06674,37.7097],[24.06577,37.70502],[24.06691,37.69929],[24.06568,37.70189],[24.06528,37.70482],[24.06398,37.70502],[24.05942,37.69929],[24.07211,37.68952],[24.06373,37.67845],[24.0464,37.66584],[24.03273,37.65152],[24.02133,37.65778],[23.98308,37.67031],[23.9673,37.67259],[23.94972,37.67744],[23.94304,37.68993],[23.94337,37.72724],[23.93653,37.72724],[23.9227,37.72118],[23.91334,37.73969],[23.90252,37.78189],[23.89869,37.77928],[23.88885,37.7744],[23.8816,37.79108],[23.86557,37.80768],[23.8475,37.8181],[23.83351,37.81599],[23.82911,37.8194],[23.82537,37.82136],[23.82211,37.82416],[23.81918,37.82966],[23.813,37.82966],[23.8073,37.80858],[23.79721,37.8085],[23.78663,37.81216],[23.77898,37.80231],[23.77735,37.80907],[23.77662,37.81428],[23.77361,37.81688],[23.7645,37.81599],[23.77084,37.82831],[23.76645,37.83893],[23.7448,37.85761],[23.7422,37.87665],[23.70053,37.9252],[23.69703,37.93952],[23.68019,37.94587],[23.66334,37.94294],[23.64601,37.93667],[23.6281,37.93268],[23.6277,37.93765],[23.6281,37.93952],[23.63771,37.94294],[23.6408,37.94579],[23.64177,37.95254],[23.62664,37.9475],[23.61801,37.95327],[23.61036,37.96214],[23.59767,37.96686],[23.58334,37.96711],[23.57106,37.9687],[23.5608,37.97281],[23.55299,37.98045],[23.58888,38.00633],[23.59791,38.02114],[23.59059,38.0388],[23.58131,38.04629],[23.57455,38.04678],[23.56821,38.04426],[23.55983,38.04255],[23.52182,38.04255],[23.51149,38.04043],[23.50489,38.03571],[23.49985,38.03099],[23.49464,38.02888],[23.47088,38.02778],[23.46046,38.02546],[23.44996,38.02143],[23.41188,37.99437],[23.39527,37.98794],[23.42945,37.98045],[23.40895,37.97431],[23.32984,37.98045],[23.22682,37.97362],[23.18922,37.95881],[23.15943,37.94054],[23.14234,37.93008],[23.09409,37.91104],[23.05201,37.92524],[23.04274,37.92194],[23.03484,37.92231],[23.02613,37.92414],[23.01515,37.92524],[23.01149,37.91999],[23.01173,37.90851],[23.01026,37.89696],[23.00148,37.89175],[22.99513,37.88215],[22.99952,37.8627],[23.01254,37.84756],[23.03224,37.85078],[23.04965,37.84357],[23.0735,37.84113],[23.09718,37.84357],[23.11411,37.85078],[23.14625,37.82583],[23.16383,37.81525],[23.18238,37.80915],[23.17799,37.7993],[23.17644,37.78998],[23.17799,37.78156],[23.18238,37.7744],[23.16871,37.77237],[23.1504,37.76337],[23.12818,37.76048],[23.12501,37.75727],[23.12403,37.75096],[23.12094,37.74091],[23.14584,37.72582],[23.15935,37.72077],[23.17555,37.71979],[23.16627,37.69701],[23.16383,37.68159],[23.16725,37.66645],[23.17555,37.64468],[23.16188,37.64468],[23.16456,37.62303],[23.16863,37.61416],[23.19011,37.60733],[23.23024,37.58259],[23.23764,37.59003],[23.27467,37.56122],[23.27906,37.55996],[23.28419,37.55923],[23.29225,37.55589],[23.31235,37.54255],[23.32301,37.53742],[23.33668,37.53547],[23.36036,37.54767],[23.35914,37.57429],[23.34059,37.60029],[23.31219,37.61054],[23.31219,37.61738],[23.32911,37.62824],[23.34783,37.63443],[23.39869,37.63788],[23.40903,37.62592],[23.40431,37.59927],[23.3908,37.57136],[23.37428,37.55589],[23.38429,37.54743],[23.39503,37.54141],[23.4074,37.5375],[23.42205,37.53547],[23.42205,37.52802],[23.40268,37.52253],[23.39527,37.5218],[23.39527,37.51496],[23.40211,37.51496],[23.41066,37.51191],[23.43629,37.50812],[23.45883,37.49616],[23.47918,37.49067],[23.52565,37.4597],[23.52052,37.45506],[23.51889,37.45303],[23.52068,37.45087],[23.52565,37.44603],[23.52565,37.4392],[23.50538,37.43049],[23.44654,37.41462],[23.44182,37.41441],[23.32325,37.40974],[23.30592,37.41193],[23.30738,37.40839],[23.30812,37.40526],[23.30942,37.40204],[23.31219,37.39826],[23.27605,37.40225],[23.26271,37.40103],[23.26441,37.39081],[23.23024,37.38459],[23.22999,37.37495],[23.23707,37.37031],[23.24741,37.36945],[23.25758,37.37092],[23.25131,37.36351],[23.25131,37.35733],[23.25896,37.35639],[23.27801,37.34984],[23.26238,37.34398],[23.24399,37.34243],[23.20672,37.3437],[23.18605,37.34064],[23.18539,37.33218],[23.19451,37.31924],[23.20362,37.30268],[23.18287,37.29926],[23.16863,37.29951],[23.15626,37.30313],[23.14145,37.30952],[23.14145,37.31635],[23.16188,37.31635],[23.16188,37.32315],[23.15016,37.32575],[23.13624,37.32372],[23.12338,37.32477],[23.11411,37.33617],[23.13461,37.32933],[23.12973,37.33877],[23.12241,37.34569],[23.1006,37.35733],[23.09278,37.35078],[23.08277,37.35053],[23.07309,37.35521],[23.07309,37.35733],[23.07008,37.3889],[23.0726,37.40111],[23.08375,37.39452],[23.09498,37.38955],[23.10524,37.39692],[23.11256,37.41087],[23.11411,37.4256],[23.136,37.41547],[23.14145,37.41193],[23.14145,37.41816],[23.13657,37.42731],[23.1351,37.4335],[23.13461,37.44261],[23.13201,37.44864],[23.1255,37.45112],[23.11793,37.45283],[23.11134,37.45661],[23.09718,37.46223],[23.06202,37.45498],[23.04591,37.4597],[23.05942,37.46654],[23.04591,37.48701],[23.02101,37.47529],[23.01124,37.46906],[23.00489,37.4597],[22.9909,37.49575],[22.98072,37.50878],[22.96388,37.5218],[22.95924,37.52277],[22.9476,37.52131],[22.94288,37.5218],[22.93914,37.52497],[22.93735,37.52945],[22.9367,37.53351],[22.93605,37.53547],[22.92156,37.54035],[22.91285,37.54182],[22.90187,37.54165],[22.91432,37.5388],[22.91847,37.53559],[22.92237,37.52802],[22.90235,37.53486],[22.88502,37.53315],[22.8694,37.52562],[22.85401,37.51496],[22.84718,37.52098],[22.81935,37.53547],[22.82154,37.53913],[22.82618,37.54906],[22.81349,37.55341],[22.80201,37.56086],[22.79591,37.56916],[22.79884,37.5764],[22.78834,37.58877],[22.77833,37.59687],[22.75652,37.58967],[22.73845,37.58088],[22.72641,37.56635],[22.72316,37.54165],[22.72535,37.53657],[22.73463,37.52456],[22.73666,37.51838],[22.73552,37.51191],[22.73072,37.50023],[22.73048,37.49445],[22.73471,37.48334],[22.73992,37.47748],[22.74537,37.47313],[22.75034,37.46654],[22.75148,37.46162],[22.75034,37.44261],[22.7527,37.43968],[22.76482,37.43179],[22.76417,37.42154],[22.75733,37.40827],[22.75799,37.39826],[22.81039,37.34837],[22.81935,37.3437],[22.81251,37.32933],[22.82618,37.32933],[22.82618,37.32315],[22.81935,37.32315],[22.81935,37.31635],[22.82984,37.30829],[22.85377,37.27387],[22.86085,37.25568],[22.89503,37.20649],[22.89845,37.20368],[22.90659,37.19392],[22.91163,37.18342],[22.90528,37.17853],[22.9004,37.17292],[22.89723,37.15986],[22.89503,37.13386],[22.90317,37.12128],[22.92205,37.11799],[22.94272,37.1201],[22.95639,37.12397],[22.95704,37.11933],[22.95883,37.11652],[22.96119,37.114],[22.96388,37.1103],[22.9568,37.10676],[22.95802,37.10578],[22.96388,37.10342],[22.95639,37.09593],[22.97348,37.09097],[22.9817,37.08271],[22.97918,37.07783],[22.96388,37.08295],[22.97291,37.06513],[22.99985,37.03327],[22.99806,37.02147],[23.00611,37.00458],[23.01173,36.98676],[23.00652,36.98721],[22.99586,36.98648],[22.99073,36.98676],[22.99317,36.98184],[23.00082,36.97118],[23.00489,36.96686],[23.00685,36.97016],[23.00758,36.97085],[23.00847,36.9711],[23.01173,36.97309],[23.01498,36.96385],[23.01637,36.95527],[23.01531,36.94709],[23.01173,36.93891],[23.02174,36.92573],[23.04168,36.88544],[23.049,36.8769],[23.04591,36.86909],[23.05926,36.85151],[23.08676,36.82909],[23.09327,36.81826],[23.09555,36.80703],[23.09181,36.79833],[23.08058,36.79499],[23.08058,36.78876],[23.09108,36.78828],[23.09881,36.78693],[23.11411,36.78132],[23.10987,36.77367],[23.0984,36.76667],[23.09441,36.76081],[23.09295,36.75519],[23.09303,36.75202],[23.09376,36.74893],[23.09441,36.74372],[23.08863,36.7329],[23.07586,36.73383],[23.0617,36.74055],[23.05201,36.74714],[23.04347,36.73603],[23.03094,36.72557],[23.02565,36.71564],[23.03907,36.7062],[23.03696,36.70287],[23.03419,36.69587],[23.03224,36.69257],[23.05942,36.69257],[23.03443,36.67487],[23.03566,36.64907],[23.05047,36.62246],[23.07016,36.59699],[23.08058,36.57929],[23.08481,36.57616],[23.10467,36.56932],[23.11598,36.56224],[23.13461,36.55537],[23.13885,36.55052],[23.14129,36.5456],[23.14536,36.54194],[23.15504,36.54108],[23.14576,36.53563],[23.14145,36.53425],[23.14145,36.52802],[23.14747,36.52237],[23.1482,36.51716],[23.14389,36.51227],[23.13461,36.50755],[23.15187,36.48729],[23.18181,36.47232],[23.20362,36.45612],[23.19606,36.43252],[23.16188,36.44619],[23.15187,36.43561],[23.13933,36.43407],[23.09474,36.44318],[23.0857,36.4536],[23.07838,36.46528],[23.06625,36.47346],[23.06625,36.47964],[23.07211,36.49311],[23.06511,36.5091],[23.05104,36.52245],[23.03566,36.52802],[22.99269,36.52033],[22.97242,36.52021],[22.96388,36.53115],[22.95924,36.54743],[22.93678,36.58617],[22.92921,36.59634],[22.91782,36.60517],[22.87469,36.63052],[22.88893,36.64248],[22.88429,36.65424],[22.84254,36.685],[22.83717,36.68651],[22.83318,36.6789],[22.81935,36.66523],[22.81495,36.67056],[22.81373,36.67939],[22.81935,36.70279],[22.81715,36.71796],[22.80787,36.73957],[22.80079,36.77578],[22.78688,36.79344],[22.76515,36.80419],[22.73666,36.80858],[22.68556,36.80948],[22.62257,36.80345],[22.5774,36.78303],[22.57911,36.74038],[22.54615,36.72142],[22.53346,36.70722],[22.52508,36.68513],[22.54029,36.68521],[22.54982,36.67829],[22.55372,36.66621],[22.5525,36.65095],[22.54566,36.65095],[22.54379,36.65803],[22.54005,36.66527],[22.53386,36.67056],[22.52508,36.67145],[22.51677,36.66616],[22.5114,36.65689],[22.51002,36.64802],[22.5145,36.64411],[22.53102,36.6328],[22.52605,36.61237],[22.51271,36.60277],[22.50465,36.62425],[22.49,36.61701],[22.48406,36.60663],[22.48357,36.54792],[22.48658,36.52509],[22.49269,36.50629],[22.51149,36.46662],[22.50733,36.46109],[22.51149,36.45234],[22.4983,36.44526],[22.49391,36.43476],[22.49676,36.42276],[22.50465,36.41136],[22.50465,36.40453],[22.49545,36.40534],[22.49301,36.40249],[22.49285,36.39728],[22.49098,36.39094],[22.47975,36.40204],[22.47633,36.41926],[22.47511,36.43757],[22.4699,36.45234],[22.45533,36.46223],[22.42042,36.47354],[22.40838,36.48713],[22.40162,36.48713],[22.39137,36.4785],[22.38136,36.48045],[22.37192,36.48823],[22.36402,36.49702],[22.3545,36.51191],[22.35532,36.52294],[22.3615,36.53376],[22.36744,36.54792],[22.38356,36.54418],[22.38819,36.55606],[22.38404,36.5725],[22.37371,36.58271],[22.37867,36.58759],[22.38795,36.60253],[22.36744,36.60253],[22.36931,36.61538],[22.36793,36.63085],[22.37135,36.64273],[22.38795,36.64411],[22.38795,36.65095],[22.36842,36.65648],[22.37062,36.67357],[22.38795,36.7062],[22.35857,36.70209],[22.33937,36.72647],[22.32374,36.75788],[22.30543,36.77509],[22.30698,36.79458],[22.29168,36.82014],[22.22153,36.89753],[22.20021,36.9064],[22.17506,36.89118],[22.14869,36.90717],[22.13787,36.91714],[22.13347,36.93211],[22.13575,36.93163],[22.14064,36.93716],[22.14536,36.94611],[22.14772,36.95604],[22.14877,36.96743],[22.15358,36.98688],[22.15512,37.01411],[22.15317,37.02119],[22.08562,37.03339],[22.04811,37.03514],[22.03004,37.03095],[21.9922,37.01211],[21.9546,37.00365],[21.94313,36.99331],[21.93735,36.97997],[21.92726,36.88447],[21.92221,36.8723],[21.92172,36.86323],[21.92595,36.85171],[21.93214,36.843],[21.93491,36.83421],[21.92856,36.82225],[21.94565,36.80903],[21.95623,36.80345],[21.97023,36.80174],[21.97023,36.79499],[21.9568,36.79413],[21.94508,36.78994],[21.93881,36.78319],[21.94223,36.77509],[21.93588,36.76602],[21.8943,36.73505],[21.88868,36.72993],[21.88258,36.72655],[21.87403,36.72671],[21.85678,36.75507],[21.85353,36.75739],[21.82276,36.80858],[21.80486,36.8076],[21.78972,36.80475],[21.76417,36.79499],[21.75229,36.805],[21.72877,36.81265],[21.7225,36.82225],[21.71632,36.82225],[21.70737,36.81802],[21.70191,36.82563],[21.69663,36.83845],[21.68849,36.84955],[21.69239,36.85904],[21.69166,36.86725],[21.68922,36.87702],[21.68849,36.89118],[21.69158,36.9003],[21.70476,36.91714],[21.70948,36.92593],[21.70997,36.94269],[21.70265,36.95726],[21.68816,36.96454],[21.66798,36.95942],[21.67742,36.96328],[21.68043,36.96646],[21.68165,36.97309],[21.6727,36.97358],[21.66774,36.97093],[21.66179,36.95942],[21.6548,36.9947],[21.62924,37.0209],[21.59929,37.04572],[21.57862,37.07673],[21.56967,37.1162],[21.56756,37.15632],[21.57439,37.19237],[21.59213,37.22016],[21.65496,37.26073],[21.6823,37.28392],[21.69581,37.31635],[21.69142,37.35663],[21.68198,37.37897],[21.67482,37.39598],[21.60711,37.4995],[21.56902,37.54536],[21.54998,37.56147],[21.46363,37.61026],[21.44304,37.6186],[21.43181,37.62763],[21.41236,37.64802],[21.40219,37.65542],[21.34327,37.66934],[21.32374,37.66494],[21.31853,37.63788],[21.31227,37.63788],[21.31023,37.64741],[21.31039,37.65742],[21.30828,37.66625],[21.29868,37.67259],[21.31105,37.6931],[21.31471,37.70954],[21.31186,37.7263],[21.29526,37.77167],[21.28492,37.7851],[21.27101,37.7934],[21.22731,37.81192],[21.12208,37.83739],[21.11305,37.84333],[21.1076,37.85545],[21.11158,37.87043],[21.10621,37.87808],[21.13356,37.94636],[21.14039,37.94636],[21.1644,37.92963],[21.20777,37.94603],[21.25164,37.97622],[21.27752,38.00096],[21.29151,37.99722],[21.30348,38.00332],[21.31463,38.01337],[21.32594,38.02143],[21.32594,38.02888],[21.32228,38.03091],[21.32114,38.03168],[21.32065,38.03266],[21.31853,38.0351],[21.30885,38.03172],[21.29908,38.02652],[21.29054,38.02066],[21.28435,38.01529],[21.32936,38.06989],[21.33131,38.0764],[21.36704,38.12108],[21.37143,38.1315],[21.37371,38.14448],[21.37574,38.20429],[21.37428,38.22065],[21.38494,38.21113],[21.39829,38.19294],[21.40854,38.18594],[21.40773,38.19794],[21.40528,38.20746],[21.40089,38.21479],[21.4061,38.2084],[21.42066,38.20234],[21.43824,38.20038],[21.45973,38.20018],[21.47397,38.19603],[21.52394,38.166],[21.60304,38.1518],[21.62233,38.15477],[21.64234,38.1621],[21.67482,38.17967],[21.70135,38.20527],[21.74155,38.26972],[21.76417,38.2958],[21.84051,38.33364],[21.84946,38.34129],[21.91554,38.33051],[21.93702,38.33063],[21.94654,38.33234],[21.9559,38.33674],[21.96551,38.3299],[21.97804,38.32355],[21.99252,38.31875],[22.00782,38.31688],[22.02036,38.31322],[22.02662,38.30435],[22.03077,38.29295],[22.03785,38.28213],[22.04884,38.27481],[22.07862,38.26341],[22.08937,38.26166],[22.09734,38.26276],[22.10865,38.2674],[22.11362,38.26781],[22.12208,38.26081],[22.12892,38.25629],[22.13722,38.25422],[22.14332,38.24909],[22.15406,38.22346],[22.16139,38.2132],[22.16969,38.2097],[22.20607,38.20018],[22.20916,38.19794],[22.2129,38.19306],[22.21852,38.18818],[22.22657,38.18594],[22.25758,38.18594],[22.30079,38.17748],[22.31284,38.17227],[22.33123,38.1789],[22.34685,38.1708],[22.36345,38.15827],[22.39422,38.14842],[22.40431,38.14191],[22.41481,38.13788],[22.42555,38.14183],[22.43279,38.14326],[22.51149,38.1293],[22.62062,38.08348],[22.68043,38.0666],[22.68898,38.05927],[22.6985,38.05671],[22.77833,38.00096],[22.7964,37.97679],[22.80226,37.97362],[22.8213,37.96918],[22.85239,37.9475],[22.8672,37.93952],[22.88266,37.93757],[22.8982,37.93976],[22.92237,37.94636],[22.93002,37.9466],[22.93832,37.94595],[22.9463,37.94623],[22.95297,37.94941],[22.97316,37.97362],[22.97535,37.97899],[22.96551,37.99071],[22.95094,38.00243],[22.93946,38.00776],[22.92384,38.01179],[22.89918,38.02778],[22.88087,38.02888],[22.88413,38.03221],[22.88746,38.03364],[22.85401,38.0351],[22.8755,38.0493],[22.88543,38.05427],[22.89845,38.05622],[22.91163,38.06013],[22.93377,38.07827],[22.94288,38.08348],[22.96974,38.08198],[23.01905,38.06525],[23.03907,38.06989],[23.06861,38.05891],[23.10092,38.0624],[23.17286,38.07949],[23.18971,38.09439],[23.20672,38.09781],[23.21664,38.10334],[23.2103,38.11538],[23.19418,38.12694],[23.17555,38.13129],[23.1753,38.1363],[23.17555,38.14496],[23.18824,38.14606],[23.2107,38.15058],[23.2234,38.1518],[23.2234,38.15925],[23.21339,38.16026],[23.14405,38.16743],[23.12843,38.17227],[23.14894,38.18594],[23.12273,38.20808],[23.10963,38.21011],[23.07748,38.18578],[23.06666,38.18317],[23.03224,38.18594],[23.03224,38.19278],[23.05201,38.19278],[23.03883,38.20832],[23.02508,38.21662],[23.01043,38.22004],[22.95191,38.22529],[22.93377,38.22207],[22.92237,38.20702],[22.93588,38.2106],[22.95053,38.20978],[22.96306,38.20405],[22.96949,38.19278],[22.95232,38.1931],[22.92254,38.19746],[22.9087,38.19278],[22.89503,38.24116],[22.88819,38.24116],[22.88087,38.22696],[22.87957,38.23168],[22.87648,38.23631],[22.87469,38.24116],[22.85646,38.2364],[22.82,38.23298],[22.80567,38.22696],[22.76482,38.24799],[22.7732,38.25829],[22.79127,38.27045],[22.79884,38.28213],[22.78028,38.28856],[22.74236,38.29706],[22.71941,38.31029],[22.70289,38.31403],[22.69646,38.31688],[22.69142,38.32217],[22.6753,38.34357],[22.68442,38.36107],[22.67018,38.38154],[22.64649,38.38996],[22.6268,38.37153],[22.64487,38.36961],[22.64617,38.3618],[22.63673,38.35627],[22.62379,38.36099],[22.61232,38.36384],[22.60092,38.35566],[22.59181,38.34418],[22.58717,38.33674],[22.58717,38.33051],[22.5923,38.32819],[22.59523,38.32624],[22.59913,38.32461],[22.60646,38.32307],[22.60646,38.31688],[22.59913,38.31281],[22.59816,38.31074],[22.59978,38.30817],[22.60027,38.30264],[22.58863,38.29304],[22.57643,38.29019],[22.56251,38.29352],[22.54566,38.30264],[22.54526,38.30557],[22.53395,38.32266],[22.53199,38.32307],[22.52898,38.3288],[22.52622,38.33173],[22.52833,38.33393],[22.53883,38.33674],[22.52516,38.35883],[22.47731,38.40567],[22.46844,38.42113],[22.46306,38.42609],[22.45883,38.42792],[22.44825,38.43049],[22.40162,38.45344],[22.40284,38.44306],[22.4074,38.42512],[22.40838,38.41559],[22.38111,38.39883],[22.37371,38.39204],[22.38103,38.38398],[22.386,38.38019],[22.38998,38.38052],[22.39479,38.38516],[22.39861,38.37592],[22.39625,38.36835],[22.38982,38.36225],[22.38111,38.35786],[22.38795,38.35102],[22.38233,38.34268],[22.36752,38.34186],[22.3484,38.34736],[22.32252,38.35102],[22.28492,38.34732],[22.27931,38.35309],[22.26645,38.35855],[22.25261,38.36099],[22.24334,38.35786],[22.23707,38.35786],[22.22486,38.36005],[22.20932,38.35293],[22.19597,38.33954],[22.18922,38.32307],[22.18092,38.32998],[22.1753,38.34333],[22.16879,38.35102],[22.15952,38.35395],[22.15073,38.35277],[22.14576,38.35399],[22.14772,38.36408],[22.13258,38.37275],[22.10076,38.38032],[22.04908,38.3985],[22.02955,38.39924],[22.01124,38.39204],[21.98764,38.41059],[21.95786,38.41169],[21.92897,38.4029],[21.88852,38.37979],[21.87924,38.378],[21.86411,38.37767],[21.85613,38.38093],[21.85125,38.38801],[21.8462,38.39533],[21.84051,38.39887],[21.83123,38.39667],[21.78224,38.36367],[21.77459,38.35261],[21.77166,38.33364],[21.76254,38.32836],[21.74301,38.33784],[21.71632,38.35786],[21.65797,38.35786],[21.64161,38.35444],[21.62713,38.34813],[21.61354,38.34496],[21.59962,38.35102],[21.53541,38.31395],[21.52394,38.2958],[21.51775,38.2958],[21.50847,38.30223],[21.4944,38.30463],[21.48162,38.30512],[21.47608,38.30606],[21.46925,38.31293],[21.4284,38.33051],[21.44532,38.33405],[21.46119,38.32697],[21.47608,38.31635],[21.48976,38.30948],[21.48976,38.31688],[21.48512,38.32123],[21.48268,38.32461],[21.48373,38.32905],[21.48976,38.33674],[21.48024,38.34223],[21.47608,38.34357],[21.47608,38.35102],[21.47999,38.35248],[21.48976,38.35786],[21.46998,38.35786],[21.47608,38.37153],[21.46697,38.36787],[21.45851,38.36636],[21.45045,38.36742],[21.44264,38.37153],[21.43686,38.36766],[21.43263,38.3662],[21.42213,38.36408],[21.42848,38.38373],[21.41627,38.39411],[21.39584,38.39814],[21.37745,38.39887],[21.36988,38.40819],[21.36012,38.46772],[21.33904,38.48753],[21.32748,38.49457],[21.32252,38.49628],[21.31821,38.49531],[21.3086,38.49437],[21.31202,38.48656],[21.35328,38.43293],[21.33904,38.43293],[21.34116,38.42927],[21.34213,38.42853],[21.34344,38.42837],[21.34645,38.42609],[21.34278,38.41576],[21.34034,38.40461],[21.3366,38.3957],[21.32936,38.39204],[21.3191,38.3902],[21.29786,38.38142],[21.29119,38.37767],[21.29363,38.37368],[21.29469,38.37344],[21.29868,38.37153],[21.29119,38.36408],[21.27768,38.37092],[21.26954,38.36787],[21.26637,38.3614],[21.26759,38.35786],[21.27223,38.35444],[21.2649,38.34691],[21.25025,38.33674],[21.23927,38.33112],[21.23243,38.32941],[21.21266,38.33051],[21.2046,38.33417],[21.19711,38.34016],[21.18963,38.34138],[21.18133,38.33051],[21.18637,38.32661],[21.19256,38.32412],[21.19996,38.32307],[21.19508,38.32197],[21.18287,38.31916],[21.17506,38.3133],[21.17449,38.30264],[21.15561,38.3039],[21.14861,38.31403],[21.14584,38.32705],[21.14039,38.33674],[21.12843,38.34016],[21.09791,38.34073],[21.08522,38.34357],[21.09693,38.34789],[21.10572,38.35297],[21.10939,38.36042],[21.10621,38.37153],[21.09645,38.36693],[21.09254,38.36408],[21.10133,38.37971],[21.10621,38.38516],[21.10328,38.37816],[21.11354,38.37393],[21.12501,38.37995],[21.13364,38.38866],[21.14039,38.39887],[21.12241,38.41035],[21.11476,38.40961],[21.10621,38.39887],[21.09474,38.40298],[21.08676,38.41047],[21.0818,38.42072],[21.07895,38.43293],[21.08204,38.43496],[21.08302,38.43504],[21.08367,38.43598],[21.08522,38.44038],[21.09523,38.43024],[21.10678,38.42544],[21.11622,38.42805],[21.11988,38.44038],[21.10621,38.43293],[21.11085,38.44611],[21.10141,38.46475],[21.10621,38.47394],[21.10621,38.48139],[21.09669,38.48143],[21.09018,38.48314],[21.07895,38.48753],[21.08815,38.49201],[21.09262,38.4936],[21.09938,38.49437],[21.09539,38.49649],[21.08969,38.50043],[21.08522,38.50186],[21.09474,38.51789],[21.09742,38.52595],[21.09596,38.53193],[21.08668,38.53644],[21.07887,38.53242],[21.07106,38.52582],[21.06178,38.52237],[21.05812,38.5185],[21.04721,38.51138],[21.03582,38.5069],[21.03053,38.51142],[21.02833,38.52058],[21.01905,38.53498],[21.01686,38.54588],[21.02459,38.58674],[21.02467,38.60847],[21.00367,38.62645],[20.98813,38.66401],[20.97901,38.67255],[20.94011,38.67292],[20.92661,38.67674],[20.9144,38.68622],[20.9074,38.69855],[20.88315,38.77936],[20.87338,38.79531],[20.85987,38.80353],[20.84523,38.79963],[20.83058,38.78779],[20.81853,38.7735],[20.81137,38.76252],[20.80405,38.77338],[20.79811,38.77155],[20.79184,38.76655],[20.78403,38.76813],[20.77329,38.76093],[20.7693,38.76504],[20.76743,38.77412],[20.76368,38.78172],[20.72934,38.80353],[20.72934,38.80976],[20.73699,38.82258],[20.74147,38.84089],[20.74936,38.85725],[20.76734,38.86433],[20.78883,38.86371],[20.8003,38.86457],[20.80519,38.86774],[20.80193,38.87409],[20.7942,38.87979],[20.78598,38.88386],[20.7645,38.89179],[20.75603,38.90689],[20.75408,38.92495],[20.7575,38.94009],[20.76979,38.95897],[20.77516,38.95161],[20.78159,38.935],[20.7977,38.92642],[20.81707,38.92137],[20.83595,38.9289],[20.84978,38.94367],[20.85987,38.96052],[20.86671,38.96052],[20.86997,38.95258],[20.8711,38.94725],[20.87013,38.94343],[20.86671,38.94009],[20.8685,38.93838],[20.87159,38.93635],[20.87224,38.93281],[20.86671,38.92642],[20.88697,38.92617],[20.90382,38.92805],[20.91578,38.9361],[20.92066,38.95433],[20.9275,38.95433],[20.93719,38.94404],[20.94728,38.94359],[20.95948,38.94672],[20.97535,38.94684],[20.98878,38.94282],[20.9983,38.93806],[21.00945,38.93423],[21.02735,38.9326],[21.02996,38.92621],[21.0267,38.91218],[21.02556,38.89802],[21.03395,38.89167],[21.04754,38.88898],[21.0608,38.88223],[21.08522,38.86433],[21.08644,38.87336],[21.08888,38.87849],[21.09311,38.88174],[21.09938,38.88544],[21.09938,38.89167],[21.09164,38.90453],[21.10231,38.91083],[21.12086,38.91022],[21.13697,38.90253],[21.16041,38.88068],[21.16082,38.878],[21.167,38.87519],[21.17262,38.87352],[21.17742,38.87604],[21.18133,38.88544],[21.17311,38.89118],[21.16969,38.89582],[21.16684,38.91087],[21.16334,38.91181],[21.15886,38.91083],[21.15455,38.9134],[21.14186,38.93081],[21.14015,38.94131],[21.14723,38.95433],[21.14194,38.96239],[21.14503,38.97138],[21.1526,38.97671],[21.16082,38.97419],[21.15992,38.99775],[21.13559,39.02338],[21.08522,39.06293],[21.07814,39.05655],[21.07439,39.05003],[21.07447,39.04336],[21.07895,39.03628],[21.06528,39.04051],[21.06031,39.03905],[21.05519,39.0375],[21.03736,39.02196],[21.05836,39.00898],[21.00318,39.01512],[21.00318,39.02196],[20.9909,39.02424],[20.97918,39.03071],[20.96998,39.03718],[20.96567,39.03937],[20.95379,39.03417],[20.94418,39.03856],[20.93751,39.04767],[20.93483,39.05671],[20.93678,39.05671],[20.93979,39.06102],[20.9485,39.06293],[20.9485,39.06977],[20.94109,39.06977],[20.93141,39.06476],[20.92018,39.06452],[20.90943,39.06867],[20.90138,39.07722],[20.89389,39.07722],[20.88819,39.06721],[20.87037,39.05931],[20.86671,39.05305],[20.87094,39.04312],[20.88201,39.04121],[20.88649,39.03644],[20.8449,39.03693],[20.85987,39.04247],[20.85816,39.04926],[20.85776,39.05891],[20.85499,39.0655],[20.8462,39.06293],[20.84645,39.0668],[20.84547,39.06916],[20.8449,39.07087],[20.84653,39.07209],[20.8462,39.07722],[20.83766,39.07831],[20.83237,39.07689],[20.82911,39.07372],[20.82569,39.06977],[20.83806,39.09174],[20.83416,39.10847],[20.82244,39.11449],[20.81137,39.10456],[20.80519,39.1114],[20.80128,39.10419],[20.79542,39.09862],[20.78736,39.09439],[20.77719,39.09089],[20.77719,39.08344],[20.79184,39.0808],[20.78793,39.07246],[20.78761,39.06102],[20.78403,39.04926],[20.7767,39.04194],[20.76873,39.03775],[20.76157,39.03242],[20.7575,39.02196],[20.74317,39.02949],[20.74391,39.01927],[20.74537,39.01472],[20.74936,39.01398],[20.7575,39.01512],[20.80388,38.9853],[20.8235,38.97785],[20.8296,38.97077],[20.8318,38.96369],[20.82879,38.96052],[20.82008,38.96223],[20.80209,38.97065],[20.77272,38.97826],[20.76637,38.97761],[20.7575,38.97419],[20.75701,38.96979],[20.74692,38.95795],[20.73512,38.9501],[20.72934,38.95746],[20.72633,38.96678],[20.71909,38.97358],[20.71217,38.97907],[20.70899,38.98444],[20.70786,38.99038],[20.70558,38.99364],[20.7033,38.99579],[20.70216,38.99836],[20.70436,39.00495],[20.70924,39.00898],[20.71388,39.01191],[20.71583,39.01512],[20.70574,39.04857],[20.68653,39.07246],[20.66,39.08999],[20.6277,39.10456],[20.59588,39.12385],[20.51783,39.20075],[20.48829,39.21662],[20.47885,39.22517],[20.48243,39.23428],[20.47739,39.24339],[20.47511,39.25507],[20.47641,39.26659],[20.48243,39.27521],[20.48243,39.28266],[20.47039,39.27847],[20.46022,39.27729],[20.45281,39.28046],[20.44825,39.2895],[20.43344,39.28286],[20.4192,39.28335],[20.40577,39.2888],[20.39357,39.29694],[20.36557,39.28767],[20.32488,39.30378],[20.29282,39.33344],[20.2907,39.36465],[20.27719,39.3747],[20.2697,39.38736],[20.25896,39.39728],[20.23601,39.39936],[20.23601,39.4062],[20.24285,39.4062],[20.24285,39.41242],[20.23471,39.42036],[20.22364,39.43586],[20.21559,39.44033],[20.23276,39.44465],[20.25359,39.44416],[20.26734,39.44693],[20.26393,39.46076],[20.25424,39.46882],[20.21559,39.48871],[20.21559,39.49494],[20.23292,39.49421],[20.24537,39.49164],[20.25506,39.49238],[20.26393,39.50178],[20.26393,39.50861],[20.25359,39.51423],[20.23601,39.52082],[20.22202,39.52131],[20.22242,39.50861],[20.21363,39.51496],[20.20216,39.52041],[20.19068,39.52167],[20.20191,39.52973],[20.18312,39.53327],[20.16578,39.53474],[20.14959,39.53364],[20.13356,39.52973],[20.14129,39.53783],[20.14552,39.54706],[20.14715,39.55781],[20.14666,39.57071],[20.15406,39.56391],[20.1609,39.56436],[20.16765,39.56953],[20.17457,39.57685],[20.17498,39.58027],[20.17416,39.59321],[20.17457,39.59797],[20.17652,39.59862],[20.18605,39.60383],[20.18824,39.60419],[20.18181,39.62446],[20.16521,39.63361],[20.1482,39.63752],[20.14039,39.6424],[20.13705,39.64655],[20.12135,39.65681],[20.11622,39.65884],[20.10483,39.66108],[20.09653,39.66596],[20.08888,39.67308],[20.04461,39.68089],[20.02166,39.68769],[20.01002,39.69355],[20.00441,39.69278],[19.99985,39.69351],[19.99684,39.69257],[19.99586,39.68671],[19.98902,39.68671],[19.98357,39.70136],[19.98699,39.71796],[20.0027,39.74824],[19.98561,39.75373],[19.98064,39.75731],[19.99586,39.78295],[20.01417,39.83295],[20.01629,39.84504],[20.00978,39.86567],[19.99928,39.87141],[19.98373,39.87238],[19.96168,39.87857],[19.96022,39.88105],[19.95997,39.88508],[19.95883,39.88935],[19.95484,39.89281],[19.94117,39.89899],[19.93116,39.90192],[19.91407,39.90241],[19.90642,39.90644],[19.90642,39.91267],[19.92123,39.92695],[19.931,39.93452],[19.94117,39.94001],[19.92384,39.95283],[19.8768,40.02237],[19.87045,40.03474],[19.86345,40.04536],[19.85524,40.04987],[19.82325,40.0506],[19.80738,40.05288],[19.79656,40.05732],[19.80454,40.06346],[19.77735,40.07779],[19.77312,40.07123],[19.77166,40.0683],[19.77052,40.06346],[19.76726,40.07246],[19.76246,40.07685],[19.75636,40.0799],[19.74936,40.08462],[19.74806,40.08861],[19.7409,40.10041],[19.73268,40.11026],[19.72901,40.10822],[19.71909,40.11603],[19.65317,40.13239],[19.59783,40.1577],[19.56577,40.17984],[19.50929,40.19448],[19.47625,40.21369],[19.38111,40.29523],[19.36997,40.30903],[19.36508,40.31737],[19.35157,40.36205],[19.34425,40.37434],[19.30926,40.40082],[19.29689,40.41356],[19.29518,40.41755],[19.29518,40.41869],[19.28956,40.4204],[19.28956,40.42723],[19.31617,40.43781],[19.33253,40.43891],[19.34816,40.43065],[19.3838,40.39741],[19.39324,40.3863],[19.4065,40.36262],[19.41196,40.34809],[19.41424,40.33442],[19.42359,40.33002],[19.44459,40.33381],[19.46559,40.3415],[19.47495,40.34837],[19.48162,40.43911],[19.47877,40.45392],[19.45314,40.46532],[19.41879,40.49189],[19.39137,40.5218],[19.3864,40.54328],[19.39324,40.53705],[19.39601,40.52961],[19.39861,40.52094],[19.40675,40.52277],[19.41424,40.52277],[19.4336,40.50593],[19.44606,40.51114],[19.45265,40.52985],[19.4546,40.55386],[19.44215,40.57307],[19.4157,40.58348],[19.39161,40.57831],[19.3864,40.55073],[19.37924,40.56615],[19.30983,40.64435],[19.30437,40.65314],[19.30934,40.66503],[19.32293,40.67487],[19.33904,40.68407],[19.35157,40.69416],[19.36052,40.70978],[19.36451,40.72651],[19.36557,40.78596],[19.36883,40.80215],[19.37778,40.81297],[19.39625,40.81704],[19.40675,40.82075],[19.40406,40.82929],[19.39674,40.83869],[19.39324,40.84492],[19.39763,40.85297],[19.4048,40.86107],[19.41139,40.86709],[19.41424,40.86884],[19.40626,40.88032],[19.39112,40.89525],[19.3812,40.90827],[19.38982,40.9138],[19.40496,40.91816],[19.42457,40.93964],[19.44093,40.94864],[19.42701,40.93684],[19.43539,40.9134],[19.42726,40.89338],[19.42726,40.87226],[19.43474,40.87226],[19.43784,40.88654],[19.43767,40.88345],[19.43914,40.88007],[19.44093,40.87226],[19.45411,40.88581],[19.5066,40.9051],[19.52345,40.92064],[19.52516,40.94526],[19.51466,40.96491],[19.50148,40.98298],[19.49545,41.00263],[19.49204,40.97696],[19.47967,40.95392],[19.45387,40.92398],[19.45346,40.92837],[19.44776,40.93431],[19.45851,40.94261],[19.46998,40.95673],[19.47722,40.975],[19.47495,40.99579],[19.46998,41.00072],[19.45379,41.00585],[19.44776,41.00947],[19.4406,41.02066],[19.44125,41.02603],[19.44549,41.03071],[19.45639,41.10668],[19.45118,41.12271],[19.44549,41.12946],[19.44117,41.13736],[19.44191,41.14387],[19.46372,41.15131],[19.46713,41.16267],[19.46713,41.17617],[19.46876,41.18757],[19.50953,41.23729],[19.51661,41.25642],[19.51336,41.27668],[19.50294,41.29413],[19.48805,41.30646],[19.47193,41.3111],[19.45004,41.3111],[19.43165,41.31371],[19.41896,41.32258],[19.41424,41.3415],[19.41424,41.3828],[19.41082,41.39167],[19.39601,41.40204],[19.39324,41.41352],[19.40642,41.40038],[19.42872,41.40131],[19.44516,41.41519],[19.44093,41.44086],[19.46461,41.45087],[19.48927,41.46613],[19.50864,41.48688],[19.51661,41.51341],[19.51417,41.52997],[19.50717,41.53628],[19.49635,41.53876],[19.48243,41.54385],[19.46803,41.55427],[19.452,41.57477],[19.44093,41.58539],[19.52809,41.57656],[19.55641,41.58308],[19.5652,41.58511],[19.58481,41.61957],[19.59164,41.61957],[19.5923,41.60859],[19.59604,41.60273],[19.60304,41.60175],[19.61297,41.60529],[19.60499,41.63215],[19.60011,41.63911],[19.59164,41.63264],[19.58709,41.64069],[19.55763,41.66055],[19.57814,41.68765],[19.57635,41.71894],[19.57114,41.75239],[19.5713,41.77041],[19.58953,41.76569],[19.59897,41.77871],[19.59978,41.79975],[19.59164,41.81879],[19.58522,41.81855],[19.46551,41.85545],[19.45118,41.86253],[19.43295,41.8686],[19.36508,41.85236],[19.34693,41.86396],[19.31023,41.89452],[19.29322,41.90078],[19.22023,41.91885],[19.20297,41.92707],[19.17848,41.93391],[19.17026,41.93797],[19.16228,41.94794],[19.16196,41.95344],[19.16326,41.95897],[19.16033,41.96898],[19.15561,41.97065],[19.14527,41.97761],[19.13795,41.9853],[19.14291,41.98884],[19.14357,41.99307],[19.13917,42.04243],[19.08253,42.0812],[19.07472,42.09565],[19.08383,42.11009],[19.07643,42.11595],[19.06398,42.12018],[19.04868,42.1402],[19.01059,42.13955],[19.00213,42.15021],[18.99985,42.16108],[18.9948,42.16364],[18.98805,42.16372],[18.98162,42.16706],[18.96803,42.18871],[18.95346,42.19986],[18.91334,42.22224],[18.9017,42.23749],[18.8947,42.27049],[18.886,42.28437],[18.87159,42.29047],[18.85401,42.29047],[18.83888,42.28571],[18.83139,42.27753],[18.82651,42.28221],[18.82049,42.28669],[18.81764,42.29116],[18.80152,42.28437],[18.79396,42.28034],[18.78875,42.27603],[18.78639,42.27412],[18.77858,42.27147],[18.77198,42.27692],[18.76246,42.29116],[18.7295,42.31159],[18.71453,42.32526],[18.71412,42.33893],[18.70834,42.34247],[18.69972,42.34984],[18.69361,42.35322],[18.69361,42.35944],[18.69581,42.37377],[18.67848,42.38597],[18.65854,42.38662],[18.65317,42.36628],[18.64649,42.36628],[18.63844,42.37031],[18.61671,42.36807],[18.61232,42.36994],[18.60711,42.37641],[18.5949,42.38373],[18.5809,42.38984],[18.57065,42.39297],[18.57301,42.39643],[18.57309,42.39753],[18.57407,42.39826],[18.57814,42.40038],[18.55299,42.41364],[18.54518,42.42357],[18.55014,42.43513],[18.56284,42.43854],[18.64495,42.41836],[18.6565,42.41551],[18.68556,42.404],[18.70045,42.39297],[18.70818,42.40851],[18.70655,42.42105],[18.68385,42.45881],[18.68328,42.46809],[18.68735,42.4829],[18.65414,42.45181],[18.60865,42.44538],[18.50245,42.45563],[18.50245,42.44819],[18.52125,42.43797],[18.51295,42.409],[18.5298,42.40038],[18.51026,42.40526],[18.49643,42.41633],[18.47446,42.44135],[18.46095,42.44794],[18.42758,42.45527],[18.4131,42.46186],[18.41188,42.47602],[18.23894,42.55907],[18.22055,42.57917],[18.22088,42.58832],[18.22316,42.60212],[18.22348,42.61469],[18.21754,42.6201],[18.16603,42.62694],[18.12485,42.6446],[18.10865,42.64741],[18.09164,42.64826],[18.07602,42.65131],[18.06398,42.65762],[18.05738,42.66791],[18.07732,42.66791],[18.05592,42.68301],[18.04786,42.69062],[18.04322,42.70205],[18.02833,42.69131],[18.00327,42.70067],[17.96119,42.7294],[17.90162,42.7519],[17.88071,42.76874],[17.89283,42.79084],[17.86508,42.78994],[17.83497,42.8072],[17.80665,42.81192],[17.80006,42.81098],[17.79233,42.80854],[17.78566,42.80516],[17.78012,42.79694],[17.77377,42.79857],[17.76775,42.80231],[17.76539,42.80443],[17.7588,42.8076],[17.73512,42.82197],[17.72096,42.82624],[17.73959,42.81306],[17.74871,42.80341],[17.76189,42.77871],[17.76189,42.77432],[17.75514,42.77094],[17.74871,42.77204],[17.74871,42.77814],[17.75025,42.78571],[17.74887,42.79084],[17.72877,42.80077],[17.67856,42.81623],[17.63347,42.82294],[17.58009,42.84125],[17.52524,42.84862],[17.44044,42.87336],[17.44272,42.89863],[17.41725,42.9112],[17.35092,42.92178],[17.27133,42.96336],[17.23748,42.97138],[17.22153,42.9798],[17.21388,42.98261],[17.20191,42.98432],[17.09539,42.98444],[17.06251,42.99006],[17.04615,42.99506],[17.02752,43.00357],[17.01791,43.01382],[17.02817,43.02416],[17.02817,43.03099],[17.01881,43.03408],[17.01295,43.03921],[17.00807,43.04531],[17.00164,43.0515],[17.02312,43.04865],[17.05567,43.02896],[17.07325,43.02416],[17.1587,43.03099],[17.24024,43.02277],[17.39047,42.97773],[17.42579,42.96088],[17.45411,42.94229],[17.45574,42.93842],[17.4559,42.93293],[17.4568,42.92699],[17.46022,42.92178],[17.46485,42.92072],[17.47657,42.92243],[17.48146,42.92178],[17.49928,42.91185],[17.50766,42.90908],[17.51889,42.90815],[17.52263,42.91022],[17.52215,42.91962],[17.52613,42.92178],[17.53207,42.9206],[17.54151,42.91547],[17.54656,42.91429],[17.55893,42.91283],[17.56813,42.90908],[17.58375,42.9007],[17.62289,42.8913],[17.64161,42.88447],[17.65268,42.87336],[17.65895,42.87336],[17.67368,42.87507],[17.71599,42.84418],[17.74147,42.83926],[17.71095,42.85663],[17.70191,42.86848],[17.71363,42.8808],[17.70737,42.88703],[17.67872,42.87938],[17.65333,42.89094],[17.65284,42.89118],[17.55649,42.93476],[17.57399,42.93427],[17.60108,42.92524],[17.61793,42.92178],[17.60304,42.93256],[17.58066,42.94208],[17.58009,42.94233],[17.54965,42.95531],[17.53452,42.95063],[17.51564,42.95889],[17.49855,42.97215],[17.48829,42.98261],[17.47462,43.00117],[17.47088,43.01341],[17.47918,43.02241],[17.50196,43.03099],[17.48797,43.03498],[17.47169,43.03046],[17.45338,43.02277],[17.4336,43.0174],[17.44068,43.01996],[17.46022,43.03099],[17.45045,43.03115],[17.44068,43.03229],[17.4323,43.0362],[17.42612,43.04462],[17.4336,43.0515],[17.42742,43.06086],[17.42612,43.06517],[17.40455,43.0515],[17.37086,43.07388],[17.31625,43.12726],[17.17237,43.18183],[17.13803,43.20234],[17.12135,43.20881],[17.11394,43.2132],[17.10776,43.22639],[17.10027,43.23168],[17.09018,43.23517],[17.08009,43.23652],[17.0735,43.23896],[17.06666,43.24486],[17.05633,43.25698],[17.05445,43.26122],[17.05112,43.27424],[17.04949,43.27802],[17.0451,43.27977],[17.0324,43.28238],[17.02817,43.28425],[16.93393,43.3736],[16.90602,43.38727],[16.89576,43.3946],[16.88852,43.40119],[16.88063,43.40595],[16.75245,43.4195],[16.69386,43.4383],[16.62582,43.44904],[16.53484,43.49714],[16.53346,43.4997],[16.53256,43.50434],[16.53004,43.50878],[16.52467,43.51081],[16.51857,43.50971],[16.50953,43.50507],[16.50441,43.50397],[16.46656,43.51081],[16.39145,43.51081],[16.39145,43.51765],[16.41139,43.51781],[16.43426,43.52188],[16.4559,43.52896],[16.4734,43.53815],[16.4568,43.54588],[16.43385,43.54975],[16.33676,43.55117],[16.32496,43.54853],[16.30633,43.53994],[16.29933,43.53815],[16.2811,43.53604],[16.23959,43.52656],[16.11769,43.52448],[16.11769,43.51765],[16.15073,43.51138],[16.16489,43.5041],[16.17237,43.48969],[16.11085,43.48969],[16.11313,43.47891],[16.09848,43.48005],[16.06617,43.48969],[16.03956,43.49079],[16.02833,43.49494],[16.01401,43.50397],[16.00782,43.50397],[16.00782,43.49714],[15.99578,43.50336],[15.97348,43.50312],[15.96632,43.51081],[15.96551,43.5091],[15.96559,43.50617],[15.96437,43.50389],[15.95948,43.50397],[15.96127,43.51504],[15.96656,43.51691],[15.97438,43.51675],[15.98365,43.52106],[15.98699,43.52729],[15.98422,43.53205],[15.98227,43.5373],[15.98732,43.54491],[15.97096,43.54352],[15.9651,43.54194],[15.95948,43.53815],[15.95623,43.54792],[15.94809,43.55288],[15.9253,43.55858],[15.94191,43.56],[15.94418,43.56672],[15.93539,43.57294],[15.91798,43.5729],[15.91798,43.57909],[15.92262,43.58112],[15.92758,43.5843],[15.93214,43.58657],[15.92213,43.59199],[15.91798,43.59333],[15.9253,43.59955],[15.91798,43.60639],[15.9253,43.61384],[15.91896,43.62873],[15.92954,43.63422],[15.96632,43.63373],[15.96632,43.64118],[15.9214,43.64814],[15.9048,43.64802],[15.91676,43.65363],[15.92661,43.65302],[15.93483,43.64985],[15.94239,43.64802],[15.95297,43.65086],[15.95143,43.65742],[15.94264,43.66429],[15.93214,43.66844],[15.94597,43.67231],[15.9524,43.67975],[15.95045,43.68854],[15.93898,43.69644],[15.93971,43.67764],[15.93116,43.6765],[15.90675,43.69147],[15.89291,43.70051],[15.886,43.70034],[15.8768,43.70165],[15.87078,43.70319],[15.86451,43.70816],[15.85076,43.72394],[15.844,43.72993],[15.80348,43.74641],[15.79217,43.75446],[15.77101,43.75996],[15.70631,43.76341],[15.69264,43.7746],[15.68214,43.79719],[15.65846,43.80508],[15.63299,43.81045],[15.61744,43.82551],[15.64731,43.81586],[15.6631,43.81297],[15.67888,43.81184],[15.67888,43.81928],[15.67302,43.82123],[15.66896,43.82099],[15.66676,43.81997],[15.66578,43.81928],[15.63885,43.83613],[15.57407,43.85952],[15.54689,43.87657],[15.54518,43.87763],[15.52491,43.90046],[15.51222,43.91108],[15.49773,43.91551],[15.48243,43.91714],[15.47364,43.91913],[15.46608,43.9217],[15.45509,43.92805],[15.44972,43.93439],[15.44565,43.94135],[15.43873,43.94965],[15.38404,43.99738],[15.35808,44.0257],[15.33961,44.03937],[15.31951,44.04523],[15.2776,44.08234],[15.27833,44.0856],[15.23325,44.12092],[15.22202,44.12564],[15.2129,44.13105],[15.20883,44.13817],[15.21274,44.14826],[15.19695,44.15648],[15.14454,44.19546],[15.16041,44.2132],[15.15219,44.2353],[15.13152,44.25462],[15.11036,44.26435],[15.12224,44.27481],[15.14064,44.28246],[15.15756,44.28034],[15.16505,44.26122],[15.17661,44.24995],[15.19793,44.25731],[15.20777,44.27277],[15.18539,44.28539],[15.19304,44.28685],[15.19418,44.28864],[15.19459,44.2888],[15.19907,44.28539],[15.20655,44.28539],[15.20118,44.29751],[15.19809,44.30166],[15.24757,44.27798],[15.2684,44.25845],[15.27955,44.25178],[15.29526,44.25068],[15.28175,44.28539],[15.29054,44.28742],[15.29493,44.29023],[15.29786,44.29401],[15.30274,44.29914],[15.28932,44.30219],[15.27817,44.3098],[15.26889,44.32046],[15.26124,44.33259],[15.28053,44.32754],[15.3086,44.30927],[15.33692,44.30166],[15.40854,44.27228],[15.42449,44.26797],[15.50359,44.25922],[15.52524,44.26069],[15.52866,44.2718],[15.51482,44.27851],[15.44923,44.28539],[15.44418,44.28848],[15.41407,44.31656],[15.40602,44.32062],[15.30795,44.3544],[15.29379,44.36481],[15.15504,44.4667],[15.10808,44.51386],[15.08009,44.53608],[15.05201,44.54548],[15.04786,44.55036],[15.01531,44.56908],[15.00733,44.56973],[15.00131,44.57852],[14.90138,44.69017],[14.8838,44.72362],[14.89519,44.73615],[14.89389,44.75096],[14.88746,44.76838],[14.8838,44.78876],[14.88136,44.84406],[14.8838,44.86148],[14.90528,44.92463],[14.91489,44.93993],[14.92164,44.95881],[14.91432,44.98143],[14.85646,45.07648],[14.85279,45.09365],[14.84254,45.10554],[14.8274,45.11396],[14.76596,45.13736],[14.65789,45.1966],[14.6067,45.24437],[14.59278,45.24982],[14.57602,45.26227],[14.56861,45.27595],[14.5822,45.28535],[14.57081,45.29365],[14.53435,45.31269],[14.55226,45.29767],[14.55543,45.29588],[14.55193,45.28807],[14.5433,45.28384],[14.53305,45.28388],[14.52442,45.28876],[14.51051,45.29975],[14.40235,45.33861],[14.36362,45.34463],[14.34588,45.35163],[14.32976,45.35399],[14.31153,45.34398],[14.29078,45.3205],[14.27198,45.29011],[14.25847,45.25576],[14.24773,45.18647],[14.23471,45.15457],[14.23406,45.15306],[14.2326,45.14936],[14.20924,45.12637],[14.17937,45.13451],[14.19532,45.12059],[14.19313,45.10562],[14.18043,45.09146],[14.1644,45.0799],[14.15821,45.08735],[14.15431,45.07892],[14.15406,45.07197],[14.15821,45.05321],[14.15431,45.055],[14.14747,45.05728],[14.14389,45.05939],[14.14389,45.05321],[14.15943,45.04035],[14.16619,45.01895],[14.16375,44.99575],[14.15138,44.97748],[14.1399,44.97134],[14.13185,44.97207],[14.1242,44.97541],[14.11329,44.97748],[14.10133,44.97427],[14.08969,44.9665],[14.08041,44.95726],[14.07569,44.94953],[14.06886,44.94953],[14.07163,44.96906],[14.0796,44.97793],[14.08383,44.9864],[14.07569,45.00483],[14.05454,45.01846],[14.05152,45.02603],[14.05307,45.03315],[14.05193,45.03803],[14.04029,45.03897],[14.04412,45.02717],[14.03989,45.00943],[14.04428,45.00141],[14.0547,44.99653],[14.06414,44.99575],[14.07154,44.99335],[14.07569,44.98371],[14.06479,44.97614],[14.05079,44.95649],[14.04444,44.9514],[14.04029,44.95637],[14.03468,44.95637],[14.03875,44.94941],[14.04021,44.94107],[14.03907,44.93183],[14.03468,44.92231],[14.02662,44.92406],[14.02247,44.92349],[14.02263,44.9206],[14.02784,44.91543],[14.02784,44.90864],[14.02272,44.90827],[14.02149,44.90738],[14.02174,44.9051],[14.02052,44.90111],[14.01059,44.90526],[13.98845,44.90078],[13.97267,44.90111],[13.98072,44.89655],[13.98585,44.89208],[13.99301,44.88129],[13.98618,44.88129],[13.98618,44.87507],[13.99301,44.87507],[13.99301,44.86762],[13.98585,44.86416],[13.98129,44.85981],[13.97267,44.84715],[13.97462,44.83967],[13.97633,44.83747],[13.97625,44.83491],[13.97267,44.82665],[13.98325,44.82705],[13.98943,44.8251],[13.99399,44.8205],[14.00001,44.81306],[13.96388,44.81184],[13.9463,44.81379],[13.93165,44.8205],[13.9297,44.81635],[13.92954,44.81525],[13.92482,44.81306],[13.91871,44.82905],[13.90968,44.83096],[13.89959,44.82905],[13.89015,44.83348],[13.88315,44.82665],[13.89389,44.82339],[13.90431,44.81729],[13.90935,44.80899],[13.90447,44.79877],[13.91342,44.78242],[13.91798,44.77827],[13.90317,44.77241],[13.89942,44.78197],[13.89975,44.79829],[13.89698,44.81306],[13.88966,44.81708],[13.86004,44.82567],[13.84913,44.82665],[13.85125,44.83002],[13.85385,44.83706],[13.85597,44.84028],[13.85279,44.84077],[13.84555,44.84016],[13.8423,44.84028],[13.84913,44.84715],[13.8423,44.85464],[13.83139,44.85273],[13.81568,44.85659],[13.79933,44.86457],[13.78712,44.87507],[13.79461,44.88129],[13.80486,44.87059],[13.81959,44.86766],[13.83375,44.87336],[13.8423,44.88813],[13.81528,44.88353],[13.80486,44.8854],[13.79461,44.89496],[13.79461,44.90111],[13.79868,44.90396],[13.80348,44.91063],[13.80812,44.91543],[13.79672,44.92487],[13.7741,44.96381],[13.73276,44.99494],[13.68133,45.04637],[13.67335,45.05109],[13.66082,45.06122],[13.64381,45.0705],[13.62322,45.07307],[13.6277,45.07941],[13.63307,45.08942],[13.63689,45.09357],[13.61256,45.11787],[13.63852,45.13003],[13.72625,45.13451],[13.70672,45.1411],[13.6836,45.14338],[13.63689,45.14204],[13.61199,45.13679],[13.6006,45.13727],[13.59596,45.14541],[13.59791,45.15595],[13.6006,45.16462],[13.59938,45.17129],[13.58912,45.17548],[13.59376,45.18228],[13.59441,45.18732],[13.59059,45.1918],[13.58229,45.1966],[13.58229,45.20283],[13.59051,45.20649],[13.59449,45.21263],[13.59425,45.22077],[13.58912,45.2307],[13.59571,45.24055],[13.59523,45.2508],[13.58823,45.25959],[13.57545,45.26488],[13.57879,45.27098],[13.58424,45.27607],[13.59205,45.27912],[13.60271,45.27912],[13.60271,45.28535],[13.59254,45.2888],[13.58465,45.2932],[13.57895,45.29902],[13.57545,45.30646],[13.5857,45.30781],[13.59449,45.3111],[13.60955,45.32014],[13.59791,45.32437],[13.57106,45.32502],[13.56178,45.32636],[13.55063,45.3343],[13.54127,45.34614],[13.54054,45.35676],[13.55494,45.36107],[13.55494,45.36734],[13.54314,45.37617],[13.51336,45.43622],[13.51539,45.43814],[13.51857,45.44033],[13.52076,45.44302],[13.51596,45.44746],[13.51564,45.44815],[13.51783,45.44977],[13.52076,45.45726],[13.50457,45.48387],[13.50148,45.4986],[13.50709,45.51191],[13.51336,45.51191],[13.52312,45.50625],[13.56861,45.49079],[13.58953,45.48884],[13.59164,45.49311],[13.58912,45.50161],[13.59596,45.51191],[13.59596,45.51813],[13.58619,45.51948],[13.57862,45.52338],[13.57276,45.52997],[13.56861,45.53925],[13.58961,45.53579],[13.67514,45.54475],[13.75294,45.55288],[13.75294,45.55907],[13.74236,45.56977],[13.72739,45.5812],[13.71176,45.59321],[13.71876,45.60065],[13.73015,45.6131],[13.75701,45.61367],[13.78688,45.61115],[13.80812,45.61433],[13.79558,45.61701],[13.78647,45.62434],[13.77711,45.63544],[13.73927,45.64912],[13.75766,45.65497],[13.75367,45.67231],[13.73911,45.6916],[13.72625,45.70376],[13.64731,45.76203],[13.62892,45.77261],[13.57423,45.78962],[13.55128,45.79243],[13.53443,45.78205],[13.52418,45.76008],[13.52833,45.74055],[13.55494,45.73721],[13.5184,45.72484],[13.51336,45.72077],[13.50782,45.71442],[13.48024,45.71068],[13.46925,45.70685],[13.45167,45.69379],[13.42799,45.68114],[13.4017,45.67544],[13.37672,45.68317],[13.39096,45.68578],[13.40919,45.69131],[13.42482,45.69855],[13.43141,45.70685],[13.42262,45.72407],[13.38168,45.73005],[13.3694,45.74461],[13.35182,45.7403],[13.25489,45.75605],[13.24586,45.75894],[13.22185,45.77607],[13.21551,45.77879],[13.20493,45.77774],[13.16944,45.76874],[13.15773,45.75458],[13.14967,45.75153],[13.13982,45.75487],[13.13136,45.76887],[13.11931,45.77196],[13.11085,45.76765],[13.10816,45.75821],[13.11183,45.74885],[13.12289,45.74461],[13.12289,45.73721],[13.1006,45.73623],[13.08058,45.72761],[13.06959,45.71369],[13.07504,45.69684],[13.09148,45.6892],[13.11166,45.69135],[13.14967,45.70376],[13.13803,45.6894],[13.10304,45.66901],[13.09563,45.65233],[13.09555,45.65217],[13.08497,45.64191],[13.06056,45.63666],[12.9817,45.63483],[12.94386,45.62857],[12.78077,45.55353],[12.61166,45.49616],[12.51271,45.47045],[12.49594,45.46039],[12.4878,45.45673],[12.45143,45.45043],[12.42368,45.43806],[12.41033,45.43622],[12.41822,45.45112],[12.42921,45.46402],[12.4358,45.47492],[12.43092,45.48404],[12.4406,45.48298],[12.44728,45.48432],[12.45102,45.489],[12.45143,45.49824],[12.45818,45.49824],[12.4629,45.48973],[12.46697,45.48558],[12.47193,45.48591],[12.47869,45.49079],[12.46502,45.50446],[12.47633,45.50357],[12.48715,45.5041],[12.49733,45.50674],[12.4992,45.50446],[12.49985,45.50585],[12.50318,45.50288],[12.5062,45.49909],[12.5066,45.49824],[12.50318,45.49787],[12.49293,45.49824],[12.49293,45.49079],[12.51515,45.49274],[12.52052,45.50503],[12.52149,45.51899],[12.53045,45.52558],[12.54811,45.527],[12.56251,45.53164],[12.57358,45.54003],[12.58172,45.55288],[12.56967,45.54938],[12.5442,45.53657],[12.53728,45.53583],[12.51832,45.54995],[12.51051,45.55907],[12.5066,45.57331],[12.4852,45.56501],[12.45851,45.54833],[12.44191,45.53034],[12.45143,45.51813],[12.45143,45.51191],[12.43491,45.51236],[12.41774,45.52359],[12.41033,45.51813],[12.40358,45.51813],[12.39674,45.53925],[12.38413,45.52302],[12.39039,45.51398],[12.424,45.50446],[12.424,45.49824],[12.41163,45.49331],[12.3934,45.49164],[12.38054,45.49478],[12.38307,45.50446],[12.35043,45.50487],[12.30958,45.48892],[12.27272,45.46361],[12.2527,45.43622],[12.2527,45.43],[12.25896,45.43],[12.25001,45.42072],[12.2461,45.41132],[12.24855,45.40253],[12.25896,45.39521],[12.2492,45.38548],[12.24741,45.37824],[12.24806,45.371],[12.24529,45.36107],[12.2378,45.35773],[12.22828,45.35749],[12.22381,45.35395],[12.23219,45.34056],[12.22088,45.32705],[12.21632,45.31623],[12.20875,45.30907],[12.18751,45.30646],[12.17433,45.31053],[12.16293,45.31623],[12.15447,45.31346],[12.1491,45.29218],[12.15984,45.28311],[12.16879,45.26215],[12.18067,45.25804],[12.19166,45.26288],[12.19939,45.2746],[12.20191,45.28832],[12.19744,45.29963],[12.2173,45.29385],[12.22145,45.28327],[12.22055,45.26878],[12.22486,45.25117],[12.21388,45.24811],[12.21111,45.24299],[12.21518,45.2368],[12.22486,45.2307],[12.22136,45.21625],[12.23048,45.20425],[12.24733,45.19693],[12.26637,45.1966],[12.26352,45.20034],[12.26254,45.20075],[12.25896,45.20283],[12.27369,45.21084],[12.29607,45.22663],[12.3073,45.2307],[12.29802,45.2154],[12.30397,45.20075],[12.31511,45.18647],[12.32106,45.17235],[12.32195,45.13874],[12.32846,45.10102],[12.31837,45.10346],[12.3073,45.10786],[12.30844,45.11445],[12.3073,45.12417],[12.3073,45.12836],[12.29737,45.10635],[12.29672,45.08857],[12.30665,45.07856],[12.32846,45.0799],[12.32521,45.08369],[12.32358,45.08674],[12.32106,45.09357],[12.34083,45.08145],[12.35304,45.06696],[12.36329,45.05219],[12.37623,45.03897],[12.37623,45.03217],[12.36834,45.03115],[12.36411,45.02936],[12.36085,45.02709],[12.35515,45.02464],[12.36883,45.01097],[12.38356,45.02643],[12.38657,45.03876],[12.38063,45.05093],[12.36883,45.06562],[12.38331,45.05634],[12.40138,45.04987],[12.41342,45.04287],[12.41033,45.03217],[12.42628,45.02001],[12.43409,45.01553],[12.44459,45.01097],[12.46469,44.99201],[12.48618,44.97651],[12.4992,44.98371],[12.49586,44.98395],[12.48911,44.9833],[12.48609,44.98371],[12.48609,44.99116],[12.50261,44.99144],[12.51677,44.98762],[12.5276,44.98017],[12.53386,44.97004],[12.53297,44.96084],[12.52312,44.95002],[12.52703,44.94335],[12.51881,44.93378],[12.51539,44.92837],[12.51271,44.92231],[12.5066,44.92231],[12.49903,44.92145],[12.49488,44.91047],[12.49293,44.87816],[12.48732,44.86225],[12.47413,44.84577],[12.44459,44.8205],[12.44313,44.82502],[12.43873,44.83491],[12.43214,44.84601],[12.424,44.85464],[12.43922,44.87759],[12.44304,44.89008],[12.43832,44.90111],[12.42693,44.90497],[12.41554,44.89985],[12.40691,44.8913],[12.40358,44.88471],[12.3921,44.86839],[12.39161,44.85883],[12.41651,44.85114],[12.41586,44.84357],[12.40821,44.83625],[12.39674,44.83348],[12.39674,44.82665],[12.40382,44.82543],[12.41627,44.82144],[12.424,44.8205],[12.41619,44.80329],[12.39796,44.79377],[12.37566,44.79222],[12.35743,44.80414],[12.34685,44.81533],[12.32106,44.83348],[12.30299,44.84292],[12.29233,44.84325],[12.26637,44.82665],[12.26637,44.8205],[12.28004,44.8205],[12.25359,44.75129],[12.24659,44.71162],[12.2527,44.6684],[12.26588,44.63618],[12.27491,44.62051],[12.28346,44.61376],[12.28582,44.60269],[12.28004,44.53189],[12.2837,44.48762],[12.31422,44.38719],[12.31821,44.36115],[12.32106,44.35371],[12.32545,44.34781],[12.3392,44.3343],[12.34213,44.32949],[12.34425,44.30829],[12.35027,44.28815],[12.36883,44.25068],[12.38998,44.22272],[12.41717,44.19546],[12.45802,44.16641],[12.47877,44.13935],[12.51092,44.11457],[12.54737,44.09345],[12.57423,44.0856],[12.63136,44.0301],[12.6609,44.00829],[12.69158,43.99063],[12.7103,43.9829],[12.75384,43.9724],[12.75611,43.97187],[12.80397,43.96686],[12.82301,43.95856],[12.86215,43.93537],[12.92888,43.91584],[12.93865,43.90461],[12.94728,43.89761],[13.25327,43.70319],[13.37013,43.65046],[13.38982,43.6446],[13.39967,43.63565],[13.44663,43.62372],[13.4734,43.61201],[13.48316,43.61628],[13.49073,43.6236],[13.49627,43.62751],[13.49903,43.62849],[13.50123,43.6306],[13.50441,43.63276],[13.51026,43.63373],[13.51612,43.63174],[13.51905,43.62718],[13.52101,43.62271],[13.52418,43.62067],[13.54322,43.61323],[13.55779,43.59675],[13.56918,43.58031],[13.57887,43.5729],[13.59791,43.56953],[13.61557,43.56049],[13.62452,43.54719],[13.61695,43.53132],[13.76026,43.26374],[13.77605,43.2436],[13.78028,43.23652],[13.78663,43.20059],[13.79078,43.19208],[13.80274,43.17821],[13.83481,43.12726],[13.84864,43.09174],[13.86541,43.00731],[13.90553,42.90156],[13.94467,42.79829],[13.98048,42.73037],[14.00123,42.69843],[14.06324,42.62482],[14.06886,42.60956],[14.07537,42.59882],[14.22055,42.47016],[14.28419,42.42829],[14.35621,42.39297],[14.38738,42.37295],[14.42905,42.32172],[14.56023,42.22565],[14.59588,42.20856],[14.65349,42.19107],[14.6937,42.18537],[14.70924,42.17548],[14.71705,42.16006],[14.72283,42.1188],[14.7295,42.09911],[14.74073,42.08462],[14.7575,42.07884],[14.76336,42.07795],[14.78012,42.07526],[14.79982,42.06635],[14.83546,42.04413],[14.8711,42.03181],[14.952,42.02106],[14.99366,42.01065],[15.00733,42.00137],[15.03452,41.9746],[15.04518,41.96898],[15.06316,41.9643],[15.10434,41.94188],[15.12338,41.93427],[15.14357,41.93118],[15.16538,41.9278],[15.28175,41.92805],[15.40056,41.90778],[15.44606,41.90693],[15.61134,41.92805],[15.77442,41.92121],[16.02711,41.94408],[16.11085,41.92805],[16.11199,41.92634],[16.14047,41.91991],[16.1609,41.89265],[16.17921,41.8933],[16.17604,41.87739],[16.1836,41.85847],[16.19223,41.82136],[16.19304,41.80842],[16.19288,41.79092],[16.18434,41.77961],[16.16668,41.76341],[16.14576,41.74885],[16.12761,41.7425],[16.10719,41.73762],[16.08969,41.72602],[16.06316,41.70148],[16.02752,41.67992],[15.9253,41.64004],[15.90008,41.61465],[15.89137,41.57685],[15.89633,41.53644],[15.91179,41.50288],[15.9336,41.47944],[15.96111,41.45946],[16.02166,41.4278],[16.08513,41.41267],[16.10035,41.40355],[16.11411,41.39289],[16.30144,41.32787],[16.4603,41.26264],[16.52068,41.25015],[16.53858,41.23941],[16.55437,41.22748],[16.59392,41.20698],[16.83058,41.14631],[16.85141,41.13296],[16.85816,41.13296],[16.85816,41.14037],[16.86443,41.14037],[16.88526,41.12397],[17.05714,41.08185],[17.20314,41.02098],[17.27638,40.98021],[17.31007,40.95478],[17.34791,40.9121],[17.36118,40.9064],[17.3777,40.90229],[17.41358,40.88109],[17.47608,40.83015],[17.49195,40.82445],[17.51222,40.8203],[17.54835,40.80195],[17.63453,40.78498],[17.64527,40.77977],[17.74838,40.74763],[17.84392,40.69416],[17.92189,40.68301],[17.95582,40.67048],[17.95493,40.64692],[17.96632,40.6468],[17.99195,40.65314],[18.00701,40.6507],[18.01108,40.64419],[18.01149,40.63524],[18.0158,40.62519],[18.03924,40.60822],[18.04322,40.602],[18.03745,40.55695],[18.11997,40.50458],[18.21168,40.46475],[18.23146,40.46137],[18.23829,40.45767],[18.2588,40.43065],[18.27019,40.42121],[18.30323,40.39989],[18.32911,40.36669],[18.34376,40.35163],[18.3615,40.34528],[18.37045,40.33869],[18.43727,40.26789],[18.50001,40.15249],[18.50424,40.14643],[18.50945,40.14183],[18.51612,40.13923],[18.51108,40.12759],[18.51368,40.12055],[18.51743,40.11416],[18.51612,40.10448],[18.50807,40.09455],[18.49187,40.08466],[18.48357,40.05516],[18.47039,40.04344],[18.43409,40.02253],[18.41139,39.97883],[18.40789,39.96849],[18.40406,39.9475],[18.39479,39.9256],[18.39259,39.91608],[18.39967,39.89033],[18.40008,39.87857],[18.38649,39.82534],[18.38917,39.81708],[18.38396,39.81391],[18.37371,39.79979],[18.36834,39.79662],[18.34653,39.79804],[18.33839,39.80012],[18.33041,39.80341],[18.28207,39.8332],[18.26564,39.83759],[18.22438,39.83759],[18.21127,39.83934],[18.18653,39.85187],[18.16188,39.86054],[18.13063,39.88349],[18.09425,39.90274],[18.0809,39.90644],[18.07154,39.91153],[18.00733,39.98607],[17.99537,39.99527],[17.99537,40.00267],[18.01108,40.00336],[18.02027,40.0102],[18.02215,40.02167],[18.0158,40.0362],[18.00514,40.04487],[17.97836,40.05166],[17.96746,40.05732],[18.00294,40.07445],[18.011,40.09601],[17.99724,40.12043],[17.96746,40.14606],[17.94068,40.16303],[17.92604,40.17626],[17.91961,40.19074],[17.9192,40.20995],[17.917,40.22687],[17.91114,40.2403],[17.89967,40.24909],[17.91277,40.24909],[17.91277,40.25532],[17.86313,40.28563],[17.84767,40.29003],[17.51205,40.3037],[17.49391,40.30744],[17.44044,40.331],[17.43043,40.33161],[17.40952,40.33002],[17.39942,40.331],[17.3921,40.33503],[17.37469,40.34858],[17.36817,40.35151],[17.35125,40.3548],[17.2964,40.37946],[17.24,40.39533],[17.2129,40.4062],[17.20021,40.4204],[17.22348,40.42841],[17.24301,40.44139],[17.24789,40.45734],[17.22755,40.47443],[17.24741,40.48029],[17.29575,40.47321],[17.31625,40.48188],[17.32325,40.49848],[17.30405,40.49946],[17.26173,40.48871],[17.26352,40.49103],[17.26857,40.49616],[17.24741,40.50283],[17.22901,40.49689],[17.2107,40.48701],[17.18995,40.48188],[17.18181,40.4853],[17.17644,40.49315],[17.17172,40.50226],[17.16619,40.50918],[17.15602,40.5124],[17.13347,40.51264],[17.12452,40.51533],[17.04957,40.51911],[16.97608,40.49262],[16.91212,40.44522],[16.86329,40.39094],[16.78273,40.30158],[16.7614,40.2696],[16.73756,40.211],[16.73072,40.20067],[16.71599,40.19359],[16.67945,40.14606],[16.64007,40.11876],[16.62452,40.10798],[16.60475,40.08446],[16.59693,40.04678],[16.59938,40.03413],[16.61362,39.99665],[16.6316,39.96621],[16.62176,39.95356],[16.60548,39.94294],[16.5892,39.91983],[16.54225,39.8854],[16.50815,39.83759],[16.49171,39.80549],[16.48976,39.77521],[16.50213,39.74706],[16.52858,39.7215],[16.52858,39.71467],[16.51564,39.6896],[16.54591,39.66087],[16.59148,39.63679],[16.62485,39.62531],[16.74977,39.62002],[16.78248,39.61164],[16.79811,39.60346],[16.81609,39.59105],[16.8309,39.57616],[16.83717,39.56045],[16.8462,39.55268],[16.90602,39.52973],[16.95297,39.49921],[16.97088,39.49494],[16.99537,39.49274],[17.01149,39.48615],[17.02345,39.47541],[17.03582,39.46076],[17.05714,39.44164],[17.08855,39.42259],[17.1242,39.409],[17.1587,39.4062],[17.12224,39.33832],[17.11492,39.28278],[17.11451,39.26935],[17.11769,39.25601],[17.12477,39.24461],[17.1421,39.22232],[17.14568,39.21068],[17.14039,39.1789],[17.12224,39.12104],[17.12452,39.09089],[17.14796,39.05419],[17.15187,39.04588],[17.15846,39.04047],[17.19256,39.03107],[17.20639,39.02949],[17.18686,39.01903],[17.17661,39.01211],[17.17237,39.00519],[17.17156,38.96601],[17.17237,38.96052],[17.13885,38.93671],[17.13502,38.9326],[17.1277,38.92878],[17.11891,38.91966],[17.10401,38.89907],[17.09498,38.91913],[17.07057,38.9228],[17.04225,38.91625],[17.02198,38.90595],[16.99635,38.92951],[16.98129,38.9372],[16.95729,38.94009],[16.93507,38.93871],[16.83855,38.9182],[16.72779,38.87885],[16.68775,38.85586],[16.67945,38.84756],[16.67075,38.84064],[16.61061,38.81656],[16.58562,38.79784],[16.57439,38.78506],[16.56373,38.75674],[16.55095,38.7414],[16.53883,38.72333],[16.53484,38.6999],[16.54689,38.69318],[16.54908,38.68993],[16.54851,38.67206],[16.55885,38.59601],[16.577,38.52855],[16.57716,38.50288],[16.56959,38.42951],[16.56137,38.41633],[16.52198,38.38715],[16.50815,38.37153],[16.49757,38.36929],[16.46705,38.3487],[16.43507,38.33999],[16.33985,38.30085],[16.30633,38.27709],[16.16944,38.14322],[16.15187,38.11083],[16.1255,38.00483],[16.11085,37.97362],[16.10133,37.96052],[16.09002,37.9492],[16.07716,37.93989],[16.06316,37.93268],[16.01588,37.92471],[16.00099,37.91901],[15.94215,37.93309],[15.76149,37.92524],[15.73487,37.93098],[15.70826,37.94099],[15.68442,37.95352],[15.66578,37.96686],[15.64552,37.98835],[15.6351,38.0091],[15.63836,38.02774],[15.65846,38.04255],[15.63266,38.0742],[15.62403,38.09211],[15.62745,38.10737],[15.64161,38.12592],[15.6478,38.14313],[15.64649,38.1621],[15.63795,38.18594],[15.63282,38.22028],[15.65056,38.24103],[15.68426,38.25312],[15.78647,38.27802],[15.79566,38.28555],[15.79868,38.29072],[15.81284,38.3006],[15.81617,38.30606],[15.82976,38.35102],[15.9048,38.47394],[15.91782,38.51679],[15.91603,38.55036],[15.90008,38.57827],[15.87078,38.60423],[15.86354,38.60822],[15.84995,38.61335],[15.844,38.61791],[15.83546,38.62824],[15.83367,38.63378],[15.83522,38.63923],[15.8366,38.64899],[15.84449,38.66039],[15.86313,38.66828],[15.9048,38.67939],[15.96803,38.71259],[16.00261,38.72541],[16.04884,38.72773],[16.12086,38.72093],[16.136,38.72382],[16.1526,38.7309],[16.17921,38.74828],[16.20094,38.77643],[16.2151,38.81415],[16.22169,38.85659],[16.22006,38.89907],[16.21469,38.91901],[16.2046,38.93407],[16.18963,38.94355],[16.16896,38.94684],[16.15431,38.95502],[16.13966,38.97378],[16.08302,39.07526],[16.042,39.31061],[16.03403,39.34524],[15.9954,39.43877],[15.95808,39.47756],[15.93312,39.51366],[15.9048,39.53596],[15.87623,39.55146],[15.86752,39.56391],[15.85972,39.58876],[15.85027,39.61473],[15.8366,39.65266],[15.81568,39.6789],[15.80641,39.6955],[15.78875,39.79662],[15.78875,39.79035],[15.78395,39.81],[15.77882,39.82014],[15.77133,39.82453],[15.7697,39.83015],[15.78191,39.8686],[15.77442,39.8911],[15.74155,39.92959],[15.73414,39.94375],[15.72804,39.96418],[15.71315,39.98102],[15.67888,40.00886],[15.65162,40.04365],[15.63038,40.05768],[15.62469,40.06489],[15.62428,40.07779],[15.6102,40.07319],[15.53492,40.07779],[15.51313,40.06768],[15.49531,40.04672],[15.45981,40.02936],[15.4296,39.99979],[15.4101,39.99397],[15.36094,39.99889],[15.34316,40.00415],[15.3143,40.03376],[15.30274,40.0362],[15.2933,40.03242],[15.28305,40.02985],[15.27223,40.02875],[15.26124,40.02936],[15.26124,40.0362],[15.27914,40.04767],[15.26344,40.07372],[15.2339,40.1],[15.20965,40.11188],[15.18995,40.11913],[15.12721,40.16962],[15.1128,40.17479],[15.09588,40.17308],[15.06568,40.16657],[15.04721,40.16893],[15.03492,40.17536],[15.0228,40.19563],[15.00312,40.21026],[14.9759,40.21931],[14.96632,40.22455],[14.95709,40.23155],[14.93814,40.22784],[14.92213,40.23802],[14.91114,40.24164],[14.90691,40.25861],[14.9319,40.28555],[14.93914,40.30707],[14.93238,40.32429],[14.93238,40.33373],[14.94215,40.33784],[14.95395,40.33991],[14.96437,40.34516],[14.97291,40.352],[14.99449,40.35843],[15.00043,40.36883],[14.99827,40.39756],[14.97592,40.43146],[14.88885,40.57307],[14.8615,40.60716],[14.83546,40.63264],[14.80974,40.65298],[14.78199,40.66987],[14.75221,40.6767],[14.71998,40.66682],[14.69044,40.64912],[14.67807,40.64663],[14.62574,40.64907],[14.61329,40.6459],[14.5713,40.61774],[14.5442,40.61359],[14.51637,40.61986],[14.48658,40.63264],[14.47136,40.62466],[14.42205,40.61555],[14.40154,40.60212],[14.3558,40.58364],[14.34262,40.57062],[14.32984,40.58446],[14.32797,40.60541],[14.33774,40.62442],[14.35963,40.63264],[14.37973,40.63386],[14.38738,40.63695],[14.39821,40.64384],[14.4048,40.65603],[14.44421,40.68599],[14.47637,40.6951],[14.47975,40.71149],[14.47413,40.72968],[14.46062,40.74421],[14.44264,40.75507],[14.42129,40.75093],[14.4054,40.75689],[14.39443,40.76157],[14.38255,40.77227],[14.36661,40.78018],[14.34889,40.79686],[14.31235,40.82811],[14.2942,40.83877],[14.27573,40.84003],[14.24838,40.83771],[14.22364,40.83137],[14.21274,40.82075],[14.20346,40.80121],[14.1822,40.80092],[14.1656,40.81575],[14.13523,40.81855],[14.1115,40.82954],[14.09596,40.83381],[14.08253,40.83128],[14.07618,40.82221],[14.0774,40.81037],[14.08123,40.79711],[14.08253,40.78351],[14.07528,40.78628],[14.0477,40.78959],[14.04115,40.79648],[14.05226,40.83759],[14.04446,40.87421],[14.02134,40.92183],[13.96534,40.99641],[13.93019,41.01415],[13.91798,41.02367],[13.91456,41.03315],[13.91277,41.05443],[13.91066,41.06464],[13.88432,41.1048],[13.85173,41.14732],[13.79049,41.20586],[13.72185,41.25239],[13.70851,41.25642],[13.67872,41.25056],[13.66334,41.25068],[13.65659,41.25959],[13.59441,41.25312],[13.56365,41.23798],[13.57545,41.20808],[13.54396,41.20661],[13.53443,41.20808],[13.52524,41.2154],[13.51954,41.22517],[13.51441,41.22968],[13.50709,41.22175],[13.49969,41.22175],[13.48024,41.23916],[13.32439,41.29483],[13.28582,41.29572],[13.20484,41.28376],[13.18702,41.27802],[13.15122,41.2602],[13.11451,41.25088],[13.09051,41.22655],[13.06821,41.22175],[13.04461,41.22753],[13.03679,41.24042],[13.03346,41.2569],[13.02369,41.27359],[13.01197,41.28653],[12.99269,41.31562],[12.9795,41.331],[12.92384,41.37979],[12.89357,41.39932],[12.86215,41.41352],[12.84156,41.4184],[12.76295,41.42137],[12.74855,41.42373],[12.67856,41.45795],[12.65398,41.46564],[12.64243,41.4582],[12.63526,41.4475],[12.6194,41.45913],[12.54558,41.54413],[12.44801,41.63076],[12.34278,41.7023],[12.32716,41.71137],[12.30063,41.71743],[12.285,41.7272],[12.27662,41.72944],[12.24692,41.73371],[12.23902,41.73627],[12.22348,41.75068],[12.21518,41.76813],[12.21176,41.78754],[12.21119,41.80793],[12.20623,41.82734],[12.19459,41.84736],[12.17018,41.87958],[12.14747,41.90347],[12.04998,41.96015],[12.03883,41.96516],[12.0298,41.97285],[12.02613,41.98579],[12.02036,41.99307],[11.99204,41.99628],[11.98219,41.99974],[11.969,42.01142],[11.95265,42.02228],[11.93458,42.03148],[11.91684,42.03791],[11.83969,42.03644],[11.82748,42.03417],[11.82211,42.04678],[11.80942,42.06635],[11.79363,42.08446],[11.7798,42.09252],[11.77198,42.10627],[11.75017,42.12792],[11.74562,42.13662],[11.74293,42.15229],[11.73618,42.16889],[11.68214,42.25214],[11.65821,42.27936],[11.53907,42.34886],[11.48927,42.35936],[11.42066,42.38662],[11.39617,42.39297],[11.39617,42.40038],[11.38689,42.40428],[11.37664,42.40689],[11.36573,42.4079],[11.35467,42.40721],[11.36207,42.40038],[11.33302,42.40058],[11.25904,42.42084],[11.24562,42.42231],[11.22739,42.42219],[11.21127,42.41889],[11.20436,42.41096],[11.20094,42.39545],[11.18629,42.3793],[11.18385,42.36628],[11.17465,42.36933],[11.16472,42.36933],[11.1574,42.36774],[11.15594,42.36628],[11.1478,42.37141],[11.13453,42.38418],[11.10662,42.39126],[11.09449,42.40274],[11.08676,42.41836],[11.08694,42.42946],[11.09913,42.44286],[11.11302,42.44636],[11.14182,42.4388],[11.16419,42.43983],[11.17969,42.4565],[11.18845,42.48027],[11.18898,42.50471],[11.18686,42.52082],[11.16603,42.54621],[11.15846,42.56403],[11.14861,42.56318],[11.13722,42.55891],[11.12867,42.55805],[11.11598,42.57197],[11.10727,42.59077],[11.09742,42.60688],[11.0809,42.6127],[11.07781,42.63223],[11.05348,42.64704],[11.00571,42.66791],[11.00025,42.67988],[10.99562,42.69603],[10.99,42.71027],[10.98121,42.71629],[10.97234,42.72004],[10.94361,42.74299],[10.89088,42.7639],[10.73129,42.80443],[10.75538,42.81916],[10.7649,42.83527],[10.76637,42.85419],[10.76564,42.8771],[10.76873,42.88394],[10.77459,42.88825],[10.77768,42.89472],[10.77296,42.90815],[10.76352,42.91828],[10.75074,42.92528],[10.68141,42.94904],[10.6325,42.95848],[10.58326,42.9597],[10.53907,42.94912],[10.54347,42.93879],[10.54656,42.93476],[10.51857,42.92528],[10.49952,42.9405],[10.47755,42.99006],[10.5027,43.00556],[10.5171,43.02391],[10.53907,43.07941],[10.53566,43.09138],[10.53566,43.11262],[10.53932,43.13418],[10.54656,43.14712],[10.53834,43.16425],[10.53443,43.18529],[10.53289,43.22622],[10.52817,43.24677],[10.51694,43.26679],[10.43702,43.38858],[10.37338,43.45319],[10.35914,43.46528],[10.32635,43.47687],[10.31723,43.49262],[10.29477,43.56855],[10.26401,43.80939],[10.25164,43.84663],[10.21013,43.92023],[10.18067,43.95527],[10.13649,43.97871],[10.1058,44.01675],[10.09059,44.02538],[10.07203,44.02953],[10.03533,44.04784],[10.01482,44.05207],[9.99855,44.05805],[9.98854,44.05976],[9.98414,44.05549],[9.98072,44.04987],[9.97267,44.04572],[9.96274,44.04466],[9.95362,44.04865],[9.93784,44.06037],[9.90431,44.0799],[9.88795,44.093],[9.8768,44.08784],[9.84474,44.10863],[9.82643,44.10725],[9.83326,44.09984],[9.82862,44.09813],[9.82399,44.09512],[9.81959,44.093],[9.82447,44.08491],[9.83058,44.07884],[9.83815,44.07477],[9.8475,44.0725],[9.8475,44.06631],[9.84164,44.06338],[9.83888,44.06037],[9.83326,44.05207],[9.84636,44.04629],[9.84254,44.04116],[9.83229,44.0423],[9.82643,44.05549],[9.81983,44.06338],[9.77182,44.07941],[9.72088,44.11347],[9.70973,44.11774],[9.68263,44.13654],[9.67254,44.14081],[9.64324,44.14232],[9.63103,44.1446],[9.6211,44.14826],[9.58619,44.17772],[9.57993,44.17894],[9.57301,44.1916],[9.55649,44.20014],[9.51124,44.21524],[9.49903,44.22183],[9.48976,44.2309],[9.48439,44.24384],[9.4725,44.23981],[9.45387,44.2377],[9.43678,44.23949],[9.42921,44.24726],[9.42237,44.25678],[9.37452,44.2718],[9.36769,44.29442],[9.26271,44.33641],[9.23064,44.35371],[9.22104,44.34406],[9.21372,44.33344],[9.20981,44.32087],[9.2107,44.30532],[9.16505,44.3183],[9.14666,44.32856],[9.14861,44.34003],[9.13006,44.36335],[9.10206,44.37397],[9.00123,44.38727],[8.95289,44.39981],[8.92368,44.41157],[8.91456,44.40892],[8.86842,44.40974],[8.84539,44.41348],[8.83774,44.41718],[8.827,44.42845],[8.76238,44.43211],[8.73715,44.42878],[8.72478,44.42398],[8.69581,44.40672],[8.68531,44.3981],[8.67856,44.39468],[8.67091,44.39472],[8.66277,44.39558],[8.65512,44.39468],[8.59376,44.36274],[8.57667,44.36054],[8.56479,44.35716],[8.54029,44.34003],[8.46608,44.30427],[8.44451,44.28388],[8.44972,44.26435],[8.43946,44.25316],[8.43653,44.24754],[8.43539,44.24042],[8.43238,44.23802],[8.41725,44.23066],[8.41188,44.22704],[8.4065,44.21503],[8.40854,44.20409],[8.40821,44.19351],[8.39454,44.18236],[8.3694,44.17353],[8.31349,44.16047],[8.28468,44.14826],[8.26954,44.13874],[8.25652,44.12836],[8.23316,44.10358],[8.22999,44.09634],[8.23121,44.08031],[8.22999,44.0725],[8.22381,44.0572],[8.21632,44.04523],[8.16912,44.00666],[8.15268,43.98322],[8.16798,43.96263],[8.16798,43.95649],[8.1447,43.95258],[8.11524,43.92768],[8.0892,43.91987],[8.08155,43.91523],[8.07545,43.90965],[8.07301,43.90461],[8.06772,43.89667],[8.05567,43.89208],[8.03142,43.88752],[7.95973,43.85285],[7.78582,43.82197],[7.73658,43.79824],[7.695,43.79121],[7.57203,43.79133],[7.54412,43.78449],[7.5311,43.78449],[7.5232,43.78905],[7.51287,43.79214],[7.50229,43.79222],[7.48911,43.78547],[7.48487,43.78539],[7.48072,43.78583],[7.47641,43.78449],[7.47576,43.78083],[7.47731,43.76813],[7.47641,43.76463],[7.46844,43.7617],[7.46266,43.76211],[7.45435,43.75712],[7.44597,43.74985],[7.43285,43.73985],[7.41796,43.7309],[7.40432,43.71797],[7.38072,43.71927],[7.36575,43.72273],[7.35318,43.71569],[7.3423,43.70783],[7.33806,43.69831],[7.33053,43.68642],[7.319,43.68525],[7.3009,43.68769],[7.28025,43.69333],[7.25727,43.69165],[7.24167,43.68487],[7.22851,43.6742],[7.23181,43.66347],[7.2138,43.64867],[7.20379,43.64436],[7.19668,43.65692],[7.17765,43.66011],[7.16459,43.65606],[7.15162,43.65477],[7.14422,43.64545],[7.13657,43.64118],[7.13307,43.63386],[7.12615,43.60583],[7.13209,43.5788],[7.13258,43.57355],[7.13624,43.56246],[7.13892,43.55402],[7.12551,43.54777],[7.11294,43.56454],[7.10432,43.56829],[7.08843,43.56867],[7.07105,43.5608],[7.05811,43.54989],[7.04508,43.54214],[7.0372,43.53626],[7.03063,43.54789],[7.01447,43.54709],[6.99382,43.54891],[6.9756,43.54695],[6.96209,43.54011],[6.9452,43.52725],[6.94089,43.51246],[6.94955,43.50788],[6.94899,43.50739],[6.95381,43.50462],[6.9543,43.50011],[6.92508,43.47276],[6.92037,43.44901],[6.89824,43.438],[6.89403,43.42763],[6.87107,43.42609],[6.86967,43.43205],[6.86656,43.43546],[6.86296,43.43936],[6.85799,43.43618],[6.8561,43.42873],[6.86014,43.41587],[6.84667,43.41258],[6.83483,43.41581],[6.81884,43.41607],[6.78305,43.40863],[6.77297,43.41845],[6.75709,43.42269],[6.7465,43.41791],[6.73115,43.40785],[6.73282,43.38208],[6.71778,43.36689],[6.71784,43.3506],[6.69393,43.34837],[6.67457,43.34638],[6.66603,43.3332],[6.66131,43.32233],[6.65203,43.31493],[6.62463,43.29591],[6.59724,43.28401],[6.59089,43.2689],[6.61167,43.26429],[6.67236,43.2762],[6.69337,43.27297],[6.69802,43.26546],[6.68539,43.24804],[6.66836,43.23954],[6.6654,43.22129],[6.67198,43.21361],[6.6798,43.20155],[6.6604,43.19041],[6.64039,43.18183],[6.62916,43.17988],[6.60987,43.17341],[6.59946,43.17499],[6.59547,43.17988],[6.59327,43.18773],[6.58128,43.18437],[6.56372,43.18445],[6.53991,43.1822],[6.53643,43.17254],[6.52671,43.16057],[6.50568,43.15097],[6.47916,43.15606],[6.45133,43.15272],[6.42202,43.15234],[6.40168,43.14694],[6.37854,43.13608],[6.36608,43.11863],[6.36988,43.10552],[6.37537,43.09084],[6.34226,43.09076],[6.32887,43.09992],[6.32569,43.10419],[6.3062,43.10941],[6.28037,43.11867],[6.25347,43.12087],[6.2197,43.11655],[6.1932,43.10877],[6.17866,43.10286],[6.16293,43.0926],[6.15317,43.07197],[6.15277,43.04811],[6.17133,43.04232],[6.18542,43.04544],[6.18007,43.03592],[6.15446,43.03375],[6.09769,43.03126],[6.08852,43.03485],[6.10303,43.04078],[6.11925,43.04515],[6.13207,43.05264],[6.12909,43.07136],[6.10966,43.08432],[6.09193,43.0829],[6.04452,43.07821],[6.02701,43.0782],[6.01652,43.09894],[5.99173,43.10235],[5.95865,43.10217],[5.93409,43.11359],[5.93653,43.11945],[5.93824,43.1291],[5.94093,43.13402],[5.92449,43.13434],[5.90854,43.13129],[5.87941,43.12043],[5.89625,43.11542],[5.91061,43.0932],[5.92725,43.0876],[5.95138,43.07998],[5.94029,43.07091],[5.91721,43.07274],[5.88796,43.07223],[5.87534,43.06879],[5.85661,43.04483],[5.81896,43.05347],[5.79024,43.06993],[5.78187,43.07912],[5.8029,43.08889],[5.81809,43.09909],[5.81146,43.10673],[5.80056,43.11185],[5.78341,43.1146],[5.78084,43.12333],[5.77613,43.13081],[5.76056,43.13198],[5.74101,43.13206],[5.6963,43.14688],[5.68767,43.16885],[5.67392,43.17989],[5.65522,43.18559],[5.63421,43.18723],[5.6229,43.17673],[5.61242,43.16043],[5.58826,43.16798],[5.57271,43.16915],[5.55897,43.18158],[5.54725,43.19386],[5.53784,43.20739],[5.52495,43.21263],[5.51434,43.20774],[5.50418,43.20566],[5.45983,43.20852],[5.43975,43.20765],[5.40952,43.21129],[5.39531,43.21234],[5.37034,43.20786],[5.34698,43.2159],[5.3506,43.23359],[5.35377,43.2438],[5.36085,43.25397],[5.36915,43.27041],[5.35734,43.28034],[5.35597,43.29206],[5.35182,43.29792],[5.33888,43.33429],[5.29417,43.35547],[5.23828,43.32804],[5.16324,43.32931],[5.12517,43.32577],[5.06479,43.32802],[5.03402,43.33548],[5.01394,43.35792],[5.00557,43.38163],[5.02613,43.40933],[5.05714,43.42206],[5.14617,43.42206],[5.17384,43.42829],[5.19288,43.43952],[5.21355,43.45783],[5.22633,43.48029],[5.22283,43.50397],[5.19361,43.48994],[5.16554,43.48249],[5.13998,43.48579],[5.11842,43.50397],[5.1115,43.51935],[5.11085,43.5279],[5.10572,43.53303],[5.08497,43.53815],[5.0774,43.53889],[5.05372,43.53815],[5.04957,43.54145],[5.03533,43.55573],[5.02914,43.55858],[5.02231,43.55219],[5.01588,43.53876],[5.011,43.52509],[5.00929,43.51765],[5.01466,43.49872],[5.02369,43.49046],[5.03582,43.48558],[5.0503,43.47671],[5.06227,43.45165],[5.05112,43.42927],[5.0276,43.41698],[4.99847,43.4147],[4.98308,43.41706],[4.92848,43.44013],[4.90317,43.43163],[4.89259,43.42536],[4.86817,43.42145],[4.85841,43.41523],[4.85027,43.40143],[4.85499,43.39619],[4.86489,43.3779],[4.86753,43.36511],[4.90101,43.36697],[4.87719,43.35078],[4.85578,43.34178],[4.85082,43.35893],[4.83326,43.38198],[4.79176,43.39912],[4.75782,43.42235],[4.74244,43.44872],[4.74497,43.50739],[4.74244,43.52448],[4.73618,43.5395],[4.72584,43.55679],[4.71192,43.57152],[4.69459,43.57909],[4.69459,43.5729],[4.72438,43.5384],[4.72877,43.5279],[4.72877,43.4562],[4.74252,43.42255],[4.7697,43.40192],[4.80006,43.38605],[4.82302,43.36717],[4.82028,43.34636],[4.79125,43.34522],[4.66589,43.34754],[4.59234,43.35989],[4.56629,43.37109],[4.56554,43.38795],[4.5857,43.40424],[4.58804,43.41689],[4.57959,43.43007],[4.55521,43.44327],[4.51303,43.4558],[4.40942,43.44774],[4.2059,43.45991],[4.18165,43.46377],[4.16033,43.4715],[4.13282,43.48705],[4.1172,43.51048],[4.13282,43.53278],[4.1312,43.53624],[4.10532,43.55187],[4.04746,43.55614],[3.9909,43.55085],[3.95297,43.53994],[3.9393,43.53254],[3.73992,43.41283],[3.62216,43.3749],[3.58969,43.35489],[3.51336,43.28107],[3.49236,43.27432],[3.4524,43.28876],[3.4284,43.28547],[3.38543,43.28392],[3.31772,43.26309],[3.24431,43.21943],[3.22755,43.20425],[3.22096,43.19522],[3.20729,43.18663],[3.19589,43.17666],[3.17872,43.16523],[3.16594,43.15241],[3.15447,43.13528],[3.136,43.12104],[3.11402,43.10631],[3.10418,43.0878],[3.09604,43.07258],[3.08603,43.05402],[3.0704,43.02692],[3.06324,43.00837],[3.05608,42.9927],[3.04615,42.96418],[3.03899,42.94278],[3.04184,42.93281],[3.0547,42.92711],[3.05608,42.90713],[3.04754,42.84724],[3.04046,42.79019],[3.03899,42.75027],[3.0433,42.7246],[3.03761,42.68321],[3.04184,42.62906],[3.04615,42.58767],[3.05185,42.55488],[3.06609,42.54206],[3.08749,42.53494],[3.11459,42.53063],[3.13738,42.52493],[3.14593,42.51496],[3.14593,42.50353],[3.14308,42.49213],[3.15024,42.48216],[3.16025,42.47504],[3.17587,42.45649],[3.18157,42.43509],[3.17872,42.418],[3.17018,42.39659],[3.17449,42.38089],[3.17449,42.3638],[3.18735,42.34951],[3.20419,42.33959],[3.22649,42.34252],[3.24985,42.34321],[3.26303,42.32921],[3.26987,42.32921],[3.28061,42.33686],[3.29371,42.33499],[3.31772,42.32298],[3.29404,42.28803],[3.29038,42.27806],[3.28704,42.26293],[3.27939,42.25564],[3.27036,42.25011],[3.26303,42.23985],[3.24716,42.24571],[3.21013,42.23973],[3.17872,42.2497],[3.17018,42.25967],[3.15162,42.25682],[3.1303,42.23973],[3.11883,42.21833],[3.11744,42.18285],[3.11647,42.15843],[3.12249,42.14049],[3.1386,42.12763],[3.17311,42.11201],[3.1923,42.09292],[3.2145,42.06833],[3.21301,42.05599],[3.19986,42.04619],[3.1959,42.03312],[3.20159,42.01744],[3.20696,41.99669],[3.20786,41.99002],[3.21184,41.98461],[3.23056,41.97301],[3.23569,41.96552],[3.23219,41.94603],[3.20745,41.91393],[3.19492,41.88829],[3.17856,41.87523],[3.15017,41.84535],[3.11683,41.84757],[3.07863,41.82662],[3.06906,41.79908],[3.04034,41.78689],[2.95094,41.73428],[2.93299,41.71246],[2.90087,41.70671],[2.87725,41.70196],[2.85108,41.69717],[2.84018,41.69465],[2.83546,41.69257],[2.82016,41.68195],[2.81707,41.67764],[2.81316,41.67031],[2.80372,41.66865],[2.792,41.66901],[2.7785,41.64558],[2.65187,41.60529],[2.44947,41.53522],[2.42897,41.51895],[2.37135,41.4892],[2.29672,41.46532],[2.26734,41.44864],[2.24041,41.42097],[2.19191,41.35676],[2.16326,41.32665],[2.13054,41.30366],[2.06031,41.2746],[2.0197,41.26586],[1.95135,41.26069],[1.88413,41.2475],[1.86378,41.2381],[1.85401,41.23599],[1.81983,41.23713],[1.62436,41.19217],[1.53924,41.18745],[1.2881,41.11628],[1.21778,41.10468],[1.21005,41.09988],[1.19247,41.076],[1.18865,41.0683],[1.1836,41.06257],[1.17294,41.05866],[1.1491,41.06965],[1.14169,41.07172],[1.09767,41.07087],[1.05567,41.06489],[1.01743,41.05178],[0.99041,41.0397],[0.87745,40.95478],[0.82276,40.8996],[0.7142,40.81521],[0.69483,40.786],[0.72153,40.77428],[0.75017,40.76557],[0.76238,40.76606],[0.76726,40.77102],[0.76352,40.77839],[0.75017,40.786],[0.76694,40.78502],[0.78053,40.77949],[0.792,40.77119],[0.81593,40.7484],[0.84181,40.73212],[0.85418,40.73314],[0.87371,40.72793],[0.87241,40.7071],[0.85808,40.68627],[0.84832,40.67536],[0.78403,40.66096],[0.75636,40.64224],[0.70704,40.5834],[0.67709,40.56517],[0.64796,40.55691],[0.6159,40.55345],[0.59246,40.5821],[0.64064,40.58686],[0.66318,40.57473],[0.69622,40.59036],[0.73268,40.63373],[0.71249,40.63618],[0.68222,40.63422],[0.59978,40.61371],[0.58017,40.60366],[0.56349,40.59003],[0.54851,40.57233],[0.51743,40.51435],[0.50131,40.4842],[0.48341,40.46503],[0.46616,40.45067],[0.45265,40.43407],[0.44614,40.40843],[0.42026,40.38825],[0.3506,40.2849],[0.33896,40.27436],[0.3121,40.25751],[0.29884,40.24677],[0.26474,40.20978],[0.20525,40.17154],[0.14454,40.07884],[0.11704,40.05634],[0.06617,40.03193],[0.0405,40.00288],[-0.00292,39.93195],[-0.02868,39.9018],[-0.0913,39.84793],[-0.19449,39.71544],[-0.19982,39.70494],[-0.20214,39.68085],[-0.20893,39.66409],[-0.21984,39.65139],[-0.24372,39.63105],[-0.25744,39.61624],[-0.26956,39.5987],[-0.27489,39.58181],[-0.28148,39.56936],[-0.31273,39.534],[-0.32335,39.51622],[-0.33059,39.48041],[-0.32747,39.43067],[-0.32067,39.38813],[-0.30134,39.32201],[-0.2387,39.21545],[-0.22782,39.19934],[-0.21549,39.18184],[-0.22786,39.17524],[-0.24218,39.16628],[-0.23651,39.14805],[-0.2267,39.11178],[-0.21003,39.07869],[-0.18404,39.04226],[-0.15803,39.00214],[-0.12068,38.95112],[-0.10595,38.93651],[-0.06859,38.9134],[-0.031,38.88276],[-0.00976,38.8697],[0.01743,38.86433],[0.06308,38.86079],[0.11101,38.84992],[0.15398,38.831],[0.18531,38.80353],[0.181,38.80191],[0.17091,38.79609],[0.18287,38.79182],[0.19077,38.78522],[0.21787,38.76813],[0.22771,38.77021],[0.23406,38.75788],[0.23455,38.74225],[0.22771,38.73456],[0.20899,38.73371],[0.19207,38.73041],[0.17677,38.72403],[0.16261,38.71353],[0.15089,38.69245],[0.14894,38.68993],[0.14503,38.68635],[0.12574,38.68549],[0.11858,38.68281],[0.10532,38.67255],[0.09368,38.66763],[0.08302,38.66096],[0.07313,38.64521],[0.08058,38.63101],[0.06044,38.63483],[0.04664,38.63223],[0.03338,38.62739],[0.01503,38.62474],[-0.01476,38.62442],[-0.0288,38.62067],[-0.04296,38.61172],[-0.05476,38.59528],[-0.05508,38.58076],[-0.05362,38.56696],[-0.06005,38.55272],[-0.07543,38.53994],[-0.0902,38.53535],[-0.13174,38.53535],[-0.17699,38.52725],[-0.20214,38.5196],[-0.23396,38.50165],[-0.32942,38.47004],[-0.34455,38.46162],[-0.35082,38.45002],[-0.35871,38.44595],[-0.39517,38.41376],[-0.40608,38.39887],[-0.41015,38.37934],[-0.40998,38.36896],[-0.41369,38.36481],[-0.44587,38.36343],[-0.46019,38.36005],[-0.47057,38.35187],[-0.47435,38.33674],[-0.50984,38.33836],[-0.51879,38.29865],[-0.50402,38.20722],[-0.51545,38.1955],[-0.53287,38.19217],[-0.56884,38.1942],[-0.59138,38.18964],[-0.60949,38.17805],[-0.62369,38.16242],[-0.63439,38.14582],[-0.64074,38.13166],[-0.64501,38.11603],[-0.64802,38.0738],[-0.6525,38.00776],[-0.65453,37.98933],[-0.6634,37.98029],[-0.68993,37.97215],[-0.70885,37.95628],[-0.71841,37.94302],[-0.75862,37.86335],[-0.76073,37.84707],[-0.76057,37.84585],[-0.75609,37.80606],[-0.76073,37.79613],[-0.78799,37.82282],[-0.81241,37.77009],[-0.82555,37.76138],[-0.84781,37.75609],[-0.85611,37.7425],[-0.85261,37.72378],[-0.81981,37.6767],[-0.80993,37.6669],[-0.7777,37.65009],[-0.75479,37.6413],[-0.73485,37.63935],[-0.72647,37.65152],[-0.708,37.64301],[-0.70124,37.63133],[-0.70531,37.61953],[-0.71972,37.61054],[-0.72789,37.60342],[-0.73664,37.59943],[-0.74568,37.59943],[-0.75451,37.60432],[-0.76403,37.5996],[-0.79149,37.59146],[-0.80797,37.58845],[-0.83642,37.5764],[-0.87389,37.5764],[-0.88671,37.57429],[-0.90062,37.56904],[-0.92516,37.55589],[-0.93371,37.56102],[-0.9735,37.5764],[-1.00642,37.58145],[-1.06994,37.58259],[-1.08776,37.58088],[-1.10342,37.5764],[-1.11465,37.56867],[-1.11998,37.55903],[-1.11685,37.54938],[-1.10577,37.53213],[-1.13717,37.538],[-1.16706,37.54376],[-1.17341,37.55508],[-1.17859,37.56388],[-1.19973,37.56656],[-1.22899,37.57608],[-1.2427,37.5792],[-1.25767,37.56701],[-1.26167,37.55766],[-1.28978,37.55842],[-1.32374,37.56199],[-1.35326,37.54991],[-1.36917,37.54137],[-1.41369,37.50654],[-1.43037,37.49811],[-1.45023,37.4947],[-1.45556,37.4927],[-1.46349,37.48798],[-1.4709,37.48225],[-1.47411,37.47761],[-1.47667,37.47272],[-1.48729,37.43976],[-1.48835,37.43321],[-1.49694,37.4278],[-1.5028,37.42927],[-1.50817,37.43268],[-1.515,37.43321],[-1.52392,37.42866],[-1.54373,37.41498],[-1.55297,37.41218],[-1.56774,37.40994],[-1.61872,37.39228],[-1.64162,37.38104],[-1.64591,37.36925],[-1.65284,37.36126],[-1.67089,37.36331],[-1.68017,37.35444],[-1.68578,37.33698],[-1.69896,37.31643],[-1.72851,37.28242],[-1.78722,37.23522],[-1.81273,37.20706],[-1.83035,37.16637],[-1.83776,37.13162],[-1.84984,37.10444],[-1.85521,37.07661],[-1.885,37.01549],[-1.90612,36.98762],[-1.90697,36.97529],[-1.90416,36.96638],[-1.9005,36.95877],[-1.89867,36.95006],[-1.90034,36.94119],[-1.90522,36.93598],[-1.91287,36.93354],[-1.93529,36.9322],[-1.9414,36.92988],[-1.95385,36.91995],[-1.98892,36.9005],[-2.0028,36.88703],[-2.01305,36.84577],[-2.02477,36.83377],[-2.04048,36.82433],[-2.05687,36.81009],[-2.06074,36.80244],[-2.06591,36.78356],[-2.07116,36.77534],[-2.08031,36.77062],[-2.09142,36.76826],[-2.10082,36.76516],[-2.11107,36.74612],[-2.1267,36.7364],[-2.14672,36.72993],[-2.16613,36.72757],[-2.20364,36.73713],[-2.23168,36.76008],[-2.25613,36.78738],[-2.28279,36.81009],[-2.31835,36.82791],[-2.33914,36.83426],[-2.36168,36.83678],[-2.38024,36.83377],[-2.41271,36.82001],[-2.43309,36.81627],[-2.44233,36.8183],[-2.46939,36.82774],[-2.48143,36.82994],[-2.56078,36.81879],[-2.57689,36.81131],[-2.59671,36.7731],[-2.61718,36.72842],[-2.64269,36.70702],[-2.64757,36.70417],[-2.65888,36.69481],[-2.68436,36.68598],[-2.71825,36.68203],[-2.7362,36.6874],[-2.75666,36.68037],[-2.78295,36.69461],[-2.8026,36.7073],[-2.82099,36.71389],[-2.82999,36.71174],[-2.83906,36.70242],[-2.84826,36.70022],[-2.85875,36.70494],[-2.8861,36.7344],[-2.91397,36.75031],[-2.93326,36.75165],[-2.98772,36.73711],[-3.07645,36.74976],[-3.15671,36.74453],[-3.22789,36.75483],[-3.32958,36.7449],[-3.34439,36.73692],[-3.35831,36.72594],[-3.37877,36.71389],[-3.41515,36.69552],[-3.4776,36.6961],[-3.51596,36.72105],[-3.53606,36.71841],[-3.54983,36.71237],[-3.5864,36.72658],[-3.6011,36.74255],[-3.63242,36.74128],[-3.66567,36.73937],[-3.67982,36.72881],[-3.73128,36.7241],[-3.80343,36.74247],[-3.83854,36.75197],[-3.88944,36.74339],[-3.96096,36.72679],[-4.05671,36.74799],[-4.07996,36.74356],[-4.11017,36.72573],[-4.19701,36.7154],[-4.22472,36.71239],[-4.40319,36.72386],[-4.42032,36.71988],[-4.43326,36.71068],[-4.46117,36.67145],[-4.46687,36.66303],[-4.48046,36.65119],[-4.49112,36.63666],[-4.49535,36.62055],[-4.52483,36.58072],[-4.5878,36.57382],[-4.61502,36.53056],[-4.64981,36.51211],[-4.65925,36.50764],[-4.68029,36.5008],[-4.72277,36.49299],[-4.76423,36.49396],[-4.88032,36.50568],[-4.90266,36.50654],[-4.91218,36.50401],[-4.92353,36.49685],[-4.99417,36.45709],[-5.06249,36.45222],[-5.10871,36.42902],[-5.12104,36.42556],[-5.15762,36.42194],[-5.17365,36.41743],[-5.18655,36.4112],[-5.19966,36.39716],[-5.22712,36.35794],[-5.22794,36.34854],[-5.2447,36.31208],[-5.25365,36.29711],[-5.25862,36.29255],[-5.26594,36.2871],[-5.27412,36.28254],[-5.2906,36.27741],[-5.2895,36.26984],[-5.28531,36.26081],[-5.29662,36.24738],[-5.32934,36.19815],[-5.33406,36.18781],[-5.33991,36.12983],[-5.33906,36.12385],[-5.34203,36.1105],[-5.35025,36.11929],[-5.36661,36.16315],[-5.38252,36.17231],[-5.40608,36.17923],[-5.42545,36.17975],[-5.4287,36.16999],[-5.4379,36.16149],[-5.44233,36.14879],[-5.44148,36.13455],[-5.43489,36.12153],[-5.43989,36.1142],[-5.43716,36.0987],[-5.43163,36.08893],[-5.4287,36.0808],[-5.43183,36.06957],[-5.43863,36.06281],[-5.44551,36.05744],[-5.4665,36.05073],[-5.5666,36.02163],[-5.581,36.01398],[-5.61177,36.00646],[-5.62971,36.03677],[-5.6717,36.05598],[-5.68936,36.06712],[-5.71312,36.05996],[-5.73388,36.06566],[-5.75365,36.07559],[-5.79605,36.08552],[-5.81127,36.09683],[-5.83275,36.12238],[-5.8979,36.1739],[-5.91719,36.18407],[-5.93895,36.18382],[-5.98355,36.17699],[-6.03677,36.18952],[-6.06249,36.21723],[-6.08218,36.25068],[-6.10473,36.28071],[-6.15945,36.30431],[-6.16596,36.31871],[-6.16853,36.33531],[-6.1752,36.35358],[-6.18419,36.37071],[-6.21837,36.40245],[-6.24205,36.44648],[-6.25711,36.47643],[-6.27961,36.5113],[-6.30142,36.52599],[-6.31001,36.53413],[-6.29768,36.53876],[-6.28938,36.5373],[-6.25752,36.51378],[-6.24897,36.50475],[-6.2541,36.49628],[-6.24665,36.48664],[-6.23148,36.47268],[-6.21906,36.47496],[-6.2115,36.48054],[-6.20075,36.49384],[-6.17935,36.51354],[-6.18647,36.51423],[-6.20682,36.5089],[-6.22435,36.51085],[-6.23245,36.52619],[-6.22602,36.55667],[-6.23489,36.57575],[-6.28319,36.61237],[-6.29385,36.61685],[-6.36172,36.62055],[-6.37979,36.62425],[-6.39468,36.63691],[-6.40697,36.6767],[-6.41763,36.69595],[-6.43155,36.71459],[-6.4379,36.7333],[-6.43334,36.75121],[-6.41454,36.76765],[-6.39631,36.77509],[-6.35888,36.78583],[-6.34561,36.79499],[-6.33519,36.81826],[-6.34374,36.85993],[-6.33821,36.88373],[-6.30435,36.90721],[-6.22326,36.90233],[-6.19481,36.93211],[-6.21402,36.9217],[-6.23965,36.9134],[-6.26504,36.91291],[-6.28356,36.92593],[-6.32592,36.91267],[-6.34472,36.90127],[-6.35245,36.88028],[-6.34667,36.81989],[-6.35245,36.80858],[-6.38801,36.80817],[-6.41625,36.8378],[-6.44864,36.9042],[-6.4711,36.93561],[-6.49958,36.95966],[-6.74486,37.10139],[-6.77147,37.11278],[-6.79467,37.11774],[-6.81176,37.12372],[-6.85302,37.15111],[-6.87328,37.15868],[-6.89289,37.16657],[-6.91088,37.18895],[-6.91763,37.21507],[-6.91076,37.22761],[-6.89875,37.23579],[-6.86413,37.27753],[-6.85269,37.29523],[-6.90347,37.24958],[-6.93114,37.23387],[-6.96255,37.23383],[-6.96255,37.22761],[-6.94074,37.20067],[-6.93008,37.18317],[-6.92846,37.17235],[-6.94164,37.17109],[-7.02937,37.20551],[-7.06168,37.21393],[-7.10104,37.22425],[-7.12735,37.21475],[-7.09899,37.2119],[-7.08556,37.20649],[-7.32787,37.20156],[-7.34309,37.19623],[-7.3629,37.18171],[-7.38142,37.17992],[-7.39851,37.18545],[-7.41442,37.19282],[-7.41149,37.18793],[-7.40941,37.18374],[-7.4064,37.18049],[-7.40022,37.17853],[-7.40022,37.17235],[-7.40762,37.16486],[-7.42431,37.17503],[-7.44571,37.17963],[-7.46866,37.18032],[-7.49014,37.17853],[-7.51179,37.17178],[-7.55224,37.14924],[-7.569,37.14444],[-7.62735,37.11396],[-7.63516,37.10541],[-7.78661,37.02269],[-7.81957,36.99872],[-7.83406,36.99893],[-7.8496,37.00438],[-7.87072,37.00788],[-7.93244,37.00853],[-7.94953,37.01411],[-7.95812,37.00263],[-7.96882,37.00373],[-7.9816,37.01008],[-7.9912,37.01411],[-7.98135,37.0017],[-7.9781,36.99535],[-7.9768,36.98676],[-7.99926,37.01325],[-8.03527,37.0375],[-8.10656,37.06928],[-8.14748,37.07653],[-8.17915,37.0881],[-8.2129,37.08691],[-8.2932,37.0777],[-8.32738,37.08739],[-8.36538,37.098],[-8.39521,37.08714],[-8.43883,37.08273],[-8.48226,37.09575],[-8.48425,37.09416],[-8.53746,37.11782],[-8.58015,37.12397],[-8.62678,37.12116],[-8.64159,37.11774],[-8.65465,37.1103],[-8.68627,37.08295],[-8.74767,37.08295],[-8.75967,37.08027],[-8.78555,37.06721],[-8.79857,37.06249],[-8.81371,37.06159],[-8.83722,37.05659],[-8.85916,37.0408],[-8.87892,37.04721],[-8.89696,37.03278],[-8.9051,37.02774],[-8.9156,37.0246],[-8.93562,37.01097],[-8.94603,37.00788],[-8.96117,37.0124],[-8.97208,37.02119],[-8.9829,37.0266],[-8.99787,37.02147],[-8.99104,37.04951],[-8.98559,37.06338],[-8.98078,37.06928],[-8.94179,37.11871],[-8.92691,37.14614],[-8.91356,37.16991],[-8.92272,37.19965],[-8.90465,37.2132],[-8.88136,37.23248],[-8.86709,37.27672],[-8.87492,37.29412],[-8.88277,37.30993],[-8.86668,37.33515],[-8.83866,37.36032],[-8.83336,37.38459],[-8.81599,37.41791],[-8.80406,37.46279],[-8.79786,37.4896],[-8.7955,37.53536],[-8.80131,37.55906],[-8.81114,37.5749],[-8.82437,37.58755],[-8.82653,37.60057],[-8.81286,37.64468],[-8.80826,37.67202],[-8.79931,37.69758],[-8.78621,37.70261],[-8.75764,37.70673],[-8.75219,37.73078],[-8.75219,37.73456],[-8.76183,37.72777],[-8.78406,37.72313],[-8.80871,37.72289],[-8.81701,37.7403],[-8.80958,37.79123],[-8.79718,37.84487],[-8.79896,37.87809],[-8.80481,37.90187],[-8.82067,37.92727],[-8.85387,37.93228],[-8.89485,37.95254],[-8.89004,37.96092],[-8.88317,37.9645],[-8.8754,37.96735],[-8.8675,37.97362],[-8.81568,38.06212],[-8.79699,38.13325],[-8.7744,38.18695],[-8.77795,38.24069],[-8.78547,38.30391],[-8.79507,38.35923],[-8.82094,38.39882],[-8.84679,38.42007],[-8.87829,38.44916],[-8.91466,38.47285],[-8.94262,38.48139],[-8.92732,38.4938],[-8.90453,38.4864],[-8.8675,38.46088],[-8.82185,38.44855],[-8.80016,38.43911],[-8.79857,38.42609],[-8.75699,38.42731],[-8.65689,38.40595],[-8.6068,38.41869],[-8.63683,38.42015],[-8.66275,38.42451],[-8.73615,38.45185],[-8.74503,38.46027],[-8.7508,38.47394],[-8.75251,38.48798],[-8.75088,38.50064],[-8.74576,38.51008],[-8.73717,38.51488],[-8.73717,38.52237],[-8.75145,38.52643],[-8.76122,38.53807],[-8.76423,38.55207],[-8.75764,38.5633],[-8.77335,38.56533],[-8.79296,38.5336],[-8.81286,38.52855],[-8.81286,38.52237],[-8.79064,38.51992],[-8.78026,38.50544],[-8.78002,38.48908],[-8.7884,38.48139],[-8.81233,38.48286],[-8.83226,38.48705],[-8.8675,38.50186],[-8.90583,38.5124],[-8.95489,38.50514],[-8.99977,38.46425],[-8.99186,38.45948],[-9.0486,38.44067],[-9.14566,38.43138],[-9.16591,38.42509],[-9.18214,38.41562],[-9.20036,38.41248],[-9.22619,38.4184],[-9.23062,38.41869],[-9.234,38.42422],[-9.23375,38.43146],[-9.23107,38.43769],[-9.2272,38.44038],[-9.21996,38.44904],[-9.19003,38.47253],[-9.18387,38.50413],[-9.18379,38.55154],[-9.20807,38.59742],[-9.23846,38.63541],[-9.25267,38.66548],[-9.2344,38.67336],[-9.18768,38.67801],[-9.14504,38.68107],[-9.12413,38.67097],[-9.11392,38.65888],[-9.10774,38.65888],[-9.11392,38.67939],[-9.09887,38.68561],[-9.06729,38.69233],[-9.0524,38.69367],[-9.0524,38.6999],[-9.03743,38.71394],[-9.02117,38.72653],[-8.99271,38.74381],[-8.95686,38.76813],[-8.95295,38.77025],[-8.94713,38.77424],[-8.94262,38.77558],[-8.94262,38.78172],[-8.95263,38.79491],[-8.96426,38.81485],[-8.97029,38.83544],[-8.96312,38.85065],[-8.98632,38.84943],[-8.99682,38.86555],[-9.00259,38.88984],[-9.01155,38.9134],[-8.96911,38.98395],[-8.94323,39.0152],[-8.90844,39.03628],[-8.88842,39.04011],[-8.84553,39.04291],[-8.82653,39.04926],[-8.79035,39.07062],[-8.79035,39.07062],[-8.77465,39.08344],[-8.76513,39.09772],[-8.79174,39.08242],[-8.83642,39.05671],[-8.92272,39.04926],[-8.93586,39.04072],[-8.95507,39.01219],[-9.00353,38.95775],[-9.05891,38.87141],[-9.08967,38.84357],[-9.10025,38.83023],[-9.10656,38.81379],[-9.10422,38.79482],[-9.10226,38.76159],[-9.09825,38.73786],[-9.1125,38.71418],[-9.16329,38.70167],[-9.22017,38.6939],[-9.28521,38.69876],[-9.30349,38.6877],[-9.32178,38.67032],[-9.36059,38.68952],[-9.40477,38.70409],[-9.42919,38.70726],[-9.47167,38.70246],[-9.49169,38.70759],[-9.49128,38.72773],[-9.48473,38.7447],[-9.49747,38.78823],[-9.49747,38.80976],[-9.49193,38.81924],[-9.47989,38.83076],[-9.4555,38.85047],[-9.42272,38.9314],[-9.42536,38.99164],[-9.43663,39.02949],[-9.42665,39.05172],[-9.42255,39.07863],[-9.3837,39.13403],[-9.37142,39.16092],[-9.35086,39.19731],[-9.34678,39.23523],[-9.34059,39.26683],[-9.35407,39.31623],[-9.36583,39.336],[-9.40176,39.36522],[-9.40929,39.37519],[-9.39782,39.378],[-9.35292,39.36793],[-9.27924,39.40582],[-9.2608,39.41844],[-9.24031,39.42],[-9.22789,39.40843],[-9.2176,39.4062],[-9.20592,39.41547],[-9.21353,39.42862],[-9.22989,39.44074],[-9.21365,39.46104],[-9.19109,39.48154],[-9.18287,39.49258],[-9.16441,39.50202],[-9.13569,39.51618],[-9.1213,39.5351],[-9.11101,39.55088],[-9.09043,39.57927],[-9.08834,39.59666],[-9.09034,39.61564],[-9.07795,39.64248],[-9.07169,39.68044],[-8.99303,39.84317],[-8.86815,40.12482],[-8.85326,40.13923],[-8.84162,40.12596],[-8.82506,40.12006],[-8.78498,40.11872],[-8.78498,40.12617],[-8.8011,40.13793],[-8.81615,40.14655],[-8.83361,40.15168],[-8.87938,40.15624],[-8.89647,40.16474],[-8.90661,40.17939],[-8.90844,40.20067],[-8.89574,40.22875],[-8.86539,40.27546],[-8.79857,40.47443],[-8.78486,40.53682],[-8.76579,40.58254],[-8.753,40.64081],[-8.75036,40.64395],[-8.74462,40.64692],[-8.74397,40.6258],[-8.74462,40.61905],[-8.72468,40.64452],[-8.71028,40.65347],[-8.69616,40.64692],[-8.69001,40.64692],[-8.69001,40.65314],[-8.69237,40.65571],[-8.6964,40.66132],[-8.6988,40.66795],[-8.69616,40.67365],[-8.68639,40.67792],[-8.68078,40.67499],[-8.67687,40.66966],[-8.67199,40.66682],[-8.6621,40.66987],[-8.65364,40.67719],[-8.64159,40.69416],[-8.65746,40.7014],[-8.66633,40.7132],[-8.66364,40.72407],[-8.64493,40.72891],[-8.62182,40.73066],[-8.60387,40.73579],[-8.58837,40.74421],[-8.57266,40.75556],[-8.58951,40.75471],[-8.61474,40.74494],[-8.63598,40.7416],[-8.63988,40.74006],[-8.64538,40.73973],[-8.66845,40.74746],[-8.67569,40.75556],[-8.68371,40.78311],[-8.64558,40.82368],[-8.65526,40.84492],[-8.65697,40.82856],[-8.6632,40.81493],[-8.67052,40.81118],[-8.67569,40.82445],[-8.68981,40.8041],[-8.70055,40.77798],[-8.70739,40.75031],[-8.70983,40.72517],[-8.71426,40.70905],[-8.72509,40.68598],[-8.73843,40.6645],[-8.7508,40.65314],[-8.6551,40.9938],[-8.65526,41.0305],[-8.6671,41.09756],[-8.66613,41.13276],[-8.64835,41.14663],[-8.64835,41.15278],[-8.68578,41.15949],[-8.70519,41.18692],[-8.71837,41.2215],[-8.73717,41.24966],[-8.73229,41.26293],[-8.73461,41.27407],[-8.74006,41.28498],[-8.74462,41.29743],[-8.74446,41.32811],[-8.74913,41.3378],[-8.75613,41.34054],[-8.76032,41.3509],[-8.76403,41.36131],[-8.77815,41.37934],[-8.7838,41.39387],[-8.78377,41.40611],[-8.78556,41.43488],[-8.77485,41.46834],[-8.78647,41.49107],[-8.78826,41.5118],[-8.79273,41.52584],[-8.79542,41.54255],[-8.80834,41.57294],[-8.81286,41.5954],[-8.81949,41.61188],[-8.82045,41.6301],[-8.8286,41.64816],[-8.83051,41.67159],[-8.82706,41.68281],[-8.80468,41.68928],[-8.74328,41.69697],[-8.72594,41.70311],[-8.71003,41.71186],[-8.69616,41.72199],[-8.80687,41.69697],[-8.82999,41.69465],[-8.84288,41.69579],[-8.86111,41.70437],[-8.88031,41.73686],[-8.88032,41.76553],[-8.87204,41.81057],[-8.8789,41.83902],[-8.87475,41.84955],[-8.8675,41.85912],[-8.79662,41.90331],[-8.76277,41.93195],[-8.7508,41.96898],[-8.76195,41.95258],[-8.77709,41.93716],[-8.7954,41.92569],[-8.81599,41.92121],[-8.83283,41.91397],[-8.84878,41.89948],[-8.86465,41.8889],[-8.88126,41.8933],[-8.87873,41.90713],[-8.89859,42.10175],[-8.8955,42.11909],[-8.88459,42.12604],[-8.84496,42.12661],[-8.82653,42.13052],[-8.81908,42.13972],[-8.82372,42.14761],[-8.84276,42.15445],[-8.84699,42.16083],[-8.84203,42.16429],[-8.81599,42.17451],[-8.81347,42.1787],[-8.81102,42.18814],[-8.80578,42.1975],[-8.79524,42.20173],[-8.79064,42.20454],[-8.77196,42.22224],[-8.71955,42.25235],[-8.70645,42.25642],[-8.70189,42.25853],[-8.66991,42.28091],[-8.65201,42.28632],[-8.63174,42.29682],[-8.62515,42.30195],[-8.62165,42.31021],[-8.62165,42.34081],[-8.62271,42.34748],[-8.62645,42.34833],[-8.63476,42.34638],[-8.64989,42.3356],[-8.66076,42.3168],[-8.67479,42.29902],[-8.69957,42.29116],[-8.71984,42.28758],[-8.77392,42.26899],[-8.78498,42.26008],[-8.79577,42.25825],[-8.8483,42.26097],[-8.8675,42.25642],[-8.86364,42.26899],[-8.85342,42.29108],[-8.85326,42.30484],[-8.84699,42.30484],[-8.833,42.28913],[-8.82722,42.2967],[-8.82653,42.32905],[-8.82852,42.33723],[-8.83072,42.34162],[-8.82726,42.34414],[-8.81286,42.34638],[-8.77693,42.34016],[-8.77196,42.34272],[-8.76464,42.3557],[-8.72688,42.38874],[-8.70983,42.40038],[-8.67687,42.41645],[-8.66251,42.42691],[-8.65526,42.44135],[-8.66438,42.43797],[-8.67252,42.43842],[-8.68253,42.44135],[-8.69127,42.44062],[-8.69449,42.43964],[-8.69677,42.43797],[-8.71882,42.42796],[-8.74364,42.41323],[-8.75764,42.40721],[-8.77937,42.4029],[-8.81102,42.4007],[-8.84358,42.40371],[-8.8675,42.4147],[-8.87572,42.42597],[-8.88024,42.44501],[-8.88801,42.45563],[-8.90095,42.461],[-8.93545,42.4654],[-8.94262,42.46931],[-8.93505,42.47907],[-8.91674,42.48762],[-8.89599,42.49388],[-8.88126,42.49657],[-8.86901,42.49339],[-8.86083,42.48501],[-8.86115,42.47557],[-8.87434,42.46931],[-8.86555,42.46503],[-8.85155,42.46076],[-8.83698,42.45893],[-8.82653,42.46186],[-8.8225,42.47236],[-8.82518,42.48412],[-8.82506,42.49494],[-8.81286,42.50275],[-8.82518,42.53742],[-8.82653,42.55463],[-8.82299,42.56953],[-8.81383,42.58145],[-8.80158,42.5893],[-8.7884,42.59219],[-8.7755,42.60472],[-8.73876,42.66608],[-8.73095,42.68842],[-8.73717,42.68842],[-8.74405,42.67243],[-8.7539,42.65689],[-8.76732,42.64517],[-8.78498,42.64057],[-8.80382,42.64594],[-8.81599,42.65851],[-8.82624,42.67414],[-8.83951,42.68244],[-8.8546,42.66157],[-8.857,42.64912],[-8.84699,42.64057],[-8.86876,42.6175],[-8.88052,42.6118],[-8.89485,42.6201],[-8.88948,42.6306],[-8.90343,42.62547],[-8.93639,42.60643],[-8.92223,42.5937],[-8.93399,42.58682],[-8.96988,42.57917],[-8.97277,42.57392],[-8.98078,42.55121],[-8.98917,42.5489],[-8.99706,42.5434],[-9.01155,42.53071],[-9.02636,42.54312],[-9.02855,42.56147],[-9.03336,42.57811],[-9.05582,42.58539],[-9.07087,42.59614],[-9.06574,42.62031],[-9.05142,42.64594],[-9.03881,42.66108],[-9.03946,42.67304],[-9.03628,42.68793],[-9.03014,42.70771],[-9.01879,42.71975],[-9.01403,42.72683],[-9.00626,42.73383],[-8.9945,42.73701],[-8.99201,42.73908],[-8.96312,42.75129],[-8.93737,42.77778],[-8.92223,42.78811],[-8.89826,42.7923],[-8.89135,42.79934],[-8.88492,42.81501],[-8.88768,42.83112],[-8.90844,42.83946],[-8.91259,42.8166],[-8.92809,42.80252],[-8.95104,42.79511],[-8.97737,42.7923],[-9.02819,42.79788],[-9.04894,42.79475],[-9.04564,42.77802],[-9.06867,42.75971],[-9.08129,42.75483],[-9.10025,42.75751],[-9.11343,42.76606],[-9.12011,42.779],[-9.12548,42.79499],[-9.135,42.81277],[-9.12255,42.81261],[-9.11319,42.81635],[-9.10619,42.82331],[-9.10025,42.83328],[-9.10839,42.84483],[-9.12222,42.85175],[-9.14122,42.85745],[-9.14232,42.8653],[-9.14753,42.87861],[-9.14867,42.88447],[-9.14664,42.88837],[-9.13752,42.89606],[-9.135,42.90217],[-9.1337,42.9112],[-9.13451,42.91755],[-9.14143,42.92141],[-9.1586,42.92263],[-9.16788,42.92683],[-9.18346,42.94526],[-9.19587,42.94933],[-9.19587,42.94314],[-9.19001,42.9324],[-9.19579,42.92658],[-9.20519,42.92475],[-9.21007,42.92573],[-9.21434,42.93903],[-9.22423,42.94021],[-9.23559,42.93488],[-9.24425,42.92878],[-9.2517,42.92023],[-9.26171,42.90017],[-9.26842,42.8913],[-9.27306,42.89334],[-9.28295,42.91661],[-9.29198,42.92263],[-9.29198,42.92878],[-9.28539,42.93834],[-9.26476,42.98033],[-9.26399,42.98652],[-9.26183,42.99449],[-9.25866,43.00239],[-9.25479,43.008],[-9.25097,43.01679],[-9.25731,43.02326],[-9.27212,43.03128],[-9.27953,43.055],[-9.27111,43.06049],[-9.25792,43.0609],[-9.25109,43.06977],[-9.24572,43.088],[-9.23396,43.0965],[-9.22232,43.10273],[-9.2176,43.11445],[-9.20295,43.10505],[-9.18981,43.10232],[-9.17683,43.10558],[-9.16226,43.11445],[-9.15689,43.11974],[-9.1542,43.1247],[-9.1503,43.12958],[-9.14122,43.13487],[-9.13313,43.13797],[-9.1258,43.13959],[-9.10774,43.14114],[-9.10774,43.1485],[-9.12466,43.14252],[-9.14708,43.1387],[-9.16332,43.13976],[-9.16226,43.1485],[-9.1942,43.13654],[-9.20836,43.13788],[-9.2176,43.15534],[-9.17007,43.18875],[-9.13793,43.20152],[-9.10041,43.18952],[-9.08316,43.18976],[-9.06517,43.19233],[-9.0524,43.19636],[-9.03978,43.20454],[-9.02697,43.21015],[-9.01675,43.22386],[-9.01155,43.23876],[-9.00406,43.23876],[-8.98575,43.22687],[-8.95897,43.22748],[-8.93253,43.2353],[-8.91527,43.24502],[-8.93639,43.24409],[-8.94815,43.24995],[-8.96312,43.27228],[-8.96752,43.27196],[-8.97981,43.27692],[-8.98803,43.28303],[-8.98078,43.28596],[-8.97086,43.28657],[-8.93049,43.29975],[-8.88801,43.32075],[-8.8566,43.32689],[-8.84911,43.33405],[-8.84118,43.33893],[-8.82999,43.34121],[-8.81701,43.33584],[-8.78555,43.31245],[-8.76854,43.30707],[-8.75048,43.30492],[-8.71174,43.29556],[-8.6931,43.2934],[-8.66539,43.30117],[-8.63003,43.31586],[-8.59252,43.3242],[-8.55842,43.31322],[-8.50597,43.33153],[-8.49755,43.3378],[-8.49425,43.34663],[-8.48607,43.35432],[-8.47598,43.35969],[-8.45572,43.36335],[-8.45141,43.36738],[-8.44896,43.37198],[-8.44302,43.37531],[-8.3883,43.38589],[-8.38467,43.37271],[-8.37572,43.36298],[-8.35359,43.34862],[-8.34081,43.35993],[-8.33727,43.36905],[-8.33991,43.39273],[-8.33072,43.40567],[-8.31062,43.40314],[-8.28156,43.38959],[-8.2672,43.38593],[-8.26081,43.37702],[-8.25707,43.36567],[-8.25056,43.35489],[-8.22753,43.33812],[-8.21727,43.32831],[-8.21019,43.31322],[-8.20246,43.32925],[-8.20295,43.34467],[-8.21019,43.37531],[-8.20962,43.39069],[-8.20482,43.39973],[-8.19396,43.40681],[-8.1754,43.41633],[-8.19506,43.42324],[-8.21329,43.42495],[-8.24714,43.42308],[-8.26476,43.42731],[-8.28873,43.44623],[-8.30517,43.45108],[-8.28649,43.46198],[-8.18562,43.4715],[-8.17878,43.47329],[-8.17146,43.47797],[-8.16698,43.48456],[-8.16857,43.49201],[-8.17345,43.49274],[-8.19652,43.48517],[-8.25731,43.47773],[-8.25365,43.48127],[-8.25088,43.48286],[-8.24372,43.48517],[-8.24755,43.48774],[-8.25731,43.49201],[-8.2692,43.47895],[-8.28897,43.47297],[-8.33312,43.4715],[-8.32535,43.48676],[-8.32169,43.50788],[-8.31664,43.52289],[-8.30517,43.51935],[-8.2921,43.53295],[-8.30016,43.53823],[-8.30822,43.54633],[-8.31322,43.55634],[-8.31265,43.56712],[-8.30871,43.56712],[-8.29133,43.56485],[-8.28466,43.56712],[-8.26098,43.56452],[-8.23225,43.57551],[-8.08666,43.65648],[-8.083,43.64545],[-8.07462,43.63963],[-8.06355,43.63886],[-8.05187,43.64281],[-8.06241,43.64232],[-8.06554,43.64281],[-8.06554,43.64907],[-8.06127,43.65095],[-8.05647,43.65424],[-8.05187,43.65648],[-8.07116,43.66787],[-8.07396,43.67853],[-8.06916,43.68928],[-8.06554,43.70087],[-8.05932,43.70942],[-8.0445,43.7121],[-8.01098,43.71174],[-7.98119,43.71784],[-7.95295,43.73013],[-7.92813,43.74677],[-7.90856,43.76634],[-7.88085,43.76325],[-7.86905,43.74885],[-7.86148,43.73119],[-7.84651,43.71796],[-7.84651,43.71174],[-7.85228,43.71418],[-7.86229,43.71625],[-7.86758,43.71796],[-7.87462,43.70942],[-7.87926,43.70051],[-7.87979,43.69196],[-7.87377,43.68448],[-7.8841,43.67862],[-7.88732,43.67967],[-7.89489,43.68448],[-7.90123,43.67975],[-7.90388,43.67829],[-7.90856,43.67699],[-7.90856,43.67015],[-7.85839,43.6682],[-7.84923,43.6756],[-7.86758,43.69746],[-7.85603,43.70344],[-7.84386,43.7038],[-7.81916,43.69746],[-7.8214,43.70075],[-7.82396,43.70808],[-7.82604,43.71174],[-7.812,43.72309],[-7.79385,43.73412],[-7.77379,43.74258],[-7.73404,43.75007],[-7.71276,43.76069],[-7.69571,43.77489],[-7.68883,43.78998],[-7.68554,43.79344],[-7.67833,43.79047],[-7.67129,43.78286],[-7.66832,43.77253],[-7.6726,43.76667],[-7.69563,43.74592],[-7.69616,43.73151],[-7.69156,43.72724],[-7.68399,43.72871],[-7.67516,43.73163],[-7.67357,43.73436],[-7.67414,43.7392],[-7.67247,43.74384],[-7.66462,43.74592],[-7.65803,43.74653],[-7.64102,43.75267],[-7.6376,43.73908],[-7.61303,43.70429],[-7.61596,43.68854],[-7.60717,43.69111],[-7.59459,43.70368],[-7.58642,43.71796],[-7.57429,43.71454],[-7.56542,43.71979],[-7.55578,43.72761],[-7.54141,43.73163],[-7.50202,43.72834],[-7.49014,43.72533],[-7.40762,43.69123],[-7.36705,43.68008],[-7.30411,43.59858],[-7.25674,43.58161],[-7.26016,43.5775],[-7.26228,43.57429],[-7.26513,43.57148],[-7.27107,43.56863],[-7.27107,43.56114],[-7.25772,43.55667],[-7.24962,43.55939],[-7.24201,43.56481],[-7.23009,43.56863],[-7.21544,43.56867],[-7.19489,43.5635],[-7.15697,43.55927],[-7.09586,43.56098],[-7.07934,43.56863],[-7.06159,43.56159],[-7.0443,43.55939],[-7.03234,43.55301],[-7.03087,43.53323],[-7.03775,43.52224],[-7.04841,43.51044],[-7.05362,43.49653],[-7.04459,43.47919],[-7.04385,43.47919],[-7.03832,43.47919],[-7.0327,43.49547],[-7.02953,43.51215],[-7.02375,43.52582],[-7.01037,43.53323],[-7.00137,43.55667],[-6.94396,43.56599],[-6.84594,43.56863],[-6.83072,43.56513],[-6.77082,43.56863],[-6.72964,43.55976],[-6.70372,43.55756],[-6.64867,43.57905],[-6.59773,43.57522],[-6.54662,43.56184],[-6.51012,43.54747],[-6.49966,43.55309],[-6.48827,43.55512],[-6.46296,43.55496],[-6.46475,43.55968],[-6.46727,43.57087],[-6.46911,43.57538],[-6.45531,43.57335],[-6.43179,43.56342],[-6.41763,43.56114],[-6.36612,43.56863],[-6.31461,43.56863],[-6.30004,43.57062],[-6.27392,43.57962],[-6.24999,43.58405],[-6.24389,43.5893],[-6.2364,43.59431],[-6.22277,43.59589],[-6.19099,43.57856],[-6.17805,43.57538],[-6.10041,43.5692],[-6.08495,43.57538],[-6.06916,43.56969],[-6.05419,43.57457],[-6.03921,43.58312],[-6.02351,43.58845],[-5.90738,43.58845],[-5.90217,43.59752],[-5.90884,43.60493],[-5.91308,43.61286],[-5.90062,43.62324],[-5.90258,43.62649],[-5.90534,43.63382],[-5.90738,43.63683],[-5.87515,43.63679],[-5.86351,43.64142],[-5.85904,43.65363],[-5.8522,43.66295],[-5.83633,43.66222],[-5.80382,43.6505],[-5.78234,43.63703],[-5.72741,43.58954],[-5.70885,43.56863],[-5.70198,43.56863],[-5.69677,43.58283],[-5.6892,43.57856],[-5.67748,43.56114],[-5.6256,43.55496],[-5.42422,43.56114],[-5.39387,43.55524],[-5.39074,43.54133],[-5.40355,43.52542],[-5.42081,43.51337],[-5.41393,43.50654],[-5.40368,43.51109],[-5.38264,43.51638],[-5.37243,43.52021],[-5.3651,43.52672],[-5.36221,43.53339],[-5.3568,43.5386],[-5.34195,43.54064],[-5.29988,43.53767],[-5.28401,43.53347],[-5.2119,43.49836],[-5.17789,43.48937],[-5.09166,43.48627],[-5.0677,43.48139],[-5.05704,43.46861],[-5.04503,43.47431],[-4.97517,43.45877],[-4.96711,43.46088],[-4.95254,43.47008],[-4.94103,43.47175],[-4.93025,43.46951],[-4.90762,43.46064],[-4.83654,43.44977],[-4.75499,43.42166],[-4.73493,43.4171],[-4.51232,43.40274],[-4.50817,43.40245],[-4.48168,43.38361],[-4.4608,43.39871],[-4.43253,43.40261],[-4.4049,43.397],[-4.38557,43.38361],[-4.37926,43.38361],[-4.36876,43.39619],[-4.35936,43.39968],[-4.31281,43.39578],[-4.18859,43.40538],[-4.16096,43.42117],[-4.09773,43.43561],[-4.07396,43.43826],[-4.0292,43.43826],[-4.02343,43.44094],[-4.02257,43.44575],[-4.0209,43.45038],[-4.01277,43.4525],[-4.00569,43.45079],[-3.98143,43.43826],[-3.97647,43.44294],[-3.97199,43.44416],[-3.96715,43.4442],[-3.96101,43.4451],[-3.96544,43.44684],[-3.9746,43.4525],[-3.9746,43.45877],[-3.94005,43.47712],[-3.92272,43.48261],[-3.90632,43.47919],[-3.89379,43.48489],[-3.89086,43.48371],[-3.88585,43.47919],[-3.8568,43.49238],[-3.82673,43.49702],[-3.79703,43.49274],[-3.76915,43.47919],[-3.81265,43.46487],[-3.83096,43.456],[-3.84431,43.4451],[-3.83385,43.4359],[-3.82925,43.43313],[-3.82384,43.43077],[-3.82726,43.43004],[-3.82999,43.43012],[-3.83153,43.42906],[-3.83129,43.42459],[-3.82022,43.42426],[-3.81119,43.42548],[-3.7965,43.43077],[-3.78954,43.43586],[-3.77619,43.44965],[-3.77229,43.4525],[-3.7635,43.45026],[-3.75414,43.4405],[-3.74498,43.43826],[-3.74071,43.44233],[-3.74303,43.45136],[-3.74889,43.46072],[-3.75552,43.46552],[-3.75552,43.47175],[-3.74153,43.47024],[-3.73575,43.46882],[-3.72887,43.46552],[-3.72716,43.47053],[-3.72582,43.47053],[-3.72142,43.47175],[-3.72887,43.47919],[-3.71793,43.48273],[-3.68838,43.48424],[-3.67699,43.48945],[-3.66706,43.49665],[-3.65608,43.50068],[-3.57942,43.51826],[-3.55435,43.51691],[-3.55626,43.4997],[-3.53905,43.49897],[-3.52562,43.49164],[-3.51472,43.48322],[-3.50536,43.47919],[-3.43663,43.47049],[-3.43151,43.46686],[-3.42829,43.46174],[-3.42715,43.45563],[-3.42862,43.44684],[-3.43261,43.44542],[-3.43887,43.44656],[-3.44701,43.4451],[-3.45116,43.4477],[-3.4606,43.45222],[-3.47004,43.45417],[-3.47435,43.4488],[-3.47777,43.44306],[-3.48583,43.43757],[-3.5017,43.43077],[-3.4818,43.42805],[-3.47045,43.41677],[-3.46109,43.41246],[-3.44701,43.43077],[-3.43619,43.41901],[-3.42223,43.41808],[-3.39249,43.42459],[-3.37804,43.42255],[-3.33031,43.41035],[-3.26895,43.40412],[-3.22354,43.39163],[-3.21052,43.38984],[-3.20002,43.38552],[-3.17691,43.36624],[-3.15087,43.36022],[-3.1315,43.35578],[-3.11238,43.35407],[-3.08951,43.36689],[-3.05785,43.35236],[-3.00817,43.32091],[-3.00817,43.32844],[-3.02001,43.35257],[-3.02343,43.36494],[-3.02929,43.37214],[-3.02929,43.37617],[-3.02432,43.38093],[-3.01098,43.38414],[-2.99942,43.39435],[-2.95592,43.41385],[-2.93993,43.4171],[-2.93993,43.42459],[-2.94669,43.42459],[-2.94669,43.43077],[-2.93008,43.43793],[-2.90526,43.43989],[-2.85424,43.43826],[-2.807,43.44168],[-2.78596,43.44786],[-2.76863,43.4525],[-2.75585,43.45026],[-2.73493,43.43879],[-2.7152,43.42451],[-2.70653,43.41368],[-2.69494,43.38862],[-2.69103,43.36754],[-2.687,43.37145],[-2.67927,43.38984],[-2.67846,43.39464],[-2.67878,43.40058],[-2.67781,43.4062],[-2.67296,43.41035],[-2.6612,43.41193],[-2.64932,43.40953],[-2.63809,43.40595],[-2.60692,43.40188],[-2.5489,43.38361],[-2.50601,43.37714],[-2.48351,43.37063],[-2.46443,43.34923],[-2.36742,43.3157],[-2.32706,43.30683],[-2.28466,43.30349],[-2.24112,43.30724],[-2.20788,43.31399],[-2.19628,43.31476],[-2.19042,43.31159],[-2.18346,43.30451],[-2.17447,43.29743],[-2.16222,43.29426],[-2.15958,43.29536],[-2.15632,43.29767],[-2.15152,43.29999],[-2.14485,43.30109],[-2.14004,43.2989],[-2.13781,43.29422],[-2.13484,43.28958],[-2.1278,43.28742],[-2.09887,43.30414],[-2.08642,43.30724],[-2.06554,43.3096],[-1.99462,43.32844],[-1.97179,43.33922],[-1.96036,43.34309],[-1.94563,43.34264],[-1.93371,43.33564],[-1.92658,43.32587],[-1.91869,43.32099],[-1.90465,43.32844],[-1.91023,43.33137],[-1.91885,43.33857],[-1.92569,43.34264],[-1.88492,43.35602],[-1.8474,43.38093],[-1.81127,43.39509],[-1.79137,43.38459],[-1.79076,43.38426],[-1.7755,43.37617],[-1.76797,43.38361],[-1.74962,43.38923],[-1.661,43.39968],[-1.63781,43.42377],[-1.61547,43.43256],[-1.59675,43.44253],[-1.58804,43.45116],[-1.5664,43.48216],[-1.56208,43.49339],[-1.55333,43.50137],[-1.51399,43.53864],[-1.50634,43.55012],[-1.47688,43.58006],[-1.47004,43.61152],[-1.44595,43.66844],[-1.40494,43.83234],[-1.38117,43.88959],[-1.3461,44.01919],[-1.28156,44.30219],[-1.25414,44.44245],[-1.2473,44.50454],[-1.24975,44.51923],[-1.25829,44.54755],[-1.25723,44.55606],[-1.23078,44.58356],[-1.22688,44.58991],[-1.22419,44.602],[-1.20629,44.64789],[-1.18651,44.66547],[-1.16145,44.66616],[-1.10021,44.65534],[-1.06501,44.65913],[-1.04475,44.66942],[-1.04442,44.68464],[-1.06916,44.70319],[-1.05549,44.70319],[-1.0653,44.71747],[-1.14086,44.76813],[-1.15172,44.77143],[-1.1564,44.77342],[-1.16063,44.77652],[-1.16535,44.77871],[-1.17223,44.77827],[-1.1765,44.77521],[-1.17846,44.7709],[-1.17976,44.76691],[-1.18212,44.7652],[-1.18859,44.75585],[-1.23363,44.70685],[-1.24494,44.66275],[-1.25381,44.63866],[-1.26037,44.62743],[-1.19945,45.12084],[-1.15787,45.27912],[-1.13996,45.49006],[-1.1337,45.50483],[-1.0996,45.55353],[-1.08528,45.56904],[-1.06916,45.57331],[-1.05858,45.56965],[-1.05622,45.56513],[-1.05675,45.5576],[-1.05736,45.54633],[-1.06017,45.54304],[-1.06233,45.53775],[-1.06233,45.53242],[-1.05923,45.52704],[-1.0487,45.51504],[-1.03995,45.50727],[-0.97297,45.47053],[-0.93078,45.4538],[-0.91527,45.45043],[-0.79418,45.35541],[-0.76618,45.32608],[-0.75451,45.29588],[-0.75194,45.27595],[-0.73868,45.23871],[-0.72004,45.14594],[-0.71597,45.13451],[-0.6822,45.07648],[-0.64818,45.04491],[-0.60985,45.01846],[-0.57779,45.00507],[-0.56896,44.99799],[-0.5607,44.98542],[-0.55919,44.97614],[-0.56208,44.96015],[-0.56086,44.93928],[-0.55651,44.91852],[-0.54817,44.90229],[-0.53466,44.89496],[-0.53864,44.90876],[-0.54239,44.9372],[-0.54845,44.94953],[-0.53897,44.97651],[-0.55036,44.9982],[-0.57258,45.01431],[-0.59618,45.02464],[-0.5653,45.02359],[-0.53942,45.01952],[-0.51643,45.01138],[-0.49376,44.99799],[-0.51895,45.02945],[-0.55875,45.04344],[-0.60216,45.05345],[-0.63777,45.07307],[-0.656,45.09911],[-0.66869,45.1308],[-0.70665,45.32241],[-0.71972,45.36107],[-0.75304,45.42406],[-0.7731,45.45209],[-0.79548,45.47712],[-0.84179,45.51455],[-0.98351,45.58698],[-0.98689,45.59125],[-0.99087,45.61005],[-0.99722,45.61433],[-1.03026,45.62287],[-1.08381,45.66039],[-1.11392,45.66893],[-1.1328,45.6717],[-1.14932,45.6789],[-1.16344,45.68895],[-1.17561,45.70026],[-1.1942,45.71019],[-1.22936,45.70478],[-1.2473,45.70991],[-1.23013,45.77961],[-1.2303,45.79243],[-1.16381,45.80671],[-1.14428,45.8061],[-1.08056,45.7534],[-1.06916,45.74811],[-1.05724,45.74022],[-0.98717,45.71735],[-1.00963,45.73517],[-1.09948,45.78604],[-1.12536,45.80768],[-1.13069,45.81672],[-1.13215,45.82831],[-1.13659,45.84325],[-1.14322,45.85773],[-1.15172,45.86815],[-1.14061,45.8723],[-1.13366,45.87824],[-1.12853,45.88422],[-1.12377,45.88866],[-1.11254,45.89566],[-1.09704,45.90229],[-1.08776,45.90323],[-1.07974,45.902],[-1.07335,45.90436],[-1.06916,45.91596],[-1.07042,45.92634],[-1.07632,45.93671],[-1.08349,45.94538],[-1.08975,45.95075],[-1.08422,45.95392],[-1.07421,45.96157],[-1.06916,45.96434],[-1.08556,45.97199],[-1.09659,45.98542],[-1.11075,46.01838],[-1.08975,46.00821],[-1.07299,46.00747],[-1.05972,46.01577],[-1.0487,46.03266],[-1.0487,46.0388],[-1.05289,46.04328],[-1.05858,46.04792],[-1.06517,46.05158],[-1.08422,46.05655],[-1.08776,46.06468],[-1.08873,46.07477],[-1.09602,46.08836],[-1.09569,46.09772],[-1.09704,46.10155],[-1.10074,46.10309],[-1.1136,46.10615],[-1.11701,46.10781],[-1.12295,46.11249],[-1.12902,46.11579],[-1.1289,46.12006],[-1.11701,46.12824],[-1.14037,46.14057],[-1.14802,46.14191],[-1.15209,46.14387],[-1.15184,46.14842],[-1.15054,46.15327],[-1.15172,46.1562],[-1.15709,46.15697],[-1.17223,46.1562],[-1.18261,46.15839],[-1.19164,46.15795],[-1.20018,46.15913],[-1.20971,46.16616],[-1.2108,46.17455],[-1.20442,46.18431],[-1.19449,46.19278],[-1.18517,46.19717],[-1.19054,46.21629],[-1.1796,46.22948],[-1.11075,46.25922],[-1.10265,46.27196],[-1.10351,46.28002],[-1.10802,46.28852],[-1.11075,46.30268],[-1.13248,46.32412],[-1.17724,46.32616],[-1.21434,46.3107],[-1.21321,46.27912],[-1.2401,46.28425],[-1.25919,46.30044],[-1.27741,46.31953],[-1.29337,46.32266],[-1.30346,46.32388],[-1.33422,46.33674],[-1.35684,46.35033],[-1.37023,46.35419],[-1.42333,46.34247],[-1.44872,46.34341],[-1.45958,46.36473],[-1.46548,46.38996],[-1.48143,46.40819],[-1.50447,46.41934],[-1.53189,46.42308],[-1.59878,46.42503],[-1.62564,46.43114],[-1.61718,46.44355],[-1.63345,46.45429],[-1.68676,46.46088],[-1.72029,46.48127],[-1.74861,46.48656],[-1.76114,46.49201],[-1.76842,46.50023],[-1.77965,46.52212],[-1.78917,46.53295],[-1.78889,46.52045],[-1.78307,46.50414],[-1.78173,46.49543],[-1.786,46.49095],[-1.7954,46.49453],[-1.8048,46.50361],[-1.82706,46.57697],[-1.82266,46.59439],[-1.83869,46.59907],[-1.84659,46.61026],[-1.85123,46.62372],[-1.85741,46.63532],[-1.87243,46.64741],[-1.88781,46.65656],[-1.89977,46.66625],[-1.9099,46.6918],[-1.92317,46.69916],[-1.94001,46.70307],[-1.95645,46.70429],[-1.965,46.71039],[-1.99462,46.75202],[-2.05028,46.79206],[-2.08129,46.80736],[-2.10717,46.81346],[-2.11876,46.81997],[-2.12609,46.8356],[-2.13003,46.85468],[-2.13126,46.87181],[-2.12877,46.89346],[-2.12198,46.90371],[-2.09634,46.91649],[-2.10216,46.93065],[-2.08747,46.94123],[-2.04922,46.95746],[-2.03702,46.97256],[-2.02017,47.00861],[-2.00829,47.02635],[-1.99071,47.03539],[-1.99258,47.05231],[-2.00377,47.07001],[-2.01456,47.08161],[-2.03002,47.09211],[-2.09016,47.11518],[-2.20547,47.1291],[-2.24112,47.14248],[-2.22785,47.14863],[-2.21703,47.1555],[-2.20539,47.1612],[-2.17284,47.16437],[-2.16519,47.16787],[-2.1621,47.17601],[-2.15909,47.19086],[-2.15868,47.20449],[-2.1693,47.22016],[-2.17211,47.23526],[-2.17089,47.24632],[-2.16698,47.25922],[-2.16055,47.27119],[-2.15168,47.27969],[-2.12767,47.28681],[-2.03563,47.29328],[-2.02872,47.29694],[-2.02196,47.29926],[-2.01456,47.30012],[-2.00658,47.29328],[-1.99913,47.28856],[-1.94787,47.27936],[-1.93248,47.27969],[-1.93936,47.28644],[-1.92781,47.28632],[-1.91706,47.28417],[-1.90734,47.27993],[-1.89843,47.27342],[-1.91885,47.27342],[-1.91885,47.26602],[-1.87784,47.24551],[-1.83625,47.23994],[-1.82608,47.23526],[-1.80394,47.21898],[-1.781,47.21198],[-1.72704,47.21076],[-1.74722,47.21992],[-1.78824,47.22557],[-1.80565,47.23526],[-1.83593,47.25975],[-1.87116,47.27969],[-1.90563,47.29393],[-1.92569,47.29849],[-1.94929,47.30012],[-1.95816,47.30239],[-1.97216,47.31216],[-2.01012,47.31973],[-2.1481,47.31322],[-2.17955,47.30012],[-2.18659,47.29271],[-2.19058,47.2862],[-2.19595,47.27993],[-2.20629,47.27342],[-2.23607,47.26748],[-2.25943,47.25161],[-2.27839,47.24641],[-2.29809,47.24665],[-2.31607,47.25165],[-2.33096,47.26081],[-2.35534,47.2801],[-2.37141,47.28644],[-2.38809,47.28791],[-2.39745,47.28758],[-2.4049,47.28644],[-2.41283,47.28172],[-2.41657,47.27497],[-2.41812,47.26887],[-2.41918,47.26602],[-2.44839,47.26659],[-2.54198,47.30012],[-2.54198,47.30695],[-2.51903,47.30463],[-2.47606,47.29068],[-2.45336,47.29328],[-2.43619,47.30703],[-2.44538,47.32038],[-2.46544,47.33381],[-2.48062,47.34789],[-2.48795,47.3454],[-2.49128,47.3439],[-2.49425,47.34174],[-2.48937,47.33442],[-2.48892,47.33039],[-2.49425,47.32062],[-2.5017,47.32062],[-2.50333,47.3496],[-2.5148,47.36494],[-2.55639,47.38325],[-2.4768,47.41568],[-2.46614,47.41523],[-2.4558,47.41218],[-2.43904,47.40998],[-2.44103,47.40445],[-2.44221,47.40436],[-2.4464,47.40253],[-2.43904,47.39631],[-2.42943,47.40388],[-2.39501,47.41698],[-2.39184,47.42365],[-2.40713,47.42573],[-2.43175,47.42617],[-2.44815,47.43061],[-2.43904,47.44477],[-2.45531,47.45222],[-2.47619,47.45376],[-2.48892,47.45917],[-2.48062,47.47822],[-2.49474,47.4912],[-2.48363,47.49795],[-2.42121,47.50023],[-2.38467,47.50715],[-2.36392,47.50617],[-2.38012,47.50922],[-2.40705,47.50605],[-2.42536,47.50617],[-2.5017,47.52668],[-2.51749,47.52839],[-2.53051,47.52725],[-2.56322,47.51984],[-2.6007,47.51984],[-2.60985,47.51773],[-2.61559,47.51415],[-2.62169,47.51341],[-2.63199,47.51984],[-2.61693,47.52171],[-2.59935,47.52912],[-2.58446,47.54047],[-2.57681,47.55394],[-2.59227,47.54365],[-2.60643,47.54206],[-2.62121,47.54304],[-2.63825,47.54027],[-2.63012,47.53913],[-2.62393,47.53718],[-2.61994,47.53339],[-2.61779,47.52668],[-2.64306,47.52643],[-2.65477,47.52831],[-2.66552,47.53351],[-2.6671,47.50959],[-2.68073,47.50422],[-2.71402,47.5124],[-2.7307,47.51162],[-2.78279,47.49942],[-2.80215,47.49811],[-2.81713,47.49921],[-2.83019,47.50361],[-2.84366,47.5124],[-2.84569,47.51618],[-2.86107,47.53583],[-2.86482,47.53685],[-2.86897,47.54218],[-2.87853,47.54531],[-2.88988,47.54662],[-2.89293,47.54767],[-2.89151,47.54906],[-2.89208,47.55394],[-2.90925,47.55842],[-2.89257,47.5666],[-2.86531,47.56664],[-2.85058,47.54654],[-2.84366,47.54654],[-2.83812,47.55183],[-2.83243,47.55402],[-2.82543,47.55248],[-2.8164,47.54654],[-2.8153,47.55296],[-2.80956,47.56761],[-2.79402,47.55512],[-2.76867,47.54955],[-2.74144,47.55134],[-2.7202,47.56078],[-2.72765,47.56761],[-2.68863,47.6044],[-2.68399,47.62299],[-2.70653,47.64273],[-2.70653,47.63654],[-2.69693,47.62979],[-2.69563,47.62336],[-2.70157,47.61835],[-2.71402,47.61603],[-2.69978,47.6092],[-2.70425,47.60444],[-2.70861,47.60228],[-2.7202,47.60175],[-2.72533,47.60737],[-2.77538,47.6291],[-2.75447,47.62702],[-2.73449,47.62226],[-2.74633,47.63386],[-2.75821,47.63906],[-2.78913,47.64273],[-2.77538,47.63654],[-2.79605,47.62987],[-2.84773,47.62617],[-2.85798,47.61913],[-2.86677,47.60716],[-2.88638,47.60102],[-2.91942,47.59553],[-2.91942,47.60175],[-2.91267,47.60175],[-2.91267,47.6092],[-2.92569,47.60765],[-2.92882,47.60602],[-2.93309,47.60175],[-2.93993,47.60175],[-2.94376,47.61396],[-2.94481,47.62409],[-2.94164,47.63182],[-2.93309,47.63654],[-2.9475,47.63691],[-2.958,47.64216],[-2.96459,47.65143],[-2.96719,47.6638],[-2.97468,47.6638],[-2.9733,47.65599],[-2.96858,47.6435],[-2.96719,47.63654],[-2.96719,47.61262],[-2.96361,47.60261],[-2.9547,47.59154],[-2.94351,47.58149],[-2.93309,47.57445],[-2.93562,47.56757],[-2.93725,47.56468],[-2.93993,47.56078],[-2.94262,47.5644],[-2.95295,47.57445],[-2.96129,47.57054],[-2.97029,47.57697],[-2.98095,47.58735],[-2.9945,47.59553],[-2.9886,47.58226],[-2.99421,47.57608],[-3.00341,47.57868],[-3.00817,47.59178],[-3.01179,47.60716],[-3.01822,47.60566],[-3.02172,47.59455],[-3.0157,47.58124],[-3.02994,47.58194],[-3.0358,47.58332],[-3.04239,47.58808],[-3.07384,47.57648],[-3.08975,47.57551],[-3.10375,47.58124],[-3.09732,47.58405],[-3.09073,47.58808],[-3.10045,47.59418],[-3.11205,47.59919],[-3.12328,47.59878],[-3.1317,47.58808],[-3.12719,47.58662],[-3.12295,47.58324],[-3.11803,47.58124],[-3.1289,47.54759],[-3.12328,47.51899],[-3.10676,47.49579],[-3.08454,47.47822],[-3.09813,47.47871],[-3.11913,47.48261],[-3.12548,47.47822],[-3.1317,47.47822],[-3.14379,47.50703],[-3.14538,47.5161],[-3.14322,47.52704],[-3.13386,47.54393],[-3.1317,47.55744],[-3.13419,47.58076],[-3.14118,47.59805],[-3.15217,47.61123],[-3.16649,47.62226],[-3.17601,47.62637],[-3.18725,47.62958],[-3.19669,47.63349],[-3.20059,47.63959],[-3.19839,47.65257],[-3.18635,47.68061],[-3.1112,47.70417],[-3.11506,47.70942],[-3.11718,47.71503],[-3.11803,47.72215],[-3.11803,47.73212],[-3.12279,47.72993],[-3.13451,47.72679],[-3.13915,47.72468],[-3.13976,47.74579],[-3.13915,47.75259],[-3.14538,47.75259],[-3.15319,47.74201],[-3.16393,47.74388],[-3.17736,47.74852],[-3.19319,47.74641],[-3.17919,47.74274],[-3.16967,47.73542],[-3.16332,47.72476],[-3.15909,47.711],[-3.16405,47.71027],[-3.16503,47.70954],[-3.16503,47.70791],[-3.16649,47.70417],[-3.17837,47.71003],[-3.18537,47.70637],[-3.19323,47.69994],[-3.20739,47.69733],[-3.20352,47.69432],[-3.19319,47.68374],[-3.20714,47.67914],[-3.2119,47.66983],[-3.21508,47.66059],[-3.22419,47.6564],[-3.2316,47.66035],[-3.26207,47.68374],[-3.28759,47.68867],[-3.33153,47.69672],[-3.35827,47.69733],[-3.3402,47.7023],[-3.32242,47.701],[-3.28262,47.69115],[-3.28262,47.69733],[-3.29845,47.70384],[-3.31627,47.70808],[-3.35827,47.711],[-3.35827,47.71845],[-3.34935,47.71906],[-3.34512,47.72126],[-3.34398,47.72626],[-3.34398,47.73554],[-3.34057,47.73949],[-3.32356,47.73774],[-3.31729,47.73896],[-3.30443,47.76114],[-3.2954,47.77302],[-3.28262,47.77993],[-3.28262,47.78734],[-3.30435,47.77009],[-3.33178,47.75251],[-3.36217,47.74042],[-3.38317,47.73705],[-3.37548,47.73404],[-3.36925,47.7298],[-3.36449,47.72468],[-3.36449,47.71845],[-3.44644,47.70458],[-3.46068,47.70759],[-3.465,47.71304],[-3.49486,47.73896],[-3.50919,47.75943],[-3.52025,47.76813],[-3.52448,47.77245],[-3.52831,47.77993],[-3.5393,47.77375],[-3.55565,47.77399],[-3.59097,47.77993],[-3.61685,47.77912],[-3.62515,47.77993],[-3.63305,47.78303],[-3.6444,47.79173],[-3.64904,47.79361],[-3.68692,47.7923],[-3.70617,47.79694],[-3.71459,47.81061],[-3.72322,47.81338],[-3.77538,47.79361],[-3.78991,47.80321],[-3.81119,47.80292],[-3.83357,47.79975],[-3.85171,47.80101],[-3.8531,47.80435],[-3.87222,47.82831],[-3.87922,47.83356],[-3.88646,47.83747],[-3.88996,47.84345],[-3.88585,47.85505],[-3.89452,47.85529],[-3.90079,47.85712],[-3.9132,47.86245],[-3.91633,47.87336],[-3.93513,47.88788],[-3.96182,47.89997],[-3.98827,47.90347],[-3.97924,47.883],[-3.98648,47.86791],[-4.0089,47.85126],[-4.0292,47.85505],[-4.01915,47.85448],[-4.01122,47.85594],[-4.00544,47.8605],[-4.00194,47.86929],[-4.01407,47.86628],[-4.02404,47.86595],[-4.03156,47.86371],[-4.03669,47.85505],[-4.06493,47.87079],[-4.07824,47.87442],[-4.09439,47.87547],[-4.10656,47.88011],[-4.11929,47.89191],[-4.12914,47.90762],[-4.13219,47.9239],[-4.14273,47.91201],[-4.13683,47.89692],[-4.12336,47.88325],[-4.1112,47.87547],[-4.1112,47.86929],[-4.12377,47.8686],[-4.13362,47.8662],[-4.14265,47.86176],[-4.15274,47.85505],[-4.17162,47.87702],[-4.18562,47.87442],[-4.18847,47.86213],[-4.1739,47.85505],[-4.17667,47.85126],[-4.18004,47.84821],[-4.18004,47.84199],[-4.15274,47.84199],[-4.15274,47.83446],[-4.18521,47.81338],[-4.20055,47.8072],[-4.22517,47.80244],[-4.37182,47.8072],[-4.37125,47.81476],[-4.37344,47.82868],[-4.37182,47.83446],[-4.36547,47.8371],[-4.35607,47.83706],[-4.34765,47.83832],[-4.34386,47.84512],[-4.34732,47.86294],[-4.36221,47.88858],[-4.37198,47.91584],[-4.38695,47.93407],[-4.43464,47.97565],[-4.52326,48.02269],[-4.53327,48.02631],[-4.5467,48.02074],[-4.55899,48.01069],[-4.57201,48.00593],[-4.60196,48.02558],[-4.61921,48.02766],[-4.65298,48.02631],[-4.72814,48.04059],[-4.72151,48.04413],[-4.71646,48.05024],[-4.71227,48.05659],[-4.70621,48.06391],[-4.70556,48.06745],[-4.70425,48.07123],[-4.7008,48.07477],[-4.69742,48.0749],[-4.68952,48.06883],[-4.68371,48.06733],[-4.36193,48.11571],[-4.30476,48.10407],[-4.28991,48.10822],[-4.28539,48.11538],[-4.27571,48.14362],[-4.28018,48.15493],[-4.29434,48.16706],[-4.29735,48.17406],[-4.30236,48.19636],[-4.31583,48.20551],[-4.35823,48.21186],[-4.36612,48.21516],[-4.37243,48.22004],[-4.37686,48.22598],[-4.37926,48.23237],[-4.40437,48.22614],[-4.45763,48.24897],[-4.48546,48.24262],[-4.49999,48.22492],[-4.51399,48.20209],[-4.53165,48.18309],[-4.55748,48.17719],[-4.54874,48.19843],[-4.54377,48.20506],[-4.55504,48.21654],[-4.56119,48.22504],[-4.56363,48.23237],[-4.55866,48.24421],[-4.55093,48.2486],[-4.54719,48.25259],[-4.55407,48.26276],[-4.56627,48.26488],[-4.62633,48.26655],[-4.62369,48.27704],[-4.62633,48.28705],[-4.61539,48.29108],[-4.60709,48.29059],[-4.59878,48.2884],[-4.58788,48.28705],[-4.57518,48.29003],[-4.57291,48.29682],[-4.57551,48.30386],[-4.57726,48.30752],[-4.55948,48.33869],[-4.5467,48.34683],[-4.53014,48.34162],[-4.5432,48.30467],[-4.51553,48.29584],[-4.4265,48.30003],[-4.41637,48.29662],[-4.40966,48.2923],[-4.40197,48.28856],[-4.38899,48.28705],[-4.37686,48.28779],[-4.3297,48.29702],[-4.2626,48.30003],[-4.26895,48.29584],[-4.27522,48.29401],[-4.28991,48.29385],[-4.26936,48.2884],[-4.18749,48.30003],[-4.18749,48.30752],[-4.21882,48.30606],[-4.23054,48.30988],[-4.23473,48.32172],[-4.24397,48.31391],[-4.25772,48.31135],[-4.27017,48.31468],[-4.27571,48.32486],[-4.28197,48.32368],[-4.3247,48.32172],[-4.31631,48.3308],[-4.31208,48.33308],[-4.30362,48.33539],[-4.30313,48.33959],[-4.29849,48.34382],[-4.28869,48.34854],[-4.2694,48.36274],[-4.28628,48.36253],[-4.30899,48.35155],[-4.3247,48.34846],[-4.3247,48.35529],[-4.31729,48.35529],[-4.31729,48.36274],[-4.3247,48.36274],[-4.32779,48.35786],[-4.33406,48.35273],[-4.33772,48.34846],[-4.35261,48.35273],[-4.38419,48.33812],[-4.40661,48.33539],[-4.4038,48.33918],[-4.40282,48.33959],[-4.39916,48.34162],[-4.40661,48.34846],[-4.41503,48.34292],[-4.4265,48.33885],[-4.43993,48.33637],[-4.45372,48.33539],[-4.45372,48.34162],[-4.3966,48.38776],[-4.38557,48.39374],[-4.28991,48.43159],[-4.30773,48.42805],[-4.33902,48.41608],[-4.35896,48.41112],[-4.4265,48.40371],[-4.45751,48.39484],[-4.52062,48.36831],[-4.56957,48.3603],[-4.59935,48.35017],[-4.61889,48.34846],[-4.63634,48.35114],[-4.67113,48.36058],[-4.69054,48.36274],[-4.69408,48.35944],[-4.69408,48.3522],[-4.69567,48.34496],[-4.7045,48.34162],[-4.75499,48.34199],[-4.76838,48.3454],[-4.77717,48.35562],[-4.78336,48.37641],[-4.76476,48.37763],[-4.76635,48.39045],[-4.78336,48.41739],[-4.7849,48.43618],[-4.77986,48.4549],[-4.76806,48.46865],[-4.74926,48.4726],[-4.74926,48.47883],[-4.77465,48.49128],[-4.76456,48.52021],[-4.7399,48.55073],[-4.72199,48.56818],[-4.71158,48.56367],[-4.7008,48.56074],[-4.70824,48.56818],[-4.69229,48.57551],[-4.67345,48.57958],[-4.64249,48.58185],[-4.62304,48.57819],[-4.58983,48.56574],[-4.57726,48.56818],[-4.60049,48.58934],[-4.60774,48.60301],[-4.59463,48.60912],[-4.54882,48.60122],[-4.53014,48.60171],[-4.55748,48.60912],[-4.55443,48.61323],[-4.5526,48.61652],[-4.5548,48.6197],[-4.56363,48.62344],[-4.56363,48.62962],[-4.48546,48.62962],[-4.46288,48.63231],[-4.4298,48.64281],[-4.40661,48.64326],[-4.4204,48.64887],[-4.4265,48.65009],[-4.4265,48.65754],[-4.39806,48.66096],[-4.37023,48.67182],[-4.34325,48.67886],[-4.31729,48.67805],[-4.29914,48.66364],[-4.30651,48.64155],[-4.28311,48.64326],[-4.25259,48.65546],[-4.24205,48.65754],[-4.22981,48.65595],[-4.20714,48.64997],[-4.19376,48.65009],[-4.19376,48.65754],[-4.213,48.6612],[-4.20775,48.67137],[-4.19058,48.68305],[-4.1739,48.69111],[-4.15465,48.69623],[-4.13146,48.69916],[-4.10871,48.69815],[-4.09069,48.69111],[-4.08479,48.69717],[-4.07925,48.69693],[-4.07433,48.69229],[-4.07022,48.68488],[-4.06404,48.68488],[-4.05736,48.6896],[-4.05329,48.69554],[-4.05264,48.70307],[-4.05655,48.71214],[-4.04271,48.71393],[-4.03051,48.71703],[-4.00935,48.72582],[-3.97399,48.73281],[-3.96776,48.72956],[-3.97029,48.72004],[-3.97387,48.7128],[-3.97273,48.70771],[-3.96101,48.70474],[-3.96101,48.69855],[-3.96776,48.69855],[-3.96776,48.69111],[-3.95775,48.68684],[-3.95104,48.67939],[-3.94953,48.66934],[-3.95474,48.65754],[-3.92658,48.67617],[-3.91194,48.68122],[-3.892,48.67805],[-3.90197,48.67202],[-3.90632,48.6706],[-3.90632,48.66437],[-3.8942,48.65355],[-3.86465,48.64102],[-3.85171,48.62962],[-3.84431,48.63646],[-3.85171,48.64326],[-3.84431,48.65009],[-3.84895,48.65632],[-3.85245,48.66454],[-3.8579,48.68488],[-3.85171,48.68488],[-3.8485,48.67902],[-3.84545,48.67601],[-3.83747,48.6706],[-3.84008,48.68806],[-3.83715,48.70726],[-3.82925,48.71845],[-3.81697,48.71214],[-3.81265,48.71674],[-3.81045,48.7215],[-3.8098,48.72696],[-3.81013,48.73322],[-3.79711,48.72118],[-3.77843,48.71735],[-3.73192,48.71898],[-3.72086,48.71601],[-3.69787,48.70234],[-3.68663,48.69855],[-3.67382,48.69823],[-3.63817,48.70474],[-3.63854,48.68781],[-3.614,48.68268],[-3.58479,48.68281],[-3.57055,48.68797],[-3.58047,48.71109],[-3.58454,48.72639],[-3.58047,48.73322],[-3.52831,48.73949],[-3.54284,48.74567],[-3.57738,48.77424],[-3.58153,48.79059],[-3.5714,48.79906],[-3.54259,48.80781],[-3.52086,48.83364],[-3.51529,48.84195],[-3.50919,48.84195],[-3.49983,48.83698],[-3.46813,48.83568],[-3.43358,48.82221],[-3.41975,48.82144],[-3.4254,48.81843],[-3.42809,48.81574],[-3.42992,48.81245],[-3.43334,48.80781],[-3.4099,48.80655],[-3.39761,48.80732],[-3.38874,48.81118],[-3.37865,48.81932],[-3.37182,48.8225],[-3.28746,48.84345],[-3.27579,48.84935],[-3.26895,48.84935],[-3.25951,48.84772],[-3.22973,48.87226],[-3.21361,48.86982],[-3.20714,48.85541],[-3.20775,48.83592],[-3.21496,48.81786],[-3.22789,48.80781],[-3.2268,48.80329],[-3.22558,48.80048],[-3.22053,48.79413],[-3.21687,48.80679],[-3.20873,48.81635],[-3.17882,48.84101],[-3.1542,48.85493],[-3.14538,48.86237],[-3.135,48.8592],[-3.11644,48.87409],[-3.10375,48.87665],[-3.09146,48.87128],[-3.08434,48.86221],[-3.08373,48.85171],[-3.09073,48.84195],[-3.09073,48.83568],[-3.07706,48.82827],[-3.08462,48.82014],[-3.09752,48.79413],[-3.10407,48.7862],[-3.12548,48.7674],[-3.12548,48.75996],[-3.11803,48.75996],[-3.08503,48.805],[-3.0655,48.82396],[-3.04918,48.82144],[-3.0393,48.82697],[-3.02872,48.8288],[-3.01822,48.82697],[-3.00817,48.82144],[-3.0157,48.8146],[-3.01179,48.81367],[-3.00939,48.81371],[-3.00837,48.81249],[-3.00817,48.80781],[-3.01781,48.80585],[-3.0255,48.80292],[-3.04239,48.79413],[-3.04239,48.78791],[-3.02929,48.78046],[-3.00365,48.77387],[-2.95295,48.77228],[-2.93309,48.7674],[-2.93444,48.7591],[-2.9344,48.75308],[-2.93309,48.74632],[-2.94274,48.74091],[-2.94669,48.73949],[-2.94669,48.73322],[-2.93204,48.72696],[-2.91397,48.7165],[-2.89867,48.70478],[-2.89208,48.69477],[-2.82698,48.65754],[-2.81705,48.62767],[-2.81298,48.6197],[-2.81143,48.61457],[-2.81436,48.60993],[-2.8164,48.60493],[-2.81298,48.59858],[-2.80801,48.59561],[-2.79503,48.59125],[-2.77107,48.57917],[-2.71402,48.56074],[-2.71695,48.5517],[-2.72102,48.54462],[-2.72667,48.53897],[-2.73449,48.534],[-2.72273,48.53364],[-2.71312,48.5301],[-2.7047,48.52416],[-2.69628,48.51667],[-2.68236,48.50902],[-2.67968,48.51838],[-2.68025,48.53278],[-2.67614,48.54023],[-2.63634,48.5388],[-2.62003,48.54361],[-2.6007,48.5576],[-2.57706,48.58246],[-2.56941,48.58869],[-2.55883,48.59414],[-2.54109,48.59809],[-2.47362,48.62596],[-2.45954,48.63646],[-2.45954,48.64326],[-2.46801,48.64395],[-2.48746,48.65009],[-2.44286,48.65908],[-2.42105,48.65697],[-2.41226,48.64326],[-2.38622,48.65009],[-2.35607,48.66328],[-2.32999,48.68037],[-2.31607,48.69855],[-2.31249,48.68696],[-2.30533,48.67963],[-2.29524,48.67658],[-2.28197,48.67805],[-2.28197,48.6706],[-2.28942,48.66657],[-2.29377,48.66136],[-2.29747,48.65571],[-2.3024,48.65009],[-2.33031,48.62962],[-2.31265,48.62018],[-2.29402,48.62861],[-2.27359,48.64265],[-2.25097,48.65009],[-2.24621,48.64472],[-2.24071,48.62132],[-2.23729,48.61591],[-2.22594,48.61237],[-2.21923,48.60366],[-2.21569,48.59243],[-2.21369,48.58185],[-2.20279,48.58588],[-2.19555,48.59345],[-2.19213,48.60375],[-2.19262,48.61591],[-2.18838,48.6013],[-2.18297,48.58877],[-2.17406,48.58295],[-2.15909,48.58869],[-2.15909,48.59545],[-2.1632,48.5965],[-2.17211,48.60171],[-2.16104,48.61302],[-2.14932,48.61888],[-2.13703,48.61799],[-2.12434,48.60912],[-2.13126,48.6153],[-2.13663,48.62214],[-2.14485,48.63646],[-2.10021,48.64692],[-2.05236,48.65009],[-2.04979,48.64558],[-2.02872,48.6197],[-2.02709,48.60895],[-2.02204,48.59894],[-2.01325,48.59162],[-2.00088,48.58869],[-2.00512,48.57884],[-2.00829,48.57502],[-1.98249,48.54898],[-1.97639,48.53563],[-1.9803,48.51358],[-1.97045,48.5207],[-1.93936,48.534],[-1.96727,48.54706],[-1.9619,48.55492],[-1.97663,48.5727],[-1.9803,48.58869],[-1.9735,48.58869],[-1.96939,48.58417],[-1.96516,48.5812],[-1.95295,48.57502],[-1.96036,48.58662],[-1.96939,48.59276],[-1.97981,48.59512],[-1.99112,48.59545],[-2.00048,48.6013],[-2.01903,48.63105],[-2.02872,48.64326],[-2.02554,48.65131],[-2.01814,48.66035],[-2.00658,48.66763],[-1.99112,48.6706],[-1.9877,48.67377],[-1.9877,48.68085],[-1.98591,48.68789],[-1.97696,48.69111],[-1.93936,48.69111],[-1.94563,48.69855],[-1.84374,48.71214],[-1.84667,48.70783],[-1.84691,48.70344],[-1.84358,48.69815],[-1.83633,48.69111],[-1.8612,48.66421],[-1.86095,48.64086],[-1.83821,48.62377],[-1.79601,48.61591],[-1.72281,48.6153],[-1.64395,48.62344],[-1.59569,48.64094],[-1.58967,48.64179],[-1.5797,48.64326],[-1.50056,48.63646],[-1.39314,48.65241],[-1.35656,48.64326],[-1.3723,48.66059],[-1.3946,48.66828],[-1.43285,48.6706],[-1.43301,48.66828],[-1.43773,48.66446],[-1.44327,48.66283],[-1.44595,48.66747],[-1.44709,48.6739],[-1.45051,48.67951],[-1.4558,48.68342],[-1.49022,48.69013],[-1.50267,48.6955],[-1.50796,48.70161],[-1.51647,48.72517],[-1.55362,48.74714],[-1.56208,48.77082],[-1.56257,48.79849],[-1.56676,48.82217],[-1.57885,48.83784],[-1.60294,48.84195],[-1.60294,48.84935],[-1.5891,48.85358],[-1.57852,48.86262],[-1.57185,48.87421],[-1.56371,48.92211],[-1.55704,48.93232],[-1.54841,48.92381],[-1.5428,48.93525],[-1.54198,48.94408],[-1.54703,48.94969],[-1.55899,48.95181],[-1.56306,48.95759],[-1.55224,49.01545],[-1.54577,49.03034],[-1.53234,49.03514],[-1.50796,49.02753],[-1.50796,49.03368],[-1.52725,49.03978],[-1.54971,49.03978],[-1.56843,49.03266],[-1.57632,49.01728],[-1.57946,49.01317],[-1.58654,49.01899],[-1.59358,49.029],[-1.59675,49.03742],[-1.59594,49.06127],[-1.59374,49.07197],[-1.58934,49.0821],[-1.60342,49.08397],[-1.60875,49.0915],[-1.60774,49.10273],[-1.60294,49.11563],[-1.59594,49.12849],[-1.58902,49.13459],[-1.56949,49.14354],[-1.58178,49.14985],[-1.58422,49.14842],[-1.58934,49.14354],[-1.59777,49.15937],[-1.60448,49.17821],[-1.60879,49.19782],[-1.61042,49.21589],[-1.60265,49.22541],[-1.58446,49.22626],[-1.54841,49.21931],[-1.54841,49.22549],[-1.56957,49.22968],[-1.59529,49.23786],[-1.61685,49.23823],[-1.62466,49.21931],[-1.64053,49.23151],[-1.65709,49.26838],[-1.67186,49.2801],[-1.66539,49.28461],[-1.66259,49.28604],[-1.65819,49.28754],[-1.68692,49.30244],[-1.69909,49.31354],[-1.70665,49.32917],[-1.68619,49.32917],[-1.68619,49.33535],[-1.69913,49.35586],[-1.70665,49.35586],[-1.71475,49.33853],[-1.73327,49.34626],[-1.75573,49.36245],[-1.7755,49.3701],[-1.77286,49.37702],[-1.77111,49.37995],[-1.76797,49.38373],[-1.78189,49.38154],[-1.79507,49.37763],[-1.80679,49.37686],[-1.81648,49.38373],[-1.81957,49.3968],[-1.81579,49.43085],[-1.81648,49.44522],[-1.81941,49.45205],[-1.8236,49.45848],[-1.83821,49.47582],[-1.83951,49.48066],[-1.84024,49.48583],[-1.84374,49.4936],[-1.85359,49.5043],[-1.87947,49.52497],[-1.88467,49.53091],[-1.87841,49.54487],[-1.85017,49.56171],[-1.84374,49.57184],[-1.83922,49.60318],[-1.83951,49.61978],[-1.84691,49.63394],[-1.85505,49.64509],[-1.86059,49.65477],[-1.8695,49.66169],[-1.9016,49.66584],[-1.94563,49.67796],[-1.93765,49.70156],[-1.93956,49.71646],[-1.93521,49.72411],[-1.90836,49.72639],[-1.899,49.72427],[-1.87914,49.71483],[-1.8673,49.71271],[-1.83943,49.7154],[-1.82946,49.71271],[-1.82462,49.70844],[-1.82095,49.69636],[-1.81648,49.69164],[-1.81184,49.69074],[-1.80089,49.69208],[-1.79601,49.69164],[-1.774,49.68671],[-1.70775,49.68016],[-1.63305,49.66352],[-1.61718,49.66429],[-1.61669,49.66201],[-1.61636,49.65705],[-1.61392,49.65225],[-1.60668,49.65005],[-1.59732,49.65229],[-1.58373,49.66205],[-1.57287,49.66429],[-1.56119,49.66303],[-1.54039,49.65778],[-1.52843,49.65746],[-1.51146,49.66254],[-1.49592,49.67219],[-1.47012,49.69505],[-1.45572,49.70222],[-1.40949,49.71157],[-1.39127,49.71271],[-1.27115,49.69843],[-1.26305,49.6955],[-1.2591,49.6883],[-1.25414,49.67178],[-1.23225,49.64142],[-1.22777,49.62409],[-1.25333,49.61225],[-1.25756,49.60285],[-1.26,49.59345],[-1.26403,49.58926],[-1.2862,49.58893],[-1.29499,49.58682],[-1.30142,49.58177],[-1.30626,49.55809],[-1.29361,49.5384],[-1.27652,49.52074],[-1.26159,49.49315],[-1.18529,49.43037],[-1.17569,49.41523],[-1.17223,49.39338],[-1.17422,49.38239],[-1.1787,49.37458],[-1.18326,49.36945],[-1.18517,49.3664],[-1.182,49.35619],[-1.17382,49.357],[-1.16308,49.36152],[-1.15172,49.3627],[-1.14102,49.35668],[-1.13345,49.34951],[-1.12287,49.34545],[-1.10342,49.34903],[-1.10342,49.35586],[-1.11376,49.36579],[-1.10635,49.37946],[-1.08959,49.39155],[-1.07226,49.3968],[-0.94042,49.39228],[-0.82213,49.3627],[-0.65079,49.35586],[-0.60798,49.3474],[-0.58336,49.34589],[-0.54695,49.35895],[-0.52253,49.35529],[-0.47948,49.34276],[-0.41112,49.34276],[-0.39363,49.33804],[-0.36343,49.32502],[-0.3131,49.31733],[-0.21947,49.2801],[-0.19408,49.29523],[-0.03384,49.32005],[0.01287,49.33462],[0.04029,49.35041],[0.06308,49.35448],[0.07195,49.35928],[0.09596,49.38373],[0.16236,49.41519],[0.28688,49.43362],[0.41131,49.45205],[0.45729,49.46743],[0.47657,49.47866],[0.49317,49.4936],[0.42213,49.46442],[0.33961,49.45673],[0.25685,49.46406],[0.18531,49.47997],[0.16481,49.47997],[0.14731,49.48094],[0.12436,49.48579],[0.10442,49.4936],[0.09596,49.50324],[0.09278,49.50926],[0.07862,49.51553],[0.07537,49.52407],[0.07659,49.53498],[0.07968,49.54218],[0.13087,49.6035],[0.17091,49.69164],[0.18588,49.70319],[0.23585,49.72932],[0.24676,49.72944],[0.25685,49.73591],[0.38746,49.77505],[0.39763,49.78437],[0.5228,49.83295],[0.55738,49.83979],[0.59669,49.85725],[0.67482,49.8758],[0.76092,49.87507],[1.17262,49.961],[1.19695,49.97358],[1.2212,49.97899],[1.261,50.00751],[1.39129,50.07518],[1.4441,50.11725],[1.45582,50.1236],[1.46453,50.13215],[1.48683,50.18504],[1.52101,50.21467],[1.55535,50.21772],[1.65431,50.18659],[1.66407,50.18708],[1.67254,50.19253],[1.67254,50.19937],[1.66196,50.19892],[1.65528,50.20051],[1.65008,50.20478],[1.64454,50.21239],[1.66505,50.21239],[1.66505,50.21979],[1.64568,50.22004],[1.6255,50.22431],[1.61004,50.23225],[1.60353,50.24348],[1.59392,50.25629],[1.55112,50.26968],[1.54151,50.2779],[1.54314,50.31],[1.55152,50.34907],[1.57203,50.37568],[1.59498,50.37267],[1.61036,50.37067],[1.61036,50.3769],[1.55519,50.40477],[1.55519,50.41157],[1.5735,50.44538],[1.57423,50.49238],[1.57927,50.53315],[1.61036,50.54816],[1.58334,50.57469],[1.57789,50.58861],[1.57358,50.63557],[1.56316,50.67829],[1.56267,50.69896],[1.56764,50.71674],[1.58872,50.75629],[1.60011,50.77098],[1.60564,50.79003],[1.59929,50.81293],[1.58318,50.8498],[1.58082,50.86371],[1.58058,50.8688],[1.60483,50.88105],[1.61345,50.88337],[1.63429,50.88459],[1.65333,50.88911],[1.67018,50.90009],[1.69907,50.9256],[1.72983,50.94392],[1.9214,50.99677],[1.9393,50.99445],[1.97348,51.00715],[2.13404,51.01996],[2.30551,51.05541],[2.31609,51.05903],[2.32447,51.05988],[2.38445,51.05532],[2.46608,51.06879],[2.50668,51.08076],[2.52149,51.08739],[2.52182,51.08755],[2.542,51.09687],[2.57993,51.1048],[2.71567,51.1695],[2.92359,51.24649],[3.12485,51.32966],[3.34897,51.37515],[3.34946,51.37523],[3.51092,51.40795],[3.52573,51.41559],[3.54135,51.41673],[3.60467,51.39106],[3.70216,51.3736],[3.73422,51.35578],[3.75554,51.35008],[3.79591,51.35008],[3.83399,51.34325],[3.85816,51.34545],[3.95582,51.37177],[3.96925,51.38166],[3.97462,51.4016],[3.98414,51.41047],[4.00571,51.40982],[4.02906,51.4042],[4.04347,51.3985],[4.05006,51.39224],[4.06129,51.37665],[4.07016,51.37055],[4.08131,51.36815],[4.10548,51.36612],[4.11549,51.36099],[4.12192,51.35936],[4.1565,51.35757],[4.17368,51.37372],[4.18002,51.37743],[4.19955,51.37604],[4.22153,51.36799],[4.22218,51.36774],[4.24106,51.35659],[4.24903,51.34667],[4.25611,51.32844],[4.27263,51.31582],[4.29078,51.30589],[4.30299,51.29609],[4.30665,51.28974],[4.30812,51.28364],[4.30543,51.2766],[4.29868,51.2696],[4.29672,51.26756],[4.30836,51.27123],[4.31642,51.27684],[4.33082,51.29609],[4.29713,51.30516],[4.28932,51.30915],[4.28541,51.31802],[4.28614,51.33967],[4.28305,51.35008],[4.27565,51.3581],[4.26108,51.36937],[4.25709,51.3725],[4.24903,51.38422],[4.24635,51.39643],[4.24684,51.40672],[4.24488,51.4145],[4.23471,51.41901],[4.22299,51.40949],[4.20102,51.40534],[4.11109,51.40697],[4.09034,51.41128],[4.07016,51.41901],[4.01515,51.44892],[3.99879,51.45311],[3.95704,51.4558],[3.94313,51.45038],[3.91342,51.41527],[3.90211,51.40493],[3.88673,51.39981],[3.85076,51.39737],[3.8379,51.39224],[3.82716,51.39106],[3.81642,51.39411],[3.78907,51.41218],[3.72877,51.43081],[3.68971,51.45429],[3.674,51.45539],[3.63258,51.44571],[3.61004,51.44505],[3.5534,51.45311],[3.53541,51.45921],[3.52019,51.47337],[3.50685,51.48933],[3.4948,51.50092],[3.46192,51.51899],[3.45102,51.52973],[3.44703,51.54597],[3.45753,51.55508],[3.56039,51.59463],[3.82887,51.61274],[3.85108,51.61079],[3.86606,51.60541],[3.88217,51.5961],[3.89649,51.58381],[3.90577,51.56924],[3.89527,51.5666],[3.87827,51.55939],[3.87159,51.55557],[3.87159,51.54938],[3.9673,51.54312],[4.01588,51.53083],[4.05714,51.50837],[4.07032,51.49274],[4.09002,51.45824],[4.10483,51.44571],[4.12875,51.44135],[4.18084,51.44587],[4.20045,51.43952],[4.22023,51.44355],[4.25278,51.44253],[4.26385,51.4444],[4.28321,51.4477],[4.29672,51.47053],[4.28858,51.49213],[4.26775,51.50829],[4.23976,51.5185],[4.23048,51.51956],[4.19467,51.52359],[4.15333,51.53506],[4.13795,51.53587],[4.10629,51.53351],[4.09132,51.53506],[4.06723,51.54401],[3.98813,51.59028],[4.04119,51.60602],[4.06772,51.61066],[4.15724,51.6079],[4.18336,51.60293],[4.20688,51.59052],[4.20729,51.59028],[4.20265,51.60912],[4.18995,51.61669],[4.18613,51.61681],[4.14666,51.61787],[4.136,51.62043],[4.12599,51.6247],[4.11801,51.63068],[4.11297,51.63939],[4.10987,51.65086],[4.10963,51.6623],[4.11264,51.6708],[4.12566,51.67963],[4.14291,51.68415],[4.17693,51.68586],[4.16635,51.69269],[4.14112,51.70392],[4.07154,51.71719],[4.05714,51.73029],[4.05079,51.7635],[4.03395,51.78425],[4.00978,51.79792],[3.98146,51.81],[3.96258,51.80121],[3.93719,51.79633],[3.91139,51.79637],[3.89186,51.79295],[3.88819,51.78889],[3.88111,51.78807],[3.87159,51.78828],[3.86232,51.81607],[3.89137,51.82827],[3.95411,51.84016],[3.96266,51.84736],[3.98219,51.84829],[4.01564,51.84357],[4.04347,51.83421],[4.04762,51.83369],[4.05502,51.83421],[4.06544,51.8371],[4.07765,51.84357],[4.07008,51.85273],[4.04461,51.8745],[4.03785,51.87792],[4.03207,51.88203],[4.0298,51.88825],[4.03199,51.89606],[4.03663,51.90156],[4.04127,51.9055],[4.04347,51.90868],[4.04021,51.92406],[4.02117,51.96332],[4.01002,51.98013],[4.01564,51.9877],[4.02247,51.99437],[4.06902,51.98794],[4.10768,51.99189],[4.14186,52.0056],[4.28468,52.11294],[4.40691,52.22346],[4.50815,52.33637],[4.56861,52.44526],[4.57732,52.47358],[4.57732,52.48094],[4.59693,52.50658],[4.63933,52.70067],[4.65707,52.75019],[4.65984,52.76529],[4.66944,52.79658],[4.71168,52.8631],[4.72136,52.89594],[4.72242,52.9145],[4.72641,52.9383],[4.7339,52.95889],[4.74545,52.9676],[4.80698,52.96182],[4.81691,52.9676],[4.82439,52.96015],[4.80942,52.92959],[4.83277,52.91132],[4.87379,52.90396],[4.9131,52.90559],[4.9358,52.9134],[4.97828,52.9357],[4.99903,52.94033],[5.03891,52.94351],[5.07814,52.95401],[5.27947,53.06293],[5.2942,53.07343],[5.31275,53.08283],[5.3589,53.08934],[5.37924,53.09736],[5.39975,53.12206],[5.42709,53.19033],[5.44744,53.22089],[5.4826,53.24555],[5.50424,53.25703],[5.54103,53.26659],[5.55787,53.27802],[5.5735,53.29165],[5.59156,53.3028],[5.61183,53.30711],[5.65968,53.31196],[5.69459,53.33006],[5.85475,53.3688],[5.8908,53.38426],[5.91375,53.3854],[5.9808,53.40607],[6.07732,53.40892],[6.18605,53.411],[6.27394,53.41267],[6.28435,53.41055],[6.30193,53.40111],[6.31153,53.39899],[6.32008,53.4007],[6.34555,53.41267],[6.4944,53.43871],[6.73024,53.46064],[6.82911,53.45059],[6.84978,53.44489],[6.86687,53.43427],[6.90056,53.35179],[6.90577,53.35049],[6.93002,53.34007],[6.9319,53.33759],[6.9367,53.33539],[6.94166,53.33072],[6.94858,53.32608],[6.98015,53.31977],[7.02003,53.30614],[7.03777,53.30964],[7.04623,53.30386],[7.05828,53.30195],[7.07008,53.30394],[7.07862,53.30964],[7.08546,53.30964],[7.08546,53.3028],[7.07748,53.29865],[7.0735,53.29564],[7.07374,53.29133],[7.07862,53.28295],[7.08074,53.26679],[7.11109,53.25633],[7.18336,53.2451],[7.19459,53.24502],[7.20444,53.24828],[7.21583,53.2556],[7.22462,53.26293],[7.23357,53.27363],[7.23699,53.28555],[7.2295,53.29658],[7.25473,53.31953],[7.26832,53.32368],[7.29151,53.32392],[7.31316,53.3205],[7.34767,53.30736],[7.36655,53.3028],[7.34254,53.32404],[7.30291,53.33275],[7.07521,53.33759],[7.03826,53.34858],[7.02361,53.37641],[7.02329,53.45051],[7.02768,53.46735],[7.04705,53.49771],[7.05144,53.5126],[7.05974,53.52171],[7.07936,53.52155],[7.11964,53.5163],[7.12501,53.52436],[7.13453,53.52741],[7.14177,53.53718],[7.13998,53.54979],[7.13111,53.55695],[7.1019,53.56574],[7.08888,53.57372],[7.08676,53.58686],[7.10092,53.59789],[7.13315,53.61127],[7.16944,53.63548],[7.18898,53.6435],[7.22608,53.66649],[7.30502,53.6848],[7.45883,53.69514],[7.46957,53.69074],[7.48024,53.68203],[7.50392,53.67866],[7.65138,53.69697],[7.95143,53.72191],[8.03142,53.70808],[8.03142,53.70063],[8.02491,53.67255],[8.05291,53.6363],[8.09409,53.60472],[8.12761,53.59077],[8.12761,53.58462],[8.11915,53.57193],[8.13461,53.56745],[8.15675,53.56367],[8.16798,53.55321],[8.16489,53.53522],[8.15545,53.52603],[8.1338,53.5163],[8.11573,53.51073],[8.07635,53.50861],[8.05877,53.50202],[8.077,53.4687],[8.08619,53.45612],[8.09978,53.44741],[8.11248,53.45108],[8.12387,53.45401],[8.14064,53.4536],[8.15235,53.44977],[8.1714,53.43659],[8.17856,53.43374],[8.1867,53.42951],[8.19483,53.42011],[8.20533,53.41071],[8.21974,53.40644],[8.2365,53.40672],[8.24871,53.40839],[8.25945,53.4123],[8.27174,53.4195],[8.29282,53.4405],[8.31511,53.47492],[8.32049,53.50922],[8.29151,53.52936],[8.25221,53.5231],[8.23121,53.52521],[8.23316,53.53986],[8.24171,53.5563],[8.24887,53.59028],[8.25733,53.60444],[8.27068,53.61286],[8.28761,53.61689],[8.32936,53.61811],[8.34848,53.61286],[8.36329,53.60057],[8.3755,53.5869],[8.38771,53.57713],[8.42807,53.56476],[8.51344,53.55475],[8.55209,53.54361],[8.55209,53.5362],[8.52817,53.52391],[8.5062,53.50796],[8.49,53.4864],[8.4839,53.45734],[8.48504,53.40119],[8.4909,53.37645],[8.50441,53.35806],[8.50733,53.3828],[8.49676,53.44526],[8.49757,53.47476],[8.51287,53.49649],[8.53582,53.50617],[8.55665,53.51822],[8.56577,53.5467],[8.5608,53.5517],[8.53517,53.59077],[8.52752,53.59663],[8.5171,53.61017],[8.50831,53.62515],[8.50123,53.64419],[8.48707,53.66694],[8.4839,53.68358],[8.48609,53.70043],[8.4922,53.71516],[8.52963,53.7707],[8.55616,53.83096],[8.57325,53.85765],[8.58758,53.87043],[8.60711,53.88154],[8.62924,53.88939],[8.65187,53.89248],[8.6727,53.89159],[8.68458,53.8885],[8.70916,53.87198],[8.74464,53.85415],[8.78248,53.84247],[8.86069,53.831],[8.90358,53.83173],[8.97625,53.84243],[9.01629,53.84052],[9.035,53.85358],[9.11451,53.86514],[9.19361,53.86469],[9.2107,53.87198],[9.22429,53.86591],[9.24073,53.86416],[9.27467,53.86514],[9.28338,53.86164],[9.30535,53.84455],[9.40268,53.74242],[9.44288,53.7143],[9.47096,53.70063],[9.48471,53.69009],[9.49838,53.65986],[9.56707,53.5996],[9.58237,53.59129],[9.60092,53.58633],[9.62477,53.58462],[9.63722,53.581],[9.69663,53.55663],[9.76401,53.54767],[9.81902,53.54035],[9.83204,53.54361],[9.81959,53.55663],[9.78207,53.56973],[9.69239,53.57591],[9.65577,53.58462],[9.58367,53.61245],[9.55079,53.63459],[9.53907,53.66649],[9.53614,53.69375],[9.53224,53.71117],[9.52223,53.71662],[9.47527,53.73216],[9.46022,53.73542],[9.4358,53.74868],[9.41245,53.77875],[9.39666,53.81102],[9.39519,53.831],[9.35873,53.83954],[9.29558,53.87189],[9.25782,53.88557],[9.22047,53.89077],[9.09344,53.89248],[9.05543,53.9029],[9.02996,53.90713],[9.01832,53.90274],[9.00782,53.89248],[8.98463,53.89704],[8.94947,53.91291],[8.91603,53.9374],[8.83334,54.03644],[8.87184,54.04694],[8.89064,54.0478],[8.91456,54.04389],[8.95387,54.02831],[8.97535,54.02407],[8.99724,54.03022],[9.00489,54.04116],[9.01303,54.06098],[9.01857,54.08242],[9.01832,54.09789],[9.00668,54.10814],[8.98813,54.11787],[8.97446,54.12808],[8.97731,54.13947],[8.97731,54.1457],[8.95289,54.15009],[8.91798,54.14631],[8.88543,54.13703],[8.86744,54.12519],[8.86069,54.12519],[8.83334,54.15314],[8.81568,54.1756],[8.81284,54.18049],[8.82097,54.20051],[8.83627,54.21776],[8.84669,54.23355],[8.83961,54.24872],[8.83961,54.25556],[8.8519,54.26105],[8.89422,54.26822],[8.91147,54.26919],[8.92205,54.27424],[8.93751,54.28669],[8.95314,54.30256],[8.96315,54.31761],[8.94028,54.31501],[8.9026,54.29584],[8.88111,54.29027],[8.88307,54.29361],[8.88592,54.30073],[8.88795,54.30394],[8.8576,54.30183],[8.80543,54.29243],[8.77467,54.29027],[8.73894,54.29389],[8.72348,54.29027],[8.6902,54.27147],[8.67848,54.26919],[8.65187,54.27485],[8.62338,54.29011],[8.60271,54.31208],[8.59986,54.33808],[8.61402,54.34837],[8.64137,54.35566],[8.67205,54.35928],[8.69557,54.35859],[8.69557,54.36542],[8.67758,54.36791],[8.66383,54.37556],[8.65065,54.378],[8.63478,54.36542],[8.62623,54.37641],[8.62916,54.38768],[8.63844,54.39814],[8.64845,54.4064],[8.66977,54.40082],[8.75082,54.4138],[8.86069,54.4138],[8.88608,54.41779],[8.90724,54.42552],[8.94947,54.44733],[8.98805,54.45844],[9.00473,54.46589],[9.01149,54.48212],[9.01157,54.50633],[8.98609,54.52928],[8.90447,54.58063],[8.89283,54.59125],[8.88795,54.60187],[8.87875,54.60651],[8.85816,54.60615],[8.83709,54.60269],[8.82586,54.59813],[8.81902,54.60562],[8.85328,54.61929],[8.81837,54.67365],[8.80543,54.68757],[8.7767,54.69798],[8.72267,54.72553],[8.68873,54.7353],[8.68873,54.74217],[8.69435,54.76024],[8.68133,54.78059],[8.66188,54.8006],[8.64845,54.81786],[8.64275,54.84418],[8.64723,54.86738],[8.66082,54.89631],[8.66879,54.91352],[8.66139,54.92031],[8.67482,54.94794],[8.66635,54.97333],[8.6504,54.99799],[8.64096,55.02338],[8.64479,55.05573],[8.6565,55.08251],[8.67091,55.10712],[8.6819,55.13321],[8.57553,55.14411],[8.56365,55.14338],[8.55991,55.13508],[8.55738,55.09638],[8.55112,55.09138],[8.54135,55.09028],[8.52858,55.08198],[8.51482,55.07079],[8.49936,55.06558],[8.4839,55.06761],[8.47023,55.0786],[8.45883,55.10346],[8.46022,55.12739],[8.46648,55.1516],[8.47023,55.17756],[8.48894,55.19717],[8.53053,55.20075],[8.5726,55.19367],[8.59376,55.18098],[8.58033,55.17894],[8.56951,55.17377],[8.55209,55.16055],[8.55519,55.14936],[8.61476,55.14435],[8.66928,55.13691],[8.68946,55.14159],[8.68719,55.16059],[8.66879,55.19465],[8.65594,55.23749],[8.64845,55.28026],[8.6504,55.29173],[8.65935,55.30581],[8.66139,55.31444],[8.65968,55.32722],[8.64845,55.35228],[8.63941,55.39741],[8.63209,55.41877],[8.61769,55.43793],[8.59254,55.44929],[8.55665,55.45429],[8.49,55.45531],[8.44191,55.46393],[8.40113,55.48566],[8.31039,55.56269],[8.31121,55.56977],[8.33237,55.57201],[8.33237,55.57827],[8.31316,55.58271],[8.29021,55.58381],[8.26783,55.58051],[8.2505,55.57201],[8.23902,55.55793],[8.24204,55.54853],[8.27174,55.53046],[8.26246,55.5292],[8.25636,55.5268],[8.24366,55.51679],[8.26677,55.51439],[8.29396,55.50434],[8.31674,55.48941],[8.32618,55.47211],[8.31332,55.46931],[8.19361,55.52595],[8.1692,55.53408],[8.11061,55.54023],[8.09523,55.54906],[8.094,55.56391],[8.15024,55.64924],[8.16912,55.68793],[8.18165,55.72907],[8.18336,55.7696],[8.13559,55.96601],[8.13071,55.97614],[8.12778,55.97822],[8.1268,55.98298],[8.12778,55.98762],[8.13071,55.98973],[8.13673,55.98859],[8.13941,55.98603],[8.14112,55.98347],[8.14405,55.98233],[8.15056,55.97704],[8.17547,55.90034],[8.19337,55.87385],[8.19597,55.86278],[8.19361,55.85322],[8.18385,55.8395],[8.18165,55.82836],[8.18507,55.81464],[8.19361,55.81184],[8.23854,55.82608],[8.28631,55.84748],[8.30885,55.852],[8.34783,55.86933],[8.38771,55.89289],[8.39332,55.90917],[8.38689,55.9265],[8.37289,55.94343],[8.35694,55.95869],[8.31951,55.98603],[8.31951,56.01704],[8.30812,56.05292],[8.2824,56.07587],[8.24773,56.08983],[8.17058,56.10956],[8.14967,56.11115],[8.14064,56.10273],[8.14161,56.06],[8.1399,56.03974],[8.1338,56.01704],[8.13746,56.00039],[8.13478,55.99396],[8.12013,55.99657],[8.11598,56.00186],[8.11166,56.01227],[8.10792,56.02432],[8.10336,56.09687],[8.10646,56.11945],[8.13063,56.18195],[8.1338,56.20547],[8.12241,56.55166],[8.12664,56.56843],[8.1338,56.58564],[8.17872,56.67206],[8.19899,56.69888],[8.21388,56.71182],[8.21998,56.70917],[8.22397,56.70043],[8.23316,56.69546],[8.23243,56.68838],[8.20997,56.65595],[8.20216,56.64704],[8.20216,56.6402],[8.20834,56.63679],[8.2151,56.63496],[8.23316,56.63398],[8.23658,56.62971],[8.24049,56.62006],[8.24578,56.61042],[8.25392,56.60611],[8.29493,56.602],[8.30592,56.59781],[8.29151,56.593],[8.29518,56.58381],[8.29249,56.56769],[8.29835,56.55829],[8.30738,56.55435],[8.3152,56.55687],[8.31804,56.56363],[8.31202,56.57197],[8.31202,56.5788],[8.34352,56.58454],[8.3921,56.58527],[8.43653,56.58023],[8.4559,56.56855],[8.46518,56.56688],[8.51466,56.54466],[8.52849,56.54816],[8.54135,56.55683],[8.55209,56.56802],[8.55958,56.5788],[8.56577,56.5788],[8.59604,56.53181],[8.59685,56.52416],[8.59303,56.51992],[8.59457,56.51048],[8.60108,56.50113],[8.61744,56.4938],[8.63697,56.47972],[8.64845,56.47573],[8.66554,56.4759],[8.72657,56.48322],[8.73316,56.48505],[8.73854,56.49006],[8.74204,56.49775],[8.74342,56.50707],[8.74366,56.52167],[8.74497,56.53156],[8.75082,56.55207],[8.75514,56.55781],[8.76043,56.56013],[8.76254,56.56338],[8.75758,56.57197],[8.72657,56.58564],[8.71656,56.58617],[8.70899,56.58857],[8.70444,56.5937],[8.70297,56.60236],[8.6985,56.61123],[8.68149,56.61628],[8.6819,56.62653],[8.69516,56.63325],[8.7409,56.63496],[8.80543,56.69546],[8.82049,56.70038],[8.86158,56.70746],[8.91676,56.70881],[8.91871,56.711],[8.89479,56.71597],[8.85108,56.71678],[8.84083,56.72236],[8.85011,56.74018],[8.86476,56.75585],[8.87664,56.76431],[8.90846,56.77741],[8.95574,56.80296],[8.97429,56.80537],[8.9852,56.80414],[9.00367,56.79906],[9.0149,56.79784],[9.02662,56.79963],[9.03273,56.80378],[9.03761,56.80854],[9.04558,56.8122],[9.06316,56.81257],[9.08611,56.80842],[9.10597,56.80012],[9.11451,56.78799],[9.12045,56.76459],[9.13445,56.75072],[9.15056,56.74091],[9.16285,56.72964],[9.17604,56.70856],[9.1482,56.70474],[9.11883,56.67878],[9.09344,56.67499],[9.09344,56.66755],[9.0975,56.65843],[9.08668,56.6496],[9.05934,56.63398],[9.04998,56.61982],[9.04884,56.60716],[9.05299,56.57538],[9.06056,56.56574],[9.077,56.56737],[9.09344,56.57807],[9.10678,56.61079],[9.12159,56.61302],[9.13966,56.61103],[9.15545,56.61294],[9.14918,56.6225],[9.14112,56.62604],[9.13152,56.62482],[9.12135,56.62035],[9.12892,56.63125],[9.13673,56.63906],[9.14373,56.64769],[9.14861,56.66132],[9.15545,56.66132],[9.14942,56.63886],[9.17555,56.63544],[9.21119,56.63886],[9.23365,56.63715],[9.24724,56.63203],[9.26246,56.63373],[9.27622,56.63296],[9.28533,56.62035],[9.2824,56.61054],[9.25945,56.59195],[9.25034,56.5788],[9.26124,56.57636],[9.26336,56.57197],[9.26401,56.5659],[9.27084,56.55829],[9.28061,56.5528],[9.30567,56.54466],[9.30974,56.54051],[9.31219,56.5351],[9.31642,56.53083],[9.32618,56.53034],[9.34059,56.54706],[9.34669,56.55207],[9.36085,56.54475],[9.37306,56.55272],[9.37273,56.56538],[9.35035,56.57197],[9.31935,56.56171],[9.31739,56.55866],[9.31284,56.55777],[9.30226,56.55829],[9.29371,56.56102],[9.29314,56.5668],[9.29615,56.5716],[9.29884,56.57197],[9.30063,56.60912],[9.31707,56.6411],[9.32602,56.66942],[9.32594,56.66962],[9.30567,56.69546],[9.29591,56.70156],[9.2907,56.70384],[9.27084,56.70234],[9.23064,56.69208],[9.22071,56.68427],[9.19907,56.67658],[9.17791,56.67585],[9.16912,56.68867],[9.18035,56.70075],[9.22641,56.71625],[9.23683,56.73306],[9.24252,56.74706],[9.24049,56.75397],[9.21551,56.75886],[9.20525,56.76382],[9.19654,56.77045],[9.18971,56.77741],[9.18442,56.784],[9.17872,56.79413],[9.17498,56.80606],[9.17604,56.81843],[9.18116,56.82172],[9.20411,56.84162],[9.20672,56.84634],[9.21144,56.85151],[9.21062,56.8631],[9.2059,56.87458],[9.19955,56.87983],[9.18784,56.88117],[9.17897,56.88459],[9.16285,56.89411],[9.18149,56.91909],[9.20021,56.93891],[9.22047,56.95506],[9.25148,56.97256],[9.25847,56.97484],[9.26596,56.97622],[9.27467,56.97663],[9.27996,56.9798],[9.28549,56.99396],[9.28875,56.99714],[9.43702,57.0244],[9.47006,57.02383],[9.58676,56.99714],[9.58676,56.98969],[9.57399,56.98501],[9.57309,56.97883],[9.58082,56.97297],[9.59425,56.96918],[9.60792,56.96988],[9.61769,56.97504],[9.65414,57.00678],[9.67066,57.02485],[9.68898,57.03913],[9.7282,57.04706],[9.76124,57.05858],[9.80909,57.05174],[9.91578,57.05858],[9.85662,57.08869],[9.82667,57.09488],[9.80641,57.10423],[9.79566,57.10639],[9.78761,57.10395],[9.75245,57.07779],[9.73325,57.0668],[9.71192,57.06127],[9.69321,57.06916],[9.67514,57.07917],[9.6561,57.07636],[9.6211,57.05858],[9.58082,57.0493],[9.49399,57.04857],[9.26515,57.0034],[9.24537,57.00235],[9.22641,57.00703],[9.11451,57.05858],[9.12086,57.0454],[9.1128,57.03864],[9.07984,57.03124],[9.05543,57.02114],[9.04265,57.01773],[9.02573,57.01756],[9.03199,57.02383],[9.01401,57.03018],[8.99676,57.02806],[8.97967,57.02049],[8.96315,57.0102],[8.94695,57.01118],[8.92644,57.00015],[8.90903,56.98819],[8.90162,56.98627],[8.89308,56.99966],[8.87322,57.00483],[8.85043,57.00349],[8.83334,56.99714],[8.84799,56.98847],[8.8117,56.96988],[8.76205,56.95547],[8.72641,56.96125],[8.70297,56.95844],[8.67954,56.95254],[8.66879,56.9453],[8.66334,56.92593],[8.64991,56.91413],[8.63413,56.90518],[8.6211,56.89411],[8.61541,56.86563],[8.61427,56.86335],[8.61256,56.85468],[8.60792,56.84968],[8.60133,56.84553],[8.56959,56.81843],[8.54705,56.81733],[8.53631,56.81452],[8.53175,56.80878],[8.52426,56.80475],[8.50782,56.80109],[8.49138,56.79426],[8.4839,56.78115],[8.49244,56.74726],[8.49147,56.73139],[8.47641,56.72215],[8.47641,56.71597],[8.51637,56.71821],[8.52556,56.71597],[8.53305,56.7038],[8.52703,56.6953],[8.51401,56.69025],[8.50099,56.68867],[8.48927,56.69074],[8.46583,56.70014],[8.45289,56.70234],[8.44093,56.70038],[8.42091,56.69135],[8.40821,56.68867],[8.40821,56.68122],[8.4559,56.68867],[8.47023,56.6861],[8.49122,56.67699],[8.50099,56.67499],[8.57154,56.69196],[8.58627,56.68867],[8.58904,56.68134],[8.58627,56.6623],[8.58627,56.65388],[8.60133,56.64061],[8.60808,56.63105],[8.59327,56.61636],[8.58302,56.60932],[8.56959,56.60611],[8.55543,56.60489],[8.54664,56.60171],[8.54705,56.59748],[8.55958,56.593],[8.53932,56.59276],[8.51149,56.607],[8.48699,56.62531],[8.47641,56.63715],[8.4673,56.65204],[8.44483,56.66405],[8.41676,56.67206],[8.39112,56.67499],[8.37338,56.68024],[8.35222,56.69294],[8.33253,56.7084],[8.31951,56.72215],[8.30836,56.75821],[8.30201,56.76374],[8.28842,56.76634],[8.26026,56.77668],[8.24366,56.77741],[8.25807,56.74055],[8.26319,56.71894],[8.26075,56.70539],[8.24586,56.70401],[8.23829,56.72504],[8.23618,56.77119],[8.24789,56.81245],[8.27036,56.84325],[8.44972,57.00397],[8.50359,57.03465],[8.58627,57.10639],[8.61801,57.12287],[8.65382,57.1225],[8.73715,57.10639],[8.78395,57.1048],[8.87436,57.11612],[8.91456,57.12743],[8.96258,57.15656],[8.98048,57.16104],[9.23064,57.1411],[9.32154,57.14704],[9.41212,57.16543],[9.49781,57.19701],[9.57325,57.24291],[9.78842,57.4593],[9.82643,57.48994],[9.89536,57.53156],[9.92986,57.56745],[9.94313,57.5725],[9.96697,57.59138],[10.01539,57.59663],[10.10768,57.59296],[10.1976,57.60122],[10.27955,57.62092],[10.3506,57.64899],[10.4725,57.71699],[10.53907,57.74384],[10.56609,57.74946],[10.59604,57.75117],[10.62501,57.7475],[10.64894,57.73701],[10.59441,57.7259],[10.54249,57.69892],[10.46046,57.63056],[10.43043,57.57054],[10.45834,57.52546],[10.50896,57.48404],[10.54656,57.43529],[10.51743,57.3913],[10.51791,57.33918],[10.53907,57.23672],[10.52198,57.22175],[10.47088,57.20116],[10.44679,57.18488],[10.41147,57.14444],[10.39552,57.11725],[10.38404,57.0742],[10.35922,57.02611],[10.34718,57.0102],[10.33872,57.00324],[10.33058,56.99934],[10.31967,56.9975],[10.27247,56.99787],[10.25799,56.99584],[10.23976,56.99282],[10.15602,57.02383],[10.094,57.06049],[10.05274,57.06973],[10.01938,57.08845],[9.99464,57.09272],[9.97446,57.08649],[9.94614,57.06118],[9.92693,57.05858],[9.94549,57.05732],[9.96656,57.07221],[9.98414,57.07905],[10.00196,57.08389],[10.02263,57.07909],[10.12127,57.02212],[10.15398,57.01325],[10.19239,56.99405],[10.21437,56.98969],[10.2951,56.98859],[10.31373,56.98286],[10.28566,56.96369],[10.27955,56.95551],[10.27475,56.94229],[10.2693,56.91503],[10.26588,56.9077],[10.27312,56.89134],[10.28403,56.84032],[10.28834,56.80012],[10.29542,56.77888],[10.32,56.73648],[10.32846,56.7298],[10.33823,56.72394],[10.34059,56.71735],[10.32683,56.70856],[10.3187,56.70824],[10.29518,56.7143],[10.28256,56.71597],[10.23756,56.71597],[10.22185,56.7121],[10.20387,56.70234],[10.18702,56.71223],[10.16814,56.72004],[10.14649,56.72236],[10.12127,56.71597],[10.09897,56.70612],[10.08961,56.70405],[10.0735,56.70234],[10.05836,56.69823],[10.02752,56.68427],[9.9909,56.67695],[9.94557,56.65815],[9.80592,56.64704],[9.80592,56.6402],[9.85133,56.63573],[10.00148,56.66132],[10.03492,56.67284],[10.04957,56.67499],[10.05291,56.67715],[10.05348,56.68183],[10.05543,56.68651],[10.06284,56.68867],[10.07097,56.68749],[10.08432,56.68236],[10.09059,56.68122],[10.10133,56.68268],[10.11362,56.68671],[10.12379,56.69233],[10.1281,56.69888],[10.13478,56.71239],[10.15056,56.71442],[10.18336,56.70856],[10.18084,56.7049],[10.17579,56.69546],[10.19321,56.69359],[10.24195,56.68838],[10.28354,56.68976],[10.31031,56.69888],[10.33424,56.70384],[10.35279,56.68183],[10.35768,56.64875],[10.34034,56.62035],[10.27296,56.5917],[10.22332,56.56061],[10.21437,56.55829],[10.20729,56.52578],[10.20387,56.51667],[10.21144,56.50532],[10.2068,56.49095],[10.19549,56.47769],[10.18336,56.46955],[10.21412,56.47045],[10.2256,56.47573],[10.22438,56.51362],[10.22755,56.54108],[10.23764,56.55439],[10.27955,56.57197],[10.31267,56.59663],[10.33033,56.60322],[10.35092,56.59589],[10.3545,56.58954],[10.35987,56.5681],[10.36085,56.56171],[10.36524,56.55842],[10.39487,56.54466],[10.4699,56.5209],[10.55152,56.51557],[10.78907,56.53636],[10.82228,56.53425],[10.85499,56.52416],[10.86988,56.51472],[10.90211,56.48322],[10.96412,56.44843],[10.96412,56.44221],[10.94093,56.42951],[10.92848,56.40648],[10.92351,56.37987],[10.92262,56.35627],[10.91163,56.33405],[10.81959,56.26093],[10.77296,56.24299],[10.75538,56.22932],[10.75001,56.21605],[10.75261,56.18496],[10.73862,56.15453],[10.70704,56.15086],[10.67221,56.16519],[10.64894,56.18838],[10.67465,56.19082],[10.68523,56.19623],[10.69044,56.20889],[10.68767,56.22224],[10.67758,56.2263],[10.66456,56.22761],[10.6526,56.23273],[10.62859,56.23753],[10.60377,56.22101],[10.58123,56.1992],[10.54916,56.17821],[10.55616,56.15493],[10.56935,56.12946],[10.57374,56.11262],[10.56398,56.10562],[10.54802,56.10126],[10.53102,56.10017],[10.51857,56.10273],[10.50847,56.11103],[10.49855,56.13019],[10.49122,56.13996],[10.4992,56.14472],[10.51612,56.1516],[10.5254,56.15363],[10.51824,56.16478],[10.50945,56.17011],[10.46811,56.17707],[10.45899,56.17609],[10.4367,56.16791],[10.4087,56.16486],[10.39145,56.17267],[10.37623,56.18667],[10.35467,56.20205],[10.37696,56.20331],[10.41041,56.21849],[10.42921,56.22248],[10.44337,56.21662],[10.4607,56.2062],[10.47779,56.20234],[10.49122,56.21629],[10.47429,56.23225],[10.47543,56.2447],[10.50473,56.27778],[10.49122,56.27766],[10.47682,56.28091],[10.46363,56.28685],[10.45362,56.2945],[10.44264,56.29865],[10.41676,56.2919],[10.40301,56.29824],[10.39926,56.28486],[10.39381,56.27652],[10.38502,56.27216],[10.3711,56.27094],[10.36378,56.26557],[10.33692,56.23273],[10.31251,56.21516],[10.25847,56.19025],[10.23422,56.17133],[10.22023,56.14789],[10.2269,56.13325],[10.24342,56.11957],[10.25904,56.09903],[10.26564,56.07372],[10.26149,56.05443],[10.2492,56.03693],[10.23113,56.01704],[10.25514,56.02363],[10.27272,56.02485],[10.27752,56.01777],[10.25245,55.98623],[10.25001,55.97346],[10.25164,55.94819],[10.25074,55.93073],[10.24928,55.92304],[10.24537,55.91462],[10.22136,55.89692],[10.21754,55.88984],[10.21266,55.88988],[10.20183,55.88589],[10.1902,55.87971],[10.18336,55.87372],[10.18832,55.87116],[10.19557,55.86131],[10.19939,55.85073],[10.1906,55.84349],[10.18735,55.83861],[10.18214,55.83369],[10.1727,55.83149],[10.16041,55.83332],[10.15105,55.83812],[10.13551,55.852],[10.13103,55.85847],[10.1281,55.86587],[10.12379,55.87328],[10.11451,55.87987],[10.10182,55.88239],[10.00465,55.87987],[9.99171,55.87735],[9.98365,55.87141],[9.97739,55.86457],[9.97047,55.85944],[9.94451,55.85358],[9.89177,55.85537],[9.86744,55.852],[9.89259,55.83625],[10.03566,55.81843],[10.04575,55.81395],[10.04217,55.80341],[10.02565,55.78303],[10.01734,55.76557],[10.01979,55.75788],[10.0337,55.75605],[10.05983,55.75642],[10.05983,55.7495],[10.01881,55.73627],[10.00685,55.72504],[10.01824,55.70856],[10.0145,55.70685],[10.00522,55.70112],[9.9817,55.70942],[9.87184,55.69123],[9.82179,55.67597],[9.79225,55.67447],[9.73097,55.68814],[9.69565,55.7058],[9.68653,55.70856],[9.58302,55.70889],[9.55958,55.7154],[9.55641,55.71157],[9.55454,55.70881],[9.55348,55.7058],[9.55274,55.70112],[9.57358,55.69546],[9.64552,55.69489],[9.65854,55.69038],[9.7103,55.66014],[9.72096,55.64826],[9.7282,55.63752],[9.73829,55.62971],[9.75815,55.62665],[9.85377,55.62665],[9.83741,55.61522],[9.78549,55.59195],[9.75766,55.5716],[9.74415,55.56635],[9.72088,55.5646],[9.71241,55.56029],[9.71062,55.55093],[9.7103,55.54157],[9.70688,55.5373],[9.64389,55.52831],[9.6211,55.51895],[9.60727,55.51679],[9.59523,55.51838],[9.57276,55.52391],[9.55958,55.52363],[9.56219,55.51952],[9.56642,55.51679],[9.55193,55.50511],[9.5149,55.4982],[9.49806,55.48945],[9.51564,55.48314],[9.53443,55.48383],[9.58367,55.49116],[9.59278,55.49429],[9.60239,55.49579],[9.66017,55.47797],[9.66424,55.4667],[9.65992,55.45303],[9.64894,55.44107],[9.63526,55.43574],[9.60141,55.43183],[9.58676,55.42744],[9.59205,55.41633],[9.60434,55.40119],[9.60792,55.39326],[9.60515,55.38203],[9.59929,55.37336],[9.60084,55.36591],[9.6211,55.35855],[9.63347,55.352],[9.64527,55.34272],[9.64829,55.33291],[9.63461,55.32502],[9.63461,55.31757],[9.64487,55.31094],[9.6819,55.27464],[9.69418,55.27163],[9.70607,55.26508],[9.7103,55.24868],[9.70655,55.23701],[9.69947,55.2298],[9.69288,55.22101],[9.68979,55.2049],[9.68442,55.19758],[9.67156,55.19245],[9.65577,55.18944],[9.6421,55.18842],[9.58334,55.19465],[9.56983,55.19253],[9.56153,55.1872],[9.55494,55.18057],[9.54591,55.17414],[9.52182,55.16543],[9.50717,55.16193],[9.4944,55.16055],[9.48634,55.15624],[9.48634,55.14741],[9.49464,55.14008],[9.51189,55.14008],[9.51189,55.13321],[9.48243,55.13378],[9.46876,55.13178],[9.45655,55.12572],[9.46664,55.12141],[9.47918,55.1197],[9.50807,55.11953],[9.52133,55.11587],[9.53582,55.10688],[9.55958,55.08539],[9.5337,55.06582],[9.51661,55.05655],[9.49806,55.05069],[9.4524,55.04536],[9.43434,55.03754],[9.44288,55.02338],[9.45525,55.02318],[9.51189,55.03636],[9.53736,55.03539],[9.54591,55.03636],[9.55323,55.03962],[9.56023,55.04442],[9.56853,55.04877],[9.57993,55.05069],[9.60157,55.0454],[9.64186,55.01972],[9.66261,55.00971],[9.71754,55.00117],[9.73097,54.99543],[9.73862,54.98086],[9.76075,54.90497],[9.76319,54.90046],[9.76157,54.89741],[9.75196,54.89301],[9.73707,54.89277],[9.72299,54.89765],[9.71144,54.89859],[9.70346,54.88618],[9.71599,54.88378],[9.72788,54.87946],[9.7378,54.87352],[9.74448,54.86628],[9.7483,54.85786],[9.75025,54.84626],[9.74594,54.836],[9.73121,54.83153],[9.71957,54.83584],[9.70533,54.85456],[9.69663,54.85887],[9.65504,54.85708],[9.6421,54.85887],[9.6233,54.8653],[9.62469,54.86929],[9.63282,54.87311],[9.63461,54.87934],[9.61695,54.89423],[9.61036,54.90323],[9.61752,54.90729],[9.64422,54.91328],[9.63885,54.92475],[9.615,54.93268],[9.58676,54.92772],[9.58123,54.92178],[9.56804,54.90143],[9.55681,54.89033],[9.55055,54.88272],[9.54591,54.87934],[9.53834,54.87792],[9.52215,54.8793],[9.51515,54.87592],[9.49806,54.86433],[9.45639,54.84382],[9.44288,54.83153],[9.43629,54.81045],[9.43751,54.81041],[9.45143,54.81037],[9.511,54.82783],[9.52996,54.8415],[9.55437,54.84711],[9.56691,54.86017],[9.57993,54.86628],[9.58318,54.83027],[9.6316,54.81989],[9.69304,54.81802],[9.73463,54.80732],[9.75213,54.79963],[9.77809,54.79316],[9.80177,54.78339],[9.81219,54.76606],[9.82374,54.75674],[9.84986,54.75934],[9.89536,54.76948],[9.89145,54.79027],[9.91505,54.79121],[9.94752,54.77953],[9.97047,54.76264],[9.98414,54.7285],[9.99049,54.72053],[9.99952,54.71296],[10.01824,54.70124],[10.00538,54.6955],[9.9922,54.69648],[9.97983,54.69977],[9.97047,54.70124],[9.97104,54.69904],[9.9463,54.68765],[9.94313,54.68757],[9.9367,54.685],[9.93238,54.68525],[9.92994,54.68309],[9.92945,54.6739],[9.9441,54.67333],[9.97023,54.67792],[9.99635,54.67878],[10.0114,54.66706],[10.02215,54.67243],[10.03354,54.67292],[10.03907,54.66682],[10.03191,54.65278],[10.03696,54.6389],[10.03761,54.61909],[10.03191,54.5777],[10.02687,54.55996],[10.02003,54.54584],[10.01043,54.53433],[9.99781,54.52367],[9.96559,54.50617],[9.9253,54.49311],[9.88201,54.48485],[9.8401,54.48212],[9.8401,54.47529],[9.88331,54.4621],[10.12469,54.49575],[10.1434,54.49185],[10.20387,54.461],[10.18393,54.44937],[10.18385,54.43842],[10.19174,54.42617],[10.19703,54.4101],[10.19125,54.39671],[10.17709,54.38426],[10.15903,54.37531],[10.14177,54.37226],[10.14438,54.37002],[10.1478,54.36831],[10.14829,54.36518],[10.14177,54.35859],[10.15252,54.35179],[10.15553,54.34341],[10.15162,54.33397],[10.14177,54.32441],[10.16375,54.32917],[10.18035,54.34113],[10.20387,54.37226],[10.21713,54.40542],[10.22438,54.4138],[10.23439,54.41771],[10.27215,54.42007],[10.28582,54.42475],[10.29249,54.43016],[10.29762,54.43574],[10.3069,54.44111],[10.31837,54.4433],[10.36085,54.44111],[10.38282,54.43476],[10.44337,54.4064],[10.60108,54.36542],[10.6902,54.31623],[10.73129,54.31021],[10.77711,54.31513],[10.8108,54.32738],[10.86793,54.35859],[10.90089,54.37104],[10.93531,54.37954],[11.01881,54.38589],[11.01881,54.3791],[11.00082,54.37857],[10.97584,54.3784],[10.99317,54.37385],[11.01051,54.37718],[11.03395,54.36762],[11.10418,54.39289],[11.13551,54.38589],[11.0984,54.36152],[11.08774,54.35175],[11.0818,54.35464],[11.06658,54.35859],[11.0774,54.34223],[11.0866,54.30244],[11.09449,54.28351],[11.08709,54.2709],[11.08774,54.25389],[11.09449,54.22508],[11.09018,54.20799],[11.08058,54.19888],[11.07097,54.19257],[11.06658,54.18391],[10.95045,54.13947],[10.91033,54.1092],[10.89283,54.10253],[10.85239,54.09431],[10.84457,54.09447],[10.83611,54.08999],[10.82936,54.09284],[10.82228,54.09736],[10.81332,54.09789],[10.80543,54.09488],[10.80144,54.09223],[10.76287,54.05683],[10.75261,54.05012],[10.75261,54.04389],[10.76588,54.02436],[10.78045,54.00996],[10.79965,54.00056],[10.82691,53.99543],[10.86557,53.99779],[10.8755,53.99543],[10.88258,53.98505],[10.88356,53.97313],[10.88738,53.96393],[10.90211,53.96137],[10.90602,53.96121],[10.91765,53.96076],[10.92262,53.96137],[10.93539,53.96727],[10.96469,53.98542],[10.98121,53.98924],[11.00025,53.9916],[11.05348,54.00849],[11.17506,54.01801],[11.18385,54.01602],[11.19077,54.01032],[11.19728,53.99624],[11.20436,53.98924],[11.23992,53.98347],[11.24537,53.97842],[11.24073,53.95563],[11.24293,53.94522],[11.25563,53.94086],[11.28541,53.93968],[11.29371,53.94086],[11.33416,53.96137],[11.34181,53.95832],[11.35206,53.94416],[11.35825,53.94086],[11.39991,53.94086],[11.4004,53.93773],[11.43873,53.90913],[11.4463,53.90615],[11.45769,53.90615],[11.45899,53.91669],[11.46909,53.93277],[11.47682,53.9527],[11.47242,53.96882],[11.47983,53.97614],[11.48951,53.98062],[11.49789,53.98184],[11.49594,53.98631],[11.4935,53.99763],[11.49171,54.00235],[11.52589,54.02277],[11.52589,54.03022],[11.51905,54.03022],[11.51905,54.03644],[11.54461,54.03018],[11.55323,54.03022],[11.5735,54.03905],[11.59132,54.06562],[11.60475,54.07123],[11.6128,54.0729],[11.6194,54.0773],[11.62452,54.08364],[11.62892,54.09105],[11.62957,54.09601],[11.62208,54.09955],[11.62208,54.10468],[11.62525,54.10981],[11.62941,54.11323],[11.63315,54.11591],[11.65789,54.14224],[11.68971,54.15522],[11.72877,54.15851],[11.81227,54.14981],[12.05063,54.17992],[12.08815,54.19408],[12.09327,54.16543],[12.08953,54.13764],[12.09164,54.114],[12.115,54.09789],[12.10532,54.11001],[12.10035,54.13597],[12.09506,54.1457],[12.10548,54.15738],[12.13429,54.16698],[12.14283,54.18049],[12.1316,54.18114],[12.12086,54.18],[12.11061,54.17744],[12.10133,54.17365],[12.1089,54.18301],[12.14283,54.20917],[12.1631,54.21992],[12.18686,54.24335],[12.20094,54.24872],[12.21404,54.25096],[12.2894,54.27509],[12.32732,54.29377],[12.34213,54.30394],[12.37818,54.34492],[12.43832,54.39582],[12.44483,54.40546],[12.48609,54.44733],[12.50196,54.47358],[12.51344,54.48225],[12.53386,54.48827],[12.53386,54.48212],[12.52703,54.48212],[12.54835,54.46206],[12.59148,54.45173],[12.8191,54.45173],[12.85662,54.44111],[12.87965,54.4488],[12.90838,54.44465],[12.92115,54.4335],[12.89633,54.42007],[12.87078,54.41682],[12.76368,54.42219],[12.72096,54.43159],[12.69459,54.43366],[12.68678,54.43163],[12.67612,54.42255],[12.67042,54.42007],[12.65008,54.42007],[12.6242,54.42292],[12.61451,54.41975],[12.60841,54.4064],[12.60222,54.4138],[12.59693,54.41193],[12.58806,54.40746],[12.58172,54.4064],[12.58351,54.39785],[12.58766,54.39403],[12.594,54.39277],[12.60222,54.39208],[12.59864,54.39155],[12.59588,54.39151],[12.59441,54.3902],[12.59474,54.38589],[12.57553,54.39199],[12.55405,54.39081],[12.53598,54.38373],[12.52703,54.37226],[12.51075,54.38426],[12.49098,54.39008],[12.45476,54.39208],[12.43849,54.38752],[12.42498,54.37592],[12.41847,54.36066],[12.424,54.34492],[12.40968,54.34663],[12.40382,54.34809],[12.39674,54.35175],[12.3899,54.34492],[12.39649,54.33295],[12.39161,54.32111],[12.37908,54.31245],[12.36256,54.31021],[12.36964,54.29658],[12.37794,54.28587],[12.38014,54.27709],[12.36883,54.26919],[12.41245,54.25141],[12.43678,54.24771],[12.45818,54.25556],[12.44264,54.25519],[12.43084,54.25861],[12.41033,54.26919],[12.41684,54.28095],[12.42628,54.28962],[12.45143,54.30394],[12.45729,54.3063],[12.46827,54.30834],[12.47242,54.31021],[12.4756,54.31513],[12.47657,54.32779],[12.47869,54.33185],[12.49562,54.34028],[12.56056,54.35859],[12.54705,54.36449],[12.54078,54.36542],[12.54078,54.37226],[12.55934,54.37629],[12.56609,54.37592],[12.57423,54.37226],[12.57423,54.3791],[12.59295,54.36933],[12.62273,54.37393],[12.67726,54.39208],[12.67506,54.39541],[12.67237,54.40298],[12.67042,54.4064],[12.68084,54.41087],[12.69256,54.41364],[12.70484,54.41462],[12.71754,54.4138],[12.71754,54.4064],[12.70248,54.40412],[12.69239,54.39619],[12.68653,54.38475],[12.68409,54.37226],[12.69663,54.38496],[12.70118,54.39167],[12.7046,54.3996],[12.71355,54.39008],[12.72381,54.38125],[12.73504,54.37816],[12.7461,54.38589],[12.75782,54.37979],[12.76857,54.38007],[12.77833,54.38475],[12.78712,54.39208],[12.78989,54.38434],[12.79469,54.37714],[12.80095,54.37075],[12.81804,54.35798],[12.82179,54.35615],[12.82537,54.35725],[12.83546,54.35859],[12.85467,54.35786],[12.86476,54.35956],[12.87599,54.36542],[12.88453,54.37348],[12.89487,54.38972],[12.90382,54.3996],[12.92937,54.41437],[12.96909,54.42939],[13.0088,54.43806],[13.03419,54.43366],[13.02149,54.42646],[13.02101,54.41454],[13.02858,54.40184],[13.04038,54.39208],[13.08367,54.37897],[13.09555,54.37226],[13.07667,54.35253],[13.08074,54.33714],[13.10922,54.31021],[13.11207,54.2993],[13.11207,54.28848],[13.11492,54.28002],[13.12599,54.2766],[13.17066,54.2766],[13.17066,54.26919],[13.16131,54.26903],[13.15463,54.26732],[13.1434,54.26301],[13.17612,54.26484],[13.22836,54.24738],[13.26319,54.2425],[13.28883,54.23428],[13.32179,54.19453],[13.34889,54.18049],[13.33334,54.17402],[13.32154,54.16682],[13.34653,54.16694],[13.3838,54.17813],[13.40349,54.17365],[13.39568,54.16193],[13.39088,54.15729],[13.38299,54.15314],[13.39479,54.14891],[13.40211,54.15131],[13.4087,54.15461],[13.41774,54.15314],[13.42319,54.1481],[13.43767,54.12519],[13.45037,54.11042],[13.4651,54.09846],[13.48357,54.09129],[13.50709,54.09105],[13.50709,54.09789],[13.49887,54.10248],[13.48748,54.11392],[13.47926,54.11835],[13.47926,54.12519],[13.60271,54.13947],[13.63233,54.14753],[13.68344,54.16804],[13.71192,54.17365],[13.71648,54.16844],[13.71469,54.16405],[13.70826,54.16087],[13.69825,54.15933],[13.69825,54.15314],[13.72877,54.14387],[13.80812,54.10468],[13.80812,54.09789],[13.79371,54.0832],[13.78549,54.06391],[13.7732,54.04633],[13.7461,54.03644],[13.75815,54.03099],[13.78712,54.0091],[13.79762,53.99893],[13.80348,53.99632],[13.8318,53.98924],[13.83863,53.98631],[13.84311,53.97956],[13.8462,53.97224],[13.84913,53.9676],[13.85027,53.96402],[13.84897,53.95946],[13.84864,53.95555],[13.85255,53.95384],[13.86687,53.95466],[13.87013,53.95384],[13.8755,53.95124],[13.8816,53.94904],[13.88795,53.94758],[13.89357,53.94709],[13.90602,53.94306],[13.90756,53.93354],[13.90138,53.92231],[13.89015,53.91291],[13.81853,53.878],[13.80812,53.86514],[13.81707,53.85293],[13.83579,53.84748],[13.85434,53.84492],[13.8628,53.84125],[13.86915,53.83031],[13.8838,53.81769],[13.89991,53.80915],[13.91066,53.81049],[13.98422,53.77399],[14.01734,53.76952],[14.03354,53.75751],[14.03745,53.75528],[14.06153,53.75642],[14.06886,53.75528],[14.094,53.74632],[14.10613,53.74335],[14.18653,53.73981],[14.21469,53.74486],[14.22657,53.75869],[14.23414,53.76179],[14.25017,53.75996],[14.2645,53.75161],[14.26743,53.73542],[14.25953,53.72797],[14.21274,53.70808],[14.22535,53.70376],[14.24,53.70075],[14.2562,53.69945],[14.26393,53.69998],[14.27369,53.70063],[14.29168,53.70527],[14.30486,53.71255],[14.30616,53.72069],[14.28858,53.72797],[14.29835,53.73143],[14.30161,53.73485],[14.29835,53.73827],[14.28858,53.74164],[14.2942,53.74909],[14.30405,53.74388],[14.31804,53.73973],[14.33041,53.7342],[14.34205,53.71491],[14.35621,53.70844],[14.38356,53.70063],[14.40358,53.68781],[14.41456,53.68236],[14.45867,53.67788],[14.51238,53.66645],[14.53102,53.65778],[14.54623,53.64476],[14.57911,53.60725],[14.59059,53.59837],[14.59588,53.6013],[14.59702,53.61734],[14.60157,53.62665],[14.61004,53.63276],[14.62379,53.63923],[14.62306,53.64301],[14.62281,53.64696],[14.62379,53.65282],[14.61305,53.65469],[14.58741,53.65607],[14.57594,53.65965],[14.54493,53.70405],[14.55144,53.72614],[14.57594,53.76952],[14.58741,53.7635],[14.59734,53.7652],[14.60825,53.76903],[14.62379,53.76952],[14.61671,53.79475],[14.62037,53.81485],[14.62729,53.83271],[14.63063,53.85151],[14.62379,53.85151],[14.62135,53.83954],[14.61354,53.83161],[14.58961,53.81733],[14.59588,53.81049],[14.58709,53.81265],[14.58009,53.81533],[14.57447,53.81908],[14.5691,53.82416],[14.57423,53.82709],[14.58326,53.83421],[14.58961,53.83784],[14.57586,53.8548],[14.55209,53.86278],[14.44117,53.86961],[14.42555,53.87983],[14.43816,53.89932],[14.43491,53.90131],[14.43409,53.9016],[14.43377,53.90241],[14.4319,53.90615],[14.42205,53.89614],[14.41424,53.89472],[14.40577,53.89741],[14.39381,53.89932],[14.3851,53.89728],[14.37827,53.89232],[14.37159,53.88589],[14.36305,53.87938],[14.39291,53.87596],[14.40919,53.87157],[14.41765,53.86514],[14.4157,53.85301],[14.40528,53.84418],[14.39259,53.84073],[14.38356,53.84467],[14.35621,53.83446],[14.34262,53.83185],[14.3283,53.831],[14.3283,53.82416],[14.34205,53.82099],[14.34132,53.81892],[14.3283,53.81733],[14.31886,53.81818],[14.30307,53.82307],[14.29135,53.82416],[14.27467,53.8308],[14.22657,53.87198],[14.20314,53.87832],[14.20086,53.87816],[14.08741,53.87043],[14.06511,53.87238],[14.04835,53.87938],[14.02508,53.86384],[13.99586,53.85375],[13.93849,53.84467],[13.87525,53.84406],[13.8401,53.85029],[13.82179,53.86514],[13.83473,53.86799],[13.85548,53.87739],[13.88771,53.88154],[13.92237,53.89338],[13.93165,53.89932],[13.93898,53.92821],[13.90187,53.96979],[13.90447,53.99543],[13.95484,53.9936],[13.97267,53.98924],[13.96583,53.98184],[13.96827,53.97626],[13.9603,53.95673],[13.95899,53.94086],[13.97462,53.95734],[13.98748,53.96141],[14.02784,53.96137],[14.02263,53.95897],[14.01857,53.95637],[14.01588,53.9527],[14.01433,53.94709],[14.04835,53.94086],[14.04029,53.95384],[14.05307,53.97842],[14.05128,54.00507],[14.03745,54.02171],[14.01433,54.01602],[14.0062,54.03229],[13.99529,54.04572],[13.9817,54.05634],[13.96583,54.06379],[13.94606,54.0666],[13.92612,54.06403],[13.91586,54.05638],[13.92482,54.04389],[13.92482,54.03644],[13.91627,54.03364],[13.90724,54.02749],[13.89991,54.01972],[13.89698,54.01227],[13.89088,54.01016],[13.85597,54.00235],[13.85808,54.01577],[13.86557,54.02407],[13.87355,54.02997],[13.87631,54.03644],[13.8711,54.04865],[13.86362,54.04999],[13.85499,54.04633],[13.82301,54.03791],[13.80828,54.02631],[13.7942,54.01813],[13.7741,54.02277],[13.78207,54.04214],[13.80926,54.0751],[13.81495,54.10126],[13.80616,54.11664],[13.76531,54.14191],[13.75294,54.15314],[13.76222,54.16446],[13.7776,54.17402],[13.79615,54.17829],[13.81495,54.17365],[13.82374,54.16397],[13.84409,54.13129],[13.85597,54.11835],[13.8825,54.10244],[13.94842,54.07978],[13.98618,54.07123],[14.01661,54.06],[14.19239,53.94611],[14.20948,53.93863],[14.21005,53.93846],[14.22657,53.93403],[14.23748,53.92866],[14.26808,53.92182],[14.36704,53.91698],[14.40675,53.92182],[14.44557,53.93403],[14.51734,53.96524],[14.78191,54.03461],[15.0101,54.06981],[15.28834,54.13886],[15.46852,54.16714],[15.66578,54.19843],[15.85971,54.24999],[16.02084,54.26179],[16.13152,54.28351],[16.11891,54.27603],[16.06935,54.26301],[16.09108,54.25397],[16.17921,54.26301],[16.17921,54.26919],[16.17237,54.26919],[16.17237,54.2766],[16.22006,54.2766],[16.21957,54.28148],[16.21852,54.28238],[16.21664,54.28205],[16.21323,54.28351],[16.21518,54.29963],[16.19215,54.30028],[16.13771,54.29027],[16.17213,54.30024],[16.21355,54.31611],[16.2754,54.35859],[16.26287,54.3437],[16.24049,54.33002],[16.23178,54.32258],[16.2409,54.32453],[16.25904,54.32673],[16.27491,54.33047],[16.28883,54.34024],[16.3239,54.34992],[16.33676,54.35859],[16.32488,54.37311],[16.30502,54.37348],[16.29623,54.36725],[16.28159,54.35859],[16.32399,54.40131],[16.43979,54.48827],[16.43979,54.48212],[16.43442,54.47236],[16.44451,54.46988],[16.46062,54.47346],[16.4734,54.48212],[16.47975,54.49555],[16.47389,54.49966],[16.46095,54.49649],[16.44606,54.48827],[16.46656,54.51215],[16.50131,54.53242],[16.56959,54.5572],[16.77849,54.57514],[16.85963,54.59394],[16.90219,54.59813],[16.93995,54.60602],[17.03582,54.66706],[17.33741,54.74901],[17.71567,54.79043],[17.88543,54.82412],[18.15235,54.83832],[18.31691,54.83832],[18.33953,54.83348],[18.37582,54.81513],[18.38917,54.8111],[18.41017,54.80829],[18.75172,54.69009],[18.81398,54.64322],[18.82407,54.63223],[18.83432,54.61669],[18.8353,54.60309],[18.81764,54.59813],[18.81324,54.60155],[18.80836,54.60883],[18.80226,54.61603],[18.78403,54.62352],[18.77182,54.64228],[18.75538,54.65449],[18.70777,54.70124],[18.6985,54.7038],[18.66342,54.70799],[18.65455,54.71015],[18.64503,54.71955],[18.61671,54.72525],[18.55698,54.74901],[18.49822,54.76537],[18.48878,54.77318],[18.45631,54.78767],[18.44776,54.78998],[18.43556,54.78681],[18.42921,54.78168],[18.41505,54.75312],[18.4131,54.74653],[18.4131,54.73192],[18.41847,54.72822],[18.44239,54.72199],[18.44776,54.71825],[18.45981,54.70604],[18.47446,54.68757],[18.47389,54.67992],[18.47006,54.67329],[18.47039,54.66673],[18.48194,54.65961],[18.47592,54.64008],[18.48732,54.63178],[18.50636,54.6341],[18.52296,54.64655],[18.5171,54.62995],[18.52516,54.61669],[18.53761,54.60545],[18.56284,54.56],[18.57065,54.55036],[18.56674,54.52741],[18.56756,54.48786],[18.57407,54.45038],[18.58806,54.43366],[18.60377,54.43061],[18.63429,54.41694],[18.64991,54.4138],[18.66334,54.41299],[18.68002,54.40998],[18.69435,54.40453],[18.70045,54.39582],[18.7173,54.38203],[18.88592,54.35017],[18.92319,54.34854],[18.95436,54.35859],[18.9629,54.3535],[18.97462,54.34976],[19.00213,54.34492]]}},{"type":"Feature","properties":{"featurecla":"Coastline","scalerank":6,"min_zoom":6.0},"geometry":{"type":"LineString","coordinates":[[-5.05028,48.47883],[-5.069,48.48505],[-5.09179,48.48078],[-5.1328,48.46516],[-5.1328,48.45832],[-5.10741,48.46336],[-5.09777,48.46133],[-5.09187,48.45148],[-5.09512,48.45112],[-5.10216,48.45185],[-5.10554,48.45148],[-5.10554,48.44465],[-5.08796,48.44721],[-5.03661,48.46516],[-5.03661,48.4726],[-5.04296,48.47199],[-5.04625,48.47382],[-5.04817,48.47651],[-5.05028,48.47883]]}},{"type":"Feature","properties":{"featurecla":"Coastline","scalerank":5,"min_zoom":3.0},"geometry":{"type":"LineString","coordinates":[[-2.08267,49.26024],[-2.09756,49.25967],[-2.10387,49.25821],[-2.11067,49.2534],[-2.12198,49.25829],[-2.14379,49.26187],[-2.15168,49.26704],[-2.16271,49.2604],[-2.17235,49.25625],[-2.18273,49.25406],[-2.19628,49.2534],[-2.2152,49.26024],[-2.22936,49.26301],[-2.24112,49.26024],[-2.24201,49.24795],[-2.23323,49.2285],[-2.22647,49.206],[-2.23363,49.18452],[-2.22338,49.18472],[-2.20295,49.19042],[-2.2001,49.19196],[-2.18969,49.18911],[-2.17715,49.18016],[-2.16869,49.17829],[-2.16063,49.19074],[-2.15294,49.19994],[-2.14485,49.20563],[-2.13793,49.20563],[-2.1289,49.20307],[-2.12023,49.19916],[-2.09699,49.18366],[-2.07999,49.1787],[-2.04922,49.17829],[-2.04003,49.17573],[-2.03116,49.17145],[-2.02453,49.17133],[-2.02196,49.18138],[-2.02204,49.19245],[-2.02099,49.20075],[-2.017,49.20722],[-2.00829,49.21247],[-2.01187,49.21528],[-2.01732,49.22138],[-2.02196,49.22549],[-2.02066,49.23526],[-2.06786,49.25068],[-2.08267,49.26024]]}},{"type":"Feature","properties":{"featurecla":"Coastline","scalerank":5,"min_zoom":4.0},"geometry":{"type":"LineString","coordinates":[[-2.58023,49.4936],[-2.62462,49.46573],[-2.63793,49.46385],[-2.65026,49.46369],[-2.65656,49.45942],[-2.65184,49.44522],[-2.66295,49.44379],[-2.67077,49.43879],[-2.67345,49.4335],[-2.66934,49.43089],[-2.57311,49.43089],[-2.56485,49.42951],[-2.55871,49.42719],[-2.55207,49.4267],[-2.54198,49.43089],[-2.53409,49.43622],[-2.53279,49.43891],[-2.53295,49.44286],[-2.52672,49.45848],[-2.52212,49.47997],[-2.50577,49.49799],[-2.5017,49.50666],[-2.51822,49.51553],[-2.5382,49.50983],[-2.55956,49.49934],[-2.58023,49.4936]]}},{"type":"Feature","properties":{"featurecla":"Coastline","scalerank":5,"min_zoom":3.0},"geometry":{"type":"LineString","coordinates":[[-1.08275,50.71332],[-1.08556,50.71402],[-1.09423,50.71263],[-1.09704,50.71332],[-1.09765,50.71601],[-1.09642,50.72443],[-1.09704,50.72696],[-1.10912,50.73286],[-1.11954,50.7342],[-1.14428,50.73379],[-1.29577,50.77318],[-1.31851,50.77216],[-1.3435,50.76105],[-1.37755,50.7342],[-1.40087,50.72199],[-1.42536,50.72012],[-1.42345,50.7237],[-1.42089,50.73045],[-1.41869,50.73379],[-1.50593,50.70771],[-1.54532,50.6861],[-1.56949,50.65803],[-1.5515,50.66511],[-1.53515,50.66938],[-1.49743,50.67231],[-1.48595,50.66934],[-1.45279,50.65428],[-1.44595,50.64814],[-1.31554,50.58918],[-1.2792,50.58251],[-1.16845,50.60346],[-1.16503,50.60822],[-1.16413,50.61937],[-1.1647,50.64094],[-1.16222,50.64598],[-1.15636,50.65078],[-1.12865,50.66645],[-1.1127,50.67145],[-1.07531,50.67853],[-1.07189,50.68098],[-1.06965,50.6835],[-1.06697,50.68525],[-1.06233,50.68529],[-1.06233,50.69282],[-1.08275,50.71332]]}},{"type":"Feature","properties":{"featurecla":"Coastline","scalerank":6,"min_zoom":6.0},"geometry":{"type":"LineString","coordinates":[[-0.95987,50.80825],[-0.95141,50.81245],[-0.94782,50.81782],[-0.95031,50.8238],[-0.95987,50.82933],[-0.97256,50.82978],[-0.99869,50.80101],[-1.02074,50.79515],[-1.02074,50.7884],[-0.93883,50.78095],[-0.93883,50.7884],[-0.94563,50.79182],[-0.95458,50.79881],[-0.95987,50.80207],[-0.95987,50.80825]]}},{"type":"Feature","properties":{"featurecla":"Coastline","scalerank":6,"min_zoom":5.0},"geometry":{"type":"LineString","coordinates":[[0.91147,51.41218],[0.90056,51.41755],[0.8908,51.42105],[0.76694,51.44794],[0.75392,51.44571],[0.74684,51.43964],[0.7339,51.41218],[0.7435,51.40009],[0.75758,51.38642],[0.77508,51.37531],[0.79477,51.37055],[0.91147,51.36441],[0.93637,51.37104],[0.94215,51.383],[0.93247,51.39769],[0.91147,51.41218]]}},{"type":"Feature","properties":{"featurecla":"Coastline","scalerank":5,"min_zoom":3.0},"geometry":{"type":"LineString","coordinates":[[4.03663,51.68586],[4.02662,51.69111],[4.02027,51.69648],[4.01539,51.70173],[3.97804,51.73029],[3.96176,51.7381],[3.93963,51.74116],[3.84376,51.74282],[3.83058,51.7473],[3.81422,51.74824],[3.81007,51.7473],[3.72584,51.73973],[3.68946,51.72504],[3.6867,51.69269],[3.70004,51.68061],[3.72055,51.67683],[3.76539,51.67841],[3.77125,51.68183],[3.79591,51.70014],[3.80926,51.69953],[3.81764,51.69526],[3.8239,51.68989],[3.83058,51.68586],[3.8698,51.67609],[3.88559,51.66836],[3.89194,51.6555],[3.90154,51.64199],[3.92311,51.63247],[3.9603,51.62385],[3.97804,51.62328],[4.05486,51.63264],[4.0726,51.63691],[4.08904,51.64403],[4.09938,51.65412],[4.09734,51.67023],[4.07838,51.67862],[4.03663,51.68586]]}},{"type":"Feature","properties":{"featurecla":"Coastline","scalerank":5,"min_zoom":3.0},"geometry":{"type":"LineString","coordinates":[[4.89259,53.11103],[4.90992,53.11884],[4.91017,53.13459],[4.89991,53.15233],[4.88575,53.16621],[4.89137,53.17097],[4.8921,53.17573],[4.88982,53.18085],[4.88575,53.18671],[4.85434,53.18773],[4.82927,53.16299],[4.80567,53.133],[4.75847,53.10847],[4.73365,53.08421],[4.71388,53.05463],[4.70769,53.02847],[4.72682,53.00308],[4.76197,52.99433],[4.79566,53.00031],[4.81813,53.02676],[4.86524,53.0502],[4.89308,53.07612],[4.9061,53.0917],[4.9131,53.1048],[4.89259,53.1048],[4.89259,53.11103]]}},{"type":"Feature","properties":{"featurecla":"Coastline","scalerank":5,"min_zoom":4.0},"geometry":{"type":"LineString","coordinates":[[4.87892,53.22089],[4.91017,53.21247],[4.93572,53.22598],[4.95753,53.24555],[5.03647,53.29182],[5.0656,53.29849],[5.07814,53.3028],[5.10483,53.3028],[5.10483,53.30964],[5.05445,53.31379],[4.9865,53.28998],[4.92123,53.25373],[4.87892,53.22089]]}},{"type":"Feature","properties":{"featurecla":"Coastline","scalerank":6,"min_zoom":6.0},"geometry":{"type":"LineString","coordinates":[[-4.57726,53.27204],[-4.58092,53.28547],[-4.59044,53.29755],[-4.60383,53.30817],[-4.61889,53.31708],[-4.62629,53.32087],[-4.6442,53.31953],[-4.65567,53.31977],[-4.66731,53.32392],[-4.69396,53.30964],[-4.69396,53.3028],[-4.67667,53.2851],[-4.6704,53.28295],[-4.64135,53.28437],[-4.63256,53.28295],[-4.62279,53.27595],[-4.60241,53.25308],[-4.5819,53.24201],[-4.57189,53.23949],[-4.56363,53.24193],[-4.55846,53.25275],[-4.56395,53.26044],[-4.57274,53.26651],[-4.57726,53.27204]]}},{"type":"Feature","properties":{"featurecla":"Coastline","scalerank":5,"min_zoom":2.0},"geometry":{"type":"LineString","coordinates":[[-4.09813,53.30964],[-4.10253,53.31078],[-4.11514,53.3159],[-4.12198,53.31708],[-4.1278,53.31485],[-4.13663,53.30508],[-4.14249,53.3028],[-4.1549,53.30183],[-4.17781,53.29755],[-4.19058,53.29658],[-4.20324,53.29849],[-4.20743,53.3039],[-4.20934,53.3124],[-4.21483,53.32392],[-4.23062,53.33527],[-4.23156,53.33759],[-4.23518,53.34007],[-4.23485,53.34614],[-4.23371,53.35297],[-4.23473,53.35806],[-4.24006,53.35834],[-4.25451,53.36323],[-4.26692,53.36896],[-4.26602,53.37165],[-4.26936,53.3771],[-4.27188,53.38906],[-4.27672,53.40103],[-4.28653,53.40644],[-4.3247,53.4195],[-4.3435,53.42007],[-4.41283,53.42695],[-4.42536,53.4267],[-4.55346,53.40058],[-4.57103,53.39277],[-4.56086,53.37783],[-4.55866,53.36335],[-4.56363,53.33006],[-4.56322,53.30825],[-4.56526,53.29304],[-4.57103,53.28295],[-4.57103,53.27546],[-4.55309,53.26195],[-4.51989,53.22285],[-4.49962,53.21125],[-4.49633,53.2038],[-4.49511,53.19648],[-4.49535,53.19355],[-4.4947,53.19086],[-4.496,53.18256],[-4.49535,53.17988],[-4.4925,53.17935],[-4.48449,53.18061],[-4.48168,53.17988],[-4.44856,53.16254],[-4.44758,53.15941],[-4.43285,53.16291],[-4.41088,53.1822],[-4.39574,53.18671],[-4.38512,53.18244],[-4.39037,53.17308],[-4.40193,53.16372],[-4.40974,53.15941],[-4.41198,53.15559],[-4.41369,53.14712],[-4.4143,53.13784],[-4.41283,53.13207],[-4.40661,53.1306],[-4.39867,53.13276],[-4.39269,53.13605],[-4.3924,53.13833],[-4.36669,53.13142],[-4.35436,53.12995],[-4.34386,53.13207],[-4.28014,53.15497],[-4.26456,53.16694],[-4.22936,53.1822],[-4.22501,53.18122],[-4.22204,53.18211],[-4.22102,53.19013],[-4.22102,53.19746],[-4.22037,53.20148],[-4.2185,53.20405],[-4.21483,53.20722],[-4.19555,53.22028],[-4.17199,53.23139],[-4.14672,53.23908],[-4.12198,53.24193],[-4.09805,53.25015],[-4.06338,53.28929],[-4.04288,53.3028],[-4.05504,53.30854],[-4.06892,53.31037],[-4.09813,53.30964]]}},{"type":"Feature","properties":{"featurecla":"Coastline","scalerank":5,"min_zoom":4.0},"geometry":{"type":"LineString","coordinates":[[5.42359,53.43037],[5.40724,53.42255],[5.27296,53.40607],[5.25017,53.40644],[5.23243,53.39671],[5.17888,53.38544],[5.16765,53.36823],[5.17986,53.35309],[5.20834,53.35269],[5.34693,53.38923],[5.3825,53.39468],[5.42701,53.40644],[5.4686,53.40851],[5.4817,53.41267],[5.47975,53.41621],[5.47739,53.42353],[5.47543,53.42695],[5.5337,53.42837],[5.56202,53.43431],[5.5853,53.4536],[5.43702,53.43647],[5.42359,53.43037]]}},{"type":"Feature","properties":{"featurecla":"Coastline","scalerank":5,"min_zoom":4.0},"geometry":{"type":"LineString","coordinates":[[5.674,53.46792],[5.65886,53.47187],[5.64194,53.46336],[5.63608,53.44868],[5.65358,53.43374],[5.67897,53.43012],[5.72706,53.44335],[5.75278,53.44741],[5.85564,53.44741],[5.9546,53.46109],[5.91383,53.47386],[5.674,53.46792]]}},{"type":"Feature","properties":{"featurecla":"Coastline","scalerank":6,"min_zoom":3.0},"geometry":{"type":"LineString","coordinates":[[-4.61213,54.05695],[-4.59895,54.08389],[-4.59093,54.09105],[-4.57958,54.09443],[-4.56383,54.09683],[-4.54979,54.10065],[-4.54377,54.10847],[-4.52929,54.11909],[-4.4746,54.14081],[-4.47549,54.15314],[-4.44689,54.16913],[-4.41259,54.18008],[-4.39078,54.19473],[-4.39916,54.22207],[-4.37182,54.23127],[-4.36563,54.23505],[-4.35977,54.24225],[-4.35436,54.25153],[-4.34826,54.25951],[-4.34081,54.26301],[-4.32673,54.28034],[-4.32095,54.28351],[-4.31192,54.28718],[-4.31322,54.2956],[-4.31941,54.30459],[-4.3247,54.31021],[-4.33218,54.31342],[-4.35049,54.31476],[-4.35823,54.31761],[-4.36376,54.32429],[-4.37023,54.34089],[-4.3756,54.34833],[-4.37755,54.36188],[-4.35709,54.3994],[-4.35131,54.4138],[-4.36779,54.41901],[-4.38573,54.41572],[-4.40445,54.40965],[-4.44201,54.40436],[-4.49535,54.38589],[-4.531,54.36612],[-4.5546,54.33918],[-4.59838,54.2766],[-4.61246,54.26545],[-4.64306,54.24942],[-4.66397,54.23355],[-4.68814,54.22378],[-4.71028,54.22065],[-4.71227,54.21662],[-4.71109,54.20991],[-4.71447,54.20034],[-4.72378,54.18545],[-4.72765,54.17259],[-4.72814,54.14256],[-4.73717,54.1249],[-4.77086,54.09683],[-4.76968,54.07746],[-4.77709,54.07624],[-4.78132,54.07477],[-4.78482,54.07307],[-4.79015,54.07123],[-4.79015,54.06379],[-4.76622,54.05923],[-4.74559,54.06737],[-4.72598,54.07901],[-4.7045,54.08487],[-4.68969,54.08153],[-4.67101,54.06704],[-4.6564,54.06379],[-4.64322,54.0666],[-4.63126,54.07062],[-4.62076,54.06965],[-4.61213,54.05695]]}},{"type":"Feature","properties":{"featurecla":"Coastline","scalerank":6,"min_zoom":6.0},"geometry":{"type":"LineString","coordinates":[[-6.2364,55.31135],[-6.24962,55.31029],[-6.26146,55.30752],[-6.27253,55.30305],[-6.28356,55.29706],[-6.26061,55.29507],[-6.23583,55.2967],[-6.21109,55.29531],[-6.18798,55.284],[-6.19176,55.27936],[-6.19286,55.27578],[-6.19327,55.27098],[-6.19481,55.26293],[-6.18757,55.26935],[-6.17809,55.28059],[-6.17186,55.2932],[-6.17431,55.3039],[-6.1848,55.30683],[-6.2364,55.31135]]}},{"type":"Feature","properties":{"featurecla":"Coastline","scalerank":6,"min_zoom":3.0},"geometry":{"type":"LineString","coordinates":[[-5.07079,55.50934],[-5.11156,55.51992],[-5.11974,55.52363],[-5.12523,55.53693],[-5.11604,55.54043],[-5.10167,55.54072],[-5.09187,55.54413],[-5.09423,55.56656],[-5.13744,55.59203],[-5.12597,55.60554],[-5.14599,55.65497],[-5.15998,55.67621],[-5.18065,55.69489],[-5.19831,55.70433],[-5.26317,55.72285],[-5.27135,55.72382],[-5.29735,55.72285],[-5.29516,55.71943],[-5.29259,55.71198],[-5.29052,55.70856],[-5.32433,55.70502],[-5.35521,55.6896],[-5.37938,55.66812],[-5.39289,55.64655],[-5.39786,55.6142],[-5.38907,55.59024],[-5.37043,55.57026],[-5.34569,55.55028],[-5.35041,55.54548],[-5.35228,55.5423],[-5.35424,55.53978],[-5.35936,55.5373],[-5.35936,55.53046],[-5.35534,55.52289],[-5.34618,55.49604],[-5.34569,55.48945],[-5.34569,55.48265],[-5.30468,55.46214],[-5.26309,55.44721],[-5.21736,55.43797],[-5.16356,55.43488],[-5.11779,55.43976],[-5.09203,55.44611],[-5.07824,55.45531],[-5.0808,55.47167],[-5.09105,55.48729],[-5.09301,55.50043],[-5.07079,55.50934]]}},{"type":"Feature","properties":{"featurecla":"Coastline","scalerank":6,"min_zoom":5.0},"geometry":{"type":"LineString","coordinates":[[-5.02977,55.7495],[-5.0192,55.76317],[-5.01277,55.76838],[-5.01146,55.77448],[-5.02184,55.80561],[-5.02892,55.81928],[-5.03808,55.83242],[-5.05028,55.84577],[-5.05883,55.85017],[-5.06802,55.85212],[-5.07518,55.85692],[-5.08092,55.87958],[-5.08764,55.88264],[-5.09651,55.88353],[-5.10554,55.8867],[-5.13598,55.90595],[-5.1669,55.92084],[-5.19953,55.91108],[-5.2008,55.89549],[-5.18859,55.87812],[-5.18065,55.86278],[-5.17422,55.85537],[-5.13964,55.84199],[-5.13756,55.82905],[-5.12597,55.80101],[-5.11559,55.78437],[-5.05028,55.7495],[-5.03848,55.73188],[-5.0288,55.72333],[-5.01618,55.72285],[-5.00939,55.72932],[-5.01134,55.7377],[-5.01903,55.74531],[-5.02977,55.7495]]}},{"type":"Feature","properties":{"featurecla":"Coastline","scalerank":6,"min_zoom":3.0},"geometry":{"type":"LineString","coordinates":[[-6.03038,55.72907],[-6.04662,55.73355],[-6.05321,55.73729],[-6.05826,55.74274],[-6.05687,55.74885],[-6.05232,55.75804],[-6.04979,55.76634],[-6.05455,55.77001],[-6.06395,55.77338],[-6.07909,55.78148],[-6.09309,55.79169],[-6.09923,55.80101],[-6.10237,55.83124],[-6.11596,55.88679],[-6.12023,55.92943],[-6.12369,55.93549],[-6.13012,55.9394],[-6.14013,55.94135],[-6.14908,55.93521],[-6.16222,55.92845],[-6.17715,55.92308],[-6.1914,55.92084],[-6.20425,55.91657],[-6.22907,55.89728],[-6.2648,55.8854],[-6.29699,55.86717],[-6.31843,55.84492],[-6.3109,55.82526],[-6.3109,55.81843],[-6.32323,55.8205],[-6.33072,55.82783],[-6.33821,55.84577],[-6.33821,55.852],[-6.32592,55.88036],[-6.31835,55.8867],[-6.33137,55.88996],[-6.34264,55.88491],[-6.35448,55.87743],[-6.40909,55.86359],[-6.44522,55.84882],[-6.45279,55.84089],[-6.45547,55.82836],[-6.45665,55.81265],[-6.4608,55.80321],[-6.46906,55.79694],[-6.48217,55.79047],[-6.44864,55.77684],[-6.49323,55.73924],[-6.5039,55.72285],[-6.49861,55.72114],[-6.4947,55.71723],[-6.48965,55.7154],[-6.50243,55.69766],[-6.50353,55.68134],[-6.49096,55.67182],[-6.46296,55.67447],[-6.45031,55.68256],[-6.41857,55.70962],[-6.38659,55.72232],[-6.37255,55.73871],[-6.34903,55.77342],[-6.32872,55.78315],[-6.30045,55.78579],[-6.2718,55.78303],[-6.24999,55.77684],[-6.29552,55.7519],[-6.32095,55.73347],[-6.32518,55.7154],[-6.31676,55.71507],[-6.27709,55.70401],[-6.2648,55.6955],[-6.24323,55.66014],[-6.29747,55.64248],[-6.31924,55.62824],[-6.32518,55.60554],[-6.31119,55.58324],[-6.28734,55.57844],[-6.26187,55.58381],[-6.23656,55.59561],[-6.22696,55.60175],[-6.22277,55.60554],[-6.21532,55.62665],[-6.20254,55.63056],[-6.16002,55.62665],[-6.13191,55.63182],[-6.10546,55.6402],[-6.08243,55.65209],[-6.06444,55.66763],[-6.05826,55.66014],[-6.05362,55.66836],[-6.04573,55.67426],[-6.03539,55.67845],[-6.02351,55.68187],[-6.02351,55.68814],[-6.02929,55.69623],[-6.03234,55.70637],[-6.03279,55.71768],[-6.03038,55.72907]]}},{"type":"Feature","properties":{"featurecla":"Coastline","scalerank":6,"min_zoom":6.0},"geometry":{"type":"LineString","coordinates":[[-6.20572,56.10273],[-6.21174,56.09699],[-6.23266,56.08161],[-6.24169,56.06948],[-6.24682,56.05614],[-6.2543,56.04462],[-6.26989,56.03754],[-6.24918,56.03132],[-6.22167,56.03083],[-6.19433,56.03531],[-6.17431,56.04377],[-6.17715,56.06147],[-6.16564,56.08149],[-6.13337,56.11262],[-6.13801,56.1247],[-6.1494,56.12495],[-6.16495,56.12079],[-6.18179,56.11945],[-6.17903,56.11294],[-6.1774,56.11026],[-6.17431,56.10643],[-6.18261,56.10261],[-6.19823,56.10627],[-6.20572,56.10273]]}},{"type":"Feature","properties":{"featurecla":"Coastline","scalerank":6,"min_zoom":3.0},"geometry":{"type":"LineString","coordinates":[[-5.7976,56.11262],[-5.87369,56.07014],[-5.90396,56.06485],[-5.92443,56.05598],[-5.95519,56.03474],[-5.98327,56.00886],[-5.99559,55.98603],[-5.9807,55.96992],[-5.94685,55.97065],[-5.91002,55.97651],[-5.88634,55.97614],[-5.91906,55.96039],[-5.99743,55.95173],[-6.02697,55.93793],[-6.04312,55.92796],[-6.06017,55.92292],[-6.07518,55.91596],[-6.08495,55.90034],[-6.0869,55.88296],[-6.07811,55.83491],[-6.06241,55.80948],[-6.0266,55.79609],[-5.98754,55.79462],[-5.96207,55.80475],[-5.95539,55.82005],[-5.94542,55.85859],[-5.93814,55.86628],[-5.92154,55.87128],[-5.89684,55.8889],[-5.88634,55.8867],[-5.86449,55.92674],[-5.78018,56.02074],[-5.74022,56.07648],[-5.72012,56.08812],[-5.70507,56.10301],[-5.68932,56.11176],[-5.68798,56.12409],[-5.69083,56.13784],[-5.69449,56.14741],[-5.71593,56.15314],[-5.74649,56.14175],[-5.7976,56.11262]]}},{"type":"Feature","properties":{"featurecla":"Coastline","scalerank":6,"min_zoom":6.0},"geometry":{"type":"LineString","coordinates":[[-5.6883,56.20205],[-5.72224,56.18708],[-5.73835,56.17748],[-5.74913,56.16108],[-5.72521,56.16283],[-5.6942,56.16861],[-5.67365,56.17894],[-5.6809,56.19457],[-5.6883,56.20205]]}},{"type":"Feature","properties":{"featurecla":"Coastline","scalerank":6,"min_zoom":6.0},"geometry":{"type":"LineString","coordinates":[[-5.63313,56.2635],[-5.64533,56.25593],[-5.6564,56.232],[-5.66666,56.22248],[-5.64757,56.19538],[-5.63744,56.18928],[-5.62816,56.22053],[-5.61815,56.23505],[-5.61059,56.24942],[-5.61262,56.2635],[-5.61803,56.25812],[-5.62295,56.25764],[-5.62784,56.26],[-5.63313,56.2635]]}},{"type":"Feature","properties":{"featurecla":"Coastline","scalerank":6,"min_zoom":6.0},"geometry":{"type":"LineString","coordinates":[[-5.63313,56.31875],[-5.64672,56.29877],[-5.64029,56.28278],[-5.62169,56.27607],[-5.59899,56.28392],[-5.60534,56.29694],[-5.59996,56.30549],[-5.59044,56.31363],[-5.58462,56.32559],[-5.59789,56.32184],[-5.62076,56.3242],[-5.63313,56.31875]]}},{"type":"Feature","properties":{"featurecla":"Coastline","scalerank":6,"min_zoom":6.0},"geometry":{"type":"LineString","coordinates":[[-5.55797,56.41429],[-5.57396,56.4029],[-5.57982,56.39643],[-5.58462,56.38703],[-5.55797,56.38646],[-5.5362,56.39224],[-5.51806,56.40388],[-5.50276,56.42113],[-5.51236,56.41543],[-5.52652,56.41356],[-5.55797,56.41429]]}},{"type":"Feature","properties":{"featurecla":"Coastline","scalerank":6,"min_zoom":6.0},"geometry":{"type":"LineString","coordinates":[[-6.16002,56.46955],[-6.17056,56.48115],[-6.20075,56.49494],[-6.21532,56.50365],[-6.2296,56.50332],[-6.24205,56.49958],[-6.25324,56.49287],[-6.26366,56.48322],[-6.23746,56.47004],[-6.21247,56.46784],[-6.16002,56.46955]]}},{"type":"Feature","properties":{"featurecla":"Coastline","scalerank":6,"min_zoom":4.0},"geometry":{"type":"LineString","coordinates":[[-6.81859,56.53783],[-6.84114,56.53474],[-6.87808,56.52131],[-6.9005,56.51667],[-6.96813,56.51048],[-6.9899,56.50365],[-6.97973,56.48713],[-6.97399,56.4715],[-6.9652,56.45987],[-6.90246,56.44375],[-6.88158,56.44428],[-6.88752,56.4621],[-6.86929,56.47964],[-6.84773,56.48481],[-6.82551,56.48729],[-6.80557,56.49689],[-6.80382,56.51362],[-6.74332,56.51781],[-6.72924,56.53034],[-6.74185,56.54784],[-6.7672,56.54857],[-6.81859,56.53783]]}},{"type":"Feature","properties":{"featurecla":"Coastline","scalerank":5,"min_zoom":2.0},"geometry":{"type":"LineString","coordinates":[[-5.6883,56.4348],[-5.67003,56.43309],[-5.66185,56.43138],[-5.65355,56.42796],[-5.64843,56.44774],[-5.65884,56.45173],[-5.67345,56.44969],[-5.6809,56.45185],[-5.68554,56.46406],[-5.69677,56.47565],[-5.71036,56.48485],[-5.72183,56.49006],[-5.72842,56.49018],[-5.74694,56.48843],[-5.75666,56.49006],[-5.76521,56.49421],[-5.78734,56.51362],[-5.79434,56.51667],[-5.80419,56.51777],[-5.81404,56.51667],[-5.82946,56.51081],[-5.8369,56.51463],[-5.84415,56.52058],[-5.8522,56.52416],[-5.95214,56.52416],[-5.96255,56.52611],[-5.96516,56.53107],[-5.9652,56.53767],[-5.96825,56.54466],[-6.00878,56.5987],[-6.03352,56.61884],[-6.06444,56.62035],[-6.06265,56.62482],[-6.05993,56.63569],[-6.05826,56.6402],[-6.10534,56.6485],[-6.11905,56.65388],[-6.15128,56.6518],[-6.19074,56.64492],[-6.22029,56.63227],[-6.22277,56.61294],[-6.23021,56.60859],[-6.23864,56.60859],[-6.24743,56.61262],[-6.25626,56.62035],[-6.27212,56.61221],[-6.28844,56.60798],[-6.32518,56.60611],[-6.3192,56.59398],[-6.2987,56.58124],[-6.29039,56.57197],[-6.33821,56.55207],[-6.32433,56.54426],[-6.30773,56.5373],[-6.28848,56.53229],[-6.19494,56.52334],[-6.17431,56.51667],[-6.1621,56.50922],[-6.15307,56.50007],[-6.13679,56.47944],[-6.12743,56.47435],[-6.11848,56.47626],[-6.10997,56.4807],[-6.10237,56.48322],[-6.08113,56.48505],[-6.01667,56.50365],[-6.00748,56.49763],[-6.00329,56.48941],[-6.00402,56.47968],[-6.00984,56.46955],[-6.02184,56.4641],[-6.08153,56.44843],[-6.11693,56.45038],[-6.12654,56.44843],[-6.13512,56.44233],[-6.13964,56.43525],[-6.14265,56.42796],[-6.15722,56.40738],[-6.16478,56.40253],[-6.17805,56.40062],[-6.1892,56.39777],[-6.19884,56.39033],[-6.20324,56.38032],[-6.19856,56.36961],[-6.17894,56.35993],[-6.15404,56.35895],[-6.10546,56.36591],[-6.04695,56.38398],[-6.02697,56.38703],[-6.02082,56.38203],[-6.03991,56.37104],[-6.08495,56.35285],[-6.15392,56.34479],[-6.17089,56.33576],[-6.18663,56.33124],[-6.23176,56.3369],[-6.24999,56.33234],[-6.24454,56.33027],[-6.24112,56.32827],[-6.23681,56.32661],[-6.22891,56.32559],[-6.22891,56.31875],[-6.24722,56.31167],[-6.26122,56.3203],[-6.27453,56.33487],[-6.29039,56.3454],[-6.31029,56.34736],[-6.33544,56.34455],[-6.357,56.33633],[-6.36612,56.32217],[-6.36018,56.30362],[-6.34561,56.28832],[-6.3275,56.27725],[-6.30004,56.26801],[-6.27929,56.26411],[-6.26684,56.2635],[-6.25646,56.26667],[-6.25036,56.27375],[-6.24576,56.28075],[-6.23982,56.28392],[-6.14696,56.28392],[-6.1363,56.28693],[-6.11254,56.29621],[-6.10237,56.29824],[-6.09093,56.29572],[-6.07852,56.29108],[-6.06599,56.28921],[-6.05455,56.2945],[-6.03746,56.30524],[-5.95788,56.32807],[-5.92418,56.33234],[-5.91478,56.33552],[-5.90779,56.3426],[-5.90233,56.34968],[-5.89721,56.35285],[-5.87267,56.35773],[-5.86042,56.35834],[-5.8522,56.35285],[-5.85351,56.3437],[-5.8627,56.33515],[-5.87369,56.32856],[-5.88012,56.32559],[-5.84822,56.31363],[-5.80871,56.31892],[-5.71996,56.35277],[-5.70271,56.36457],[-5.69595,56.37543],[-5.71223,56.38019],[-5.74999,56.37714],[-5.76797,56.37275],[-5.78392,56.36591],[-5.78392,56.37336],[-5.75109,56.38939],[-5.73908,56.40119],[-5.74234,56.41429],[-5.73469,56.41478],[-5.72789,56.41429],[-5.72167,56.41234],[-5.71565,56.40811],[-5.71744,56.39737],[-5.70303,56.39338],[-5.67032,56.39378],[-5.65762,56.40009],[-5.66495,56.41389],[-5.67955,56.42796],[-5.6883,56.4348]]}},{"type":"Feature","properties":{"featurecla":"Coastline","scalerank":6,"min_zoom":6.0},"geometry":{"type":"LineString","coordinates":[[-2.36376,49.44684],[-2.36612,49.44575],[-2.36986,49.44208],[-2.37263,49.43806],[-2.37548,49.43545],[-2.37588,49.43041],[-2.37312,49.42426],[-2.37483,49.41918],[-2.37808,49.41275],[-2.37352,49.41157],[-2.36465,49.41787],[-2.3544,49.4278],[-2.35635,49.44038],[-2.36376,49.44684]]}},{"type":"Feature","properties":{"featurecla":"Coastline","scalerank":6,"min_zoom":6.0},"geometry":{"type":"LineString","coordinates":[[-2.17447,49.73139],[-2.17862,49.7309],[-2.19481,49.7248],[-2.2047,49.72411],[-2.2185,49.7187],[-2.22623,49.70783],[-2.21687,49.70303],[-2.20084,49.70572],[-2.1879,49.71064],[-2.17032,49.72321],[-2.17032,49.72875],[-2.17447,49.73139]]}},{"type":"Feature","properties":{"featurecla":"Coastline","scalerank":6,"min_zoom":6.0},"geometry":{"type":"LineString","coordinates":[[-6.29882,49.93549],[-6.30744,49.92744],[-6.30915,49.91364],[-6.29727,49.90961],[-6.28751,49.91401],[-6.28417,49.92276],[-6.29223,49.93207],[-6.29882,49.93549]]}},{"type":"Feature","properties":{"featurecla":"Coastline","scalerank":6,"min_zoom":6.0},"geometry":{"type":"LineString","coordinates":[[-6.33365,49.9597],[-6.33682,49.96092],[-6.34179,49.96361],[-6.34895,49.96434],[-6.34805,49.9562],[-6.34122,49.94477],[-6.33251,49.94172],[-6.32649,49.9492],[-6.32803,49.95661],[-6.33365,49.9597]]}},{"type":"Feature","properties":{"featurecla":"Coastline","scalerank":6,"min_zoom":6.0},"geometry":{"type":"LineString","coordinates":[[-4.66544,51.18358],[-4.66698,51.18769],[-4.67121,51.19505],[-4.67642,51.1931],[-4.6798,51.18057],[-4.67854,51.16706],[-4.67048,51.1601],[-4.66348,51.16486],[-4.66397,51.17707],[-4.66544,51.18358]]}},{"type":"Feature","properties":{"featurecla":"Coastline","scalerank":5,"min_zoom":6.0},"geometry":{"type":"LineString","coordinates":[[-4.81037,54.05976],[-4.80101,54.05793],[-4.80809,54.04621],[-4.8122,54.04043],[-4.81656,54.04369],[-4.82384,54.04267],[-4.8306,54.04963],[-4.82779,54.05475],[-4.81037,54.05976]]}}]}