{"type":"FeatureCollection","bbox":[-7.0,47.5,6.0,56.5],"features":[{"type":"Feature","properties":{"scalerank":0,"featurecla":"Coastline","min_zoom":0.0},"geometry":{"type":"LineString","coordinates":[[-3.98848,57.58125],[-3.86816,57.60034],[-3.62822,57.66226],[-3.40278,57.70825],[-3.29453,57.71016],[-3.08394,57.67349],[-3.03604,57.67231],[-2.94668,57.68926],[-2.8563,57.69229],[-2.24414,57.68086],[-2.07407,57.70239],[-1.96152,57.67666],[-1.86738,57.61235],[-1.77793,57.49375],[-1.78066,57.47402],[-1.83472,57.41997],[-1.93447,57.3522],[-2.02031,57.25889],[-2.04551,57.20854],[-2.06235,57.15347],[-2.08955,57.10254],[-2.26025,56.86333],[-2.42666,56.73071],[-2.50098,56.63657],[-2.59268,56.56157],[-2.68096,56.5144],[-2.7752,56.48296],[-3.04741,56.44937],[-3.12358,56.42529],[-3.21445,56.38394],[-3.30996,56.36348],[-3.198,56.36606],[-3.08701,56.38906],[-2.88516,56.39751],[-2.65273,56.31826],[-2.67427,56.25342],[-2.76758,56.20215],[-2.97979,56.19409],[-3.17822,56.08013],[-3.26777,56.04507],[-3.36226,56.02764],[-3.48042,56.03281],[-3.69512,56.06333],[-3.78906,56.09521],[-3.70415,56.04316],[-3.60781,56.01602],[-3.04873,55.95195],[-3.01509,55.95859],[-2.83687,56.02627],[-2.59932,56.02729],[-2.14707,55.90298],[-2.01685,55.80796],[-1.83027,55.67173],[-1.72876,55.61855],[-1.65537,55.57036],[-1.61016,55.4981],[-1.52256,55.25952],[-1.42266,55.02642],[-1.29175,54.77388],[-1.23242,54.70371],[-1.15439,54.65449],[-0.75933,54.54141],[-0.67139,54.50391],[-0.51812,54.39512],[-0.37036,54.2792],[-0.23286,54.19014],[-0.08437,54.11807],[-0.1563,54.08062],[-0.20557,54.02173],[-0.16875,53.94165],[-0.10825,53.86519],[0.01055,53.74282],[0.11533,53.60928],[0.07671,53.62944],[0.03608,53.64053],[-0.01943,53.63721],[-0.07373,53.64365],[-0.17383,53.68545],[-0.27002,53.73677],[-0.46138,53.71616],[-0.56768,53.72539],[-0.65991,53.72402],[-0.48506,53.69438],[-0.2937,53.69233],[0.12832,53.46826],[0.271,53.3355],[0.35576,53.15996],[0.29805,53.0811],[0.2082,53.03003],[0.12441,52.97158],[0.0459,52.90562],[0.27979,52.80869],[0.33018,52.81162],[0.38193,52.8252],[0.43164,52.85815],[0.51553,52.93838],[0.55879,52.96694],[0.70449,52.97725],[0.82676,52.97109],[0.94854,52.95337],[1.05557,52.95898],[1.27129,52.92456],[1.38213,52.89351],[1.65674,52.75371],[1.71611,52.67725],[1.74336,52.57852],[1.74658,52.46899],[1.70039,52.3689],[1.64736,52.27852],[1.61465,52.16182],[1.59141,52.11978],[1.55898,52.08687],[1.41348,51.99478],[1.3168,51.95693],[1.27598,51.97354],[1.23242,51.97124],[1.22783,51.94912],[1.27383,51.9021],[1.27441,51.84536],[1.18848,51.80337],[1.10117,51.78545],[0.95508,51.80781],[0.75225,51.72959],[0.89805,51.6894],[0.92744,51.64663],[0.89092,51.57144],[0.79922,51.53789],[0.69756,51.52305],[0.59346,51.51948],[0.50723,51.50107],[0.42451,51.46562],[0.52832,51.48447],[0.60029,51.46797],[0.64551,51.40469],[0.68652,51.38657],[0.88936,51.35952],[1.01494,51.35972],[1.25713,51.3751],[1.37344,51.37471],[1.41494,51.36328],[1.41563,51.31084],[1.39756,51.18203],[1.36553,51.15547],[1.04443,51.04727],[0.97861,50.97168],[0.96016,50.92588],[0.77236,50.93398],[0.68438,50.88555],[0.53232,50.85342],[0.41475,50.81919],[0.29971,50.77598],[0.20508,50.76304],[-0.20391,50.81436],[-0.45078,50.81016],[-0.78525,50.76543],[-0.87139,50.7728],[-1.00059,50.81562],[-1.13286,50.84458],[-1.28506,50.85732],[-1.41646,50.89687],[-1.33447,50.8208],[-1.51675,50.74746],[-1.60083,50.73286],[-1.68789,50.73516],[-1.86602,50.71523],[-2.03105,50.72539],[-2.00625,50.67324],[-1.96206,50.62778],[-1.9979,50.60801],[-2.03584,50.60308],[-2.35015,50.6374],[-2.39468,50.63091],[-2.43345,50.59922],[-2.54775,50.61631],[-2.65884,50.66973],[-2.77695,50.70557],[-2.90088,50.72241],[-2.99941,50.7166],[-3.40459,50.63242],[-3.48545,50.54795],[-3.52588,50.42817],[-3.58437,50.32183],[-3.67979,50.23994],[-3.79336,50.22925],[-3.9002,50.28594],[-4.10342,50.34854],[-4.17256,50.39082],[-4.19458,50.39331],[-4.21729,50.37817],[-4.29697,50.35908],[-4.37949,50.3582],[-4.50669,50.34136],[-4.72798,50.29048],[-4.81738,50.25596],[-5.00952,50.16074],[-5.04863,50.13437],[-5.11851,50.03833],[-5.22524,50.02139],[-5.32285,50.08296],[-5.43398,50.10444],[-5.55122,50.0834],[-5.62212,50.05068],[-5.65518,50.07725],[-5.65625,50.13188],[-5.57065,50.19697],[-5.34229,50.24614],[-5.1418,50.37373],[-5.04346,50.45151],[-5.00444,50.49526],[-4.9564,50.52314],[-4.89355,50.53369],[-4.86128,50.58203],[-4.58291,50.77637],[-4.55996,50.82095],[-4.54609,50.90068],[-4.5231,50.97744],[-4.29648,51.02715],[-4.18818,51.18853],[-4.1584,51.20132],[-3.84233,51.23091],[-3.60791,51.22856],[-3.3751,51.19697],[-3.25576,51.19414],[-3.13599,51.20503],[-3.04204,51.24858],[-2.88125,51.40566],[-2.79082,51.4748],[-2.68721,51.53726],[-2.59028,51.60859],[-2.43306,51.74072],[-2.53936,51.69521],[-2.66768,51.623],[-2.74214,51.5811],[-2.97852,51.53887],[-3.08037,51.4958],[-3.25879,51.39849],[-3.29312,51.39043],[-3.56235,51.41382],[-3.7627,51.53994],[-3.89077,51.59165],[-3.94365,51.59751],[-3.99834,51.58213],[-4.11528,51.56641],[-4.23457,51.56909],[-4.17368,51.62734],[-4.09102,51.65991],[-4.27617,51.68252],[-4.32764,51.70024],[-4.38628,51.74106],[-4.53149,51.74805],[-4.60078,51.73765],[-4.71763,51.68369],[-4.90229,51.62627],[-5.12476,51.70586],[-5.16836,51.74072],[-5.16724,51.80806],[-5.20059,51.86138],[-5.2623,51.88018],[-5.18335,51.94966],[-5.08809,51.9959],[-4.87852,52.04185],[-4.56113,52.15088],[-4.38315,52.19731],[-4.21772,52.27744],[-4.14937,52.32627],[-4.09976,52.39312],[-4.05054,52.47515],[-3.98032,52.54175],[-4.04844,52.55762],[-4.07891,52.60786],[-4.0707,52.65884],[-4.03926,52.70405],[-4.06743,52.76074],[-4.11753,52.82002],[-4.11475,52.86616],[-4.10146,52.91548],[-4.22915,52.91284],[-4.35645,52.89741],[-4.47183,52.86245],[-4.58369,52.81494],[-4.68306,52.80615],[-4.68145,52.84414],[-4.63833,52.89111],[-4.52568,52.9582],[-4.40508,53.01382],[-4.36221,53.05605],[-4.32842,53.10513],[-4.26855,53.14453],[-4.11104,53.21895],[-3.80928,53.30269],[-3.76421,53.30762],[-3.6459,53.2979],[-3.52959,53.31055],[-3.42773,53.34067],[-3.32617,53.34717],[-3.09756,53.2603],[-3.16558,53.39468],[-3.06475,53.42686],[-2.91855,53.30537],[-2.86416,53.29258],[-2.74951,53.31021],[-2.79375,53.33071],[-2.84541,53.33193],[-2.91309,53.35024],[-2.96997,53.38921],[-3.0646,53.51284],[-3.05947,53.58623],[-2.9957,53.66255],[-2.9251,53.73276],[-2.98433,53.74673],[-3.03179,53.77358],[-3.04536,53.84385],[-3.02676,53.90591],[-2.89985,53.96069],[-2.8624,54.04385],[-2.84648,54.1353],[-2.86758,54.17725],[-2.99351,54.17051],[-3.05474,54.15342],[-3.10967,54.12632],[-3.16597,54.12793],[-3.32153,54.2291],[-3.41025,54.30562],[-3.56938,54.46758],[-3.59204,54.56436],[-3.4646,54.7731],[-3.26792,54.90659],[-3.03623,54.95308],[-3.08105,54.96196],[-3.43408,54.96377],[-3.55044,54.94741],[-3.6583,54.89287],[-3.71924,54.87612],[-3.78325,54.86992],[-3.8416,54.84277],[-3.89858,54.80508],[-3.95791,54.78096],[-4.07578,54.78721],[-4.13296,54.77925],[-4.17402,54.80107],[-4.2084,54.83716],[-4.25342,54.84678],[-4.30366,54.83569],[-4.40991,54.78706],[-4.51748,54.75835],[-4.64756,54.78901],[-4.81807,54.84614],[-4.85171,54.82529],[-4.8895,54.77227],[-4.91123,54.68945],[-5.03232,54.76138],[-5.1355,54.85752],[-5.17012,54.91792],[-5.17271,54.98589],[-5.1167,55.01226],[-5.05586,54.98813],[-4.96519,55.14946],[-4.78481,55.35942],[-4.72114,55.421],[-4.67676,55.50132],[-4.68437,55.55391],[-4.72417,55.59829],[-4.89185,55.69912],[-4.88965,55.7812],[-4.87168,55.87393],[-4.82607,55.92954],[-4.80684,55.94014],[-4.58408,55.93867],[-4.67095,55.96738],[-4.84409,56.05117],[-4.84102,56.08086],[-4.80029,56.15835],[-4.81914,56.15049],[-4.85625,56.1147],[-4.9271,56.02808],[-4.97036,56.00786],[-5.09282,55.9873],[-5.11499,55.94463],[-5.13467,55.9335],[-5.19585,55.92866],[-5.2146,55.88887],[-5.22822,55.88633],[-5.24561,55.92925],[-5.24731,56.00039],[-5.22295,56.06582],[-5.17642,56.11699],[-4.99697,56.23335],[-5.08433,56.19746],[-5.28232,56.08994],[-5.38345,56.01924],[-5.41045,55.99536],[-5.4189,55.97524],[-5.41831,55.95205],[-5.3729,55.82769],[-5.38584,55.77012],[-5.55645,55.3896],[-5.58877,55.35142],[-5.61846,55.33145],[-5.64653,55.32686],[-5.73066,55.33413],[-5.76821,55.36265],[-5.76787,55.39497],[-5.7521,55.44346],[-5.68135,55.62397],[-5.65063,55.67412],[-5.60503,55.72075],[-5.50449,55.80239],[-5.50693,55.80771],[-5.57388,55.7917],[-5.60239,55.79697],[-5.62285,55.81313],[-5.60957,56.05527],[-5.55527,56.13496],[-5.53496,56.25083],[-5.48789,56.35005],[-5.4334,56.42231],[-5.39194,56.51479],[-5.32944,56.55591],[-5.3127,56.6188],[-5.24258,56.68687],[-5.18838,56.75806],[-5.21758,56.75103],[-5.56421,56.56572],[-5.65244,56.53198],[-5.7728,56.54102],[-5.86484,56.56187],[-5.93677,56.60571],[-5.9689,56.68989],[-6.05771,56.69214],[-6.13369,56.70669],[-6.13276,56.71802],[-6.03472,56.76392],[-5.87764,56.77964],[-5.73062,56.85308],[-5.86143,56.90269],[-5.85039,56.91841],[-5.73628,56.96064],[-5.59131,57.10234],[-5.56191,57.23271],[-5.63125,57.29395],[-5.65635,57.33408],[-5.79492,57.37881],[-5.81807,57.43608],[-5.80195,57.46802],[-5.75674,57.49922],[-5.68862,57.52354],[-5.58179,57.54678],[-5.67876,57.57168],[-5.71494,57.60107],[-5.74238,57.64365],[-5.74492,57.66831],[-5.69473,57.77822],[-5.66548,57.82354],[-5.60835,57.88135],[-5.34902,57.87808],[-5.31919,57.90361],[-5.28979,57.90459],[-5.15723,57.88135],[-5.1769,57.9064],[-5.39375,58.0436],[-5.41318,58.06973],[-5.35137,58.1437],[-5.34687,58.17666],[-5.35596,58.21191],[-5.33828,58.23872],[-5.26953,58.25142],[-5.05996,58.25015],[-5.0083,58.26265],[-5.03184,58.29829],[-5.08062,58.34517],[-5.09014,58.38452],[-5.07871,58.41929],[-5.07603,58.48926],[-5.0665,58.52021],[-5.01675,58.56655],[-4.97563,58.58032],[-4.92466,58.58838],[-4.80962,58.5729],[-4.76577,58.5542],[-4.71543,58.51001],[-4.67822,58.51357],[-4.53496,58.56157],[-4.49189,58.56846],[-4.43325,58.51284],[-4.18862,58.55723],[-3.85952,58.5771],[-3.66182,58.6063],[-3.45356,58.61689],[-3.25913,58.65],[-3.05308,58.63481],[-3.04619,58.61553],[-3.05698,58.58877],[-3.10967,58.51548],[-3.10112,58.43369],[-3.11289,58.40889],[-3.13677,58.37832],[-3.21235,58.32124],[-3.41099,58.23965],[-3.775,58.0521],[-3.99004,57.95903],[-4.01963,57.91426],[-4.0356,57.852],[-3.90684,57.83965],[-3.85713,57.81855],[-3.88794,57.78691],[-4.07842,57.67705],[-4.13452,57.57773],[-3.98848,57.58125]]}},{"type":"Feature","properties":{"scalerank":0,"featurecla":"Coastline","min_zoom":0.0},"geometry":{"type":"LineString","coordinates":[[-9.54238,51.66445],[-9.5249,51.6811],[-9.57983,51.68926],[-9.89902,51.64707],[-10.00991,51.61113],[-10.12075,51.60068],[-10.06943,51.65557],[-9.92642,51.73071],[-9.84971,51.76611],[-9.80288,51.78013],[-9.74951,51.82427],[-9.59883,51.87441],[-10.08423,51.771],[-10.21172,51.78359],[-10.24175,51.81245],[-10.34106,51.79893],[-10.37871,51.86875],[-10.23159,51.97451],[-10.14585,52.02002],[-10.04404,52.04458],[-9.94604,52.07983],[-9.90967,52.12295],[-9.95581,52.13667],[-10.24951,52.12573],[-10.39023,52.13491],[-10.38262,52.16909],[-10.35669,52.20693],[-10.21094,52.27168],[-10.13208,52.28208],[-10.06177,52.27593],[-9.99312,52.25933],[-9.9373,52.23765],[-9.77212,52.2501],[-9.84106,52.29146],[-9.85322,52.37549],[-9.90605,52.40371],[-9.83848,52.44268],[-9.76113,52.46636],[-9.63223,52.54692],[-9.58633,52.55918],[-9.33125,52.57876],[-9.05615,52.62114],[-8.78345,52.67964],[-8.92329,52.7123],[-8.99028,52.75542],[-9.0979,52.66826],[-9.17539,52.63491],[-9.39424,52.61709],[-9.46348,52.6269],[-9.56104,52.65396],[-9.59136,52.64365],[-9.61953,52.62275],[-9.76436,52.57998],[-9.9166,52.56973],[-9.7396,52.64819],[-9.51499,52.78115],[-9.46489,52.82319],[-9.39365,52.89624],[-9.41572,52.92876],[-9.46196,52.94727],[-9.29922,53.09756],[-9.24189,53.12485],[-9.1376,53.12925],[-9.06113,53.15308],[-9.02744,53.15317],[-8.99717,53.16206],[-8.93013,53.20708],[-9.03354,53.23574],[-9.14033,53.25049],[-9.47075,53.23486],[-9.51421,53.23823],[-9.55518,53.25205],[-9.58174,53.27197],[-9.60176,53.32305],[-9.62598,53.33447],[-9.70059,53.33447],[-9.77407,53.31885],[-9.82539,53.32036],[-9.87578,53.34272],[-9.79541,53.39497],[-9.89902,53.40728],[-10.00391,53.39702],[-10.09126,53.41284],[-10.09399,53.44561],[-10.05439,53.47832],[-10.10625,53.50933],[-10.11699,53.54854],[-10.06172,53.56782],[-10.00137,53.56143],[-9.87827,53.59043],[-9.72065,53.60449],[-9.85586,53.63311],[-9.90972,53.65762],[-9.9123,53.69512],[-9.90161,53.7272],[-9.74507,53.78149],[-9.57822,53.80542],[-9.59053,53.84116],[-9.57886,53.87983],[-9.74751,53.89102],[-9.91406,53.86372],[-9.89624,53.9376],[-9.85635,54.0043],[-9.84849,54.04829],[-9.85645,54.09536],[-9.93447,54.07524],[-9.9436,54.1416],[-9.9771,54.18711],[-10.09268,54.15576],[-10.0897,54.21582],[-10.0564,54.25781],[-9.99595,54.27603],[-9.93594,54.26812],[-9.82456,54.2689],[-9.71714,54.30044],[-9.5623,54.30854],[-9.31553,54.29863],[-9.1459,54.20962],[-9.1021,54.22554],[-9.03428,54.28179],[-9.00244,54.28799],[-8.74678,54.26348],[-8.58804,54.2311],[-8.54556,54.24121],[-8.56846,54.30361],[-8.62314,54.34687],[-8.55444,54.40356],[-8.471,54.44194],[-8.41523,54.46108],[-8.28652,54.48486],[-8.23037,54.50728],[-8.19297,54.58013],[-8.13345,54.64082],[-8.45654,54.60928],[-8.76392,54.6812],[-8.71519,54.73203],[-8.65029,54.76089],[-8.53828,54.78296],[-8.52769,54.80947],[-8.471,54.83154],[-8.37729,54.88945],[-8.41172,54.96509],[-8.39326,55.02041],[-8.32578,55.05645],[-8.30469,55.1082],[-8.27461,55.14629],[-8.1377,55.15991],[-8.0061,55.19531],[-7.95859,55.19189],[-7.80317,55.20005],[-7.75054,55.18579],[-7.76255,55.24834],[-7.66709,55.25649],[-7.62979,55.24399],[-7.61338,55.19966],[-7.57002,55.17139],[-7.55664,55.12222],[-7.58569,55.08423],[-7.63428,55.05498],[-7.58984,55.02505],[-7.65874,54.97095],[-7.58437,54.99399],[-7.47842,55.04697],[-7.48394,55.09028],[-7.50195,55.14473],[-7.53145,55.19385],[-7.51787,55.24795],[-7.4583,55.28179],[-7.30176,55.29878],[-7.36597,55.36021],[-7.30879,55.36582],[-7.24668,55.35303],[-7.15532,55.30518],[-7.06025,55.26763],[-6.96167,55.23789],[-7.0564,55.17832],[-7.17285,55.13701],[-7.21865,55.09199],[-7.17861,55.05688],[-7.10063,55.04829],[-7.03076,55.08062],[-6.94717,55.18252],[-6.88896,55.18892],[-6.82485,55.18066],[-6.69883,55.19346],[-6.47505,55.24102],[-6.37529,55.2418],[-6.23423,55.21685],[-6.12915,55.21738],[-6.03579,55.14453],[-5.98574,55.02969],[-5.86919,54.91621],[-5.71685,54.81748],[-5.71074,54.75708],[-5.76519,54.72466],[-5.8791,54.68437],[-5.87861,54.64131],[-5.80347,54.66304],[-5.73862,54.67305],[-5.58252,54.66343],[-5.52793,54.61963],[-5.49019,54.55405],[-5.47041,54.5002],[-5.48389,54.44165],[-5.52588,54.46021],[-5.56855,54.5126],[-5.61597,54.53672],[-5.67109,54.54976],[-5.64609,54.47788],[-5.65596,54.38174],[-5.63188,54.37266],[-5.55781,54.371],[-5.60679,54.27256],[-5.70806,54.24585],[-5.82617,54.23584],[-5.85464,54.20098],[-5.87607,54.15605],[-5.93774,54.08906],[-6.01904,54.05127],[-6.11953,54.05889],[-6.21802,54.08872],[-6.17573,54.05352],[-6.15693,54.01724],[-6.23066,54.00361],[-6.30762,54.01104],[-6.34517,53.98721],[-6.34761,53.94131],[-6.32158,53.88218],[-6.27012,53.84023],[-6.229,53.7457],[-6.19487,53.64087],[-6.14185,53.57754],[-6.13096,53.49893],[-6.13877,53.4603],[-6.1291,53.39087],[-6.15166,53.36641],[-6.13472,53.30122],[-6.07227,53.16631],[-6.04502,53.09116],[-6.02739,52.9271],[-6.07148,52.86563],[-6.13066,52.80728],[-6.16934,52.73813],[-6.19922,52.66348],[-6.21724,52.54312],[-6.34541,52.402],[-6.39995,52.36694],[-6.46318,52.34536],[-6.325,52.24668],[-6.43794,52.20269],[-6.56108,52.18882],[-6.69731,52.21353],[-6.78223,52.2105],[-6.85972,52.17856],[-6.89023,52.15923],[-6.91465,52.16855],[-6.96577,52.24951],[-7.00327,52.16592],[-7.08179,52.13931],[-7.21621,52.14497],[-7.44087,52.12271],[-7.52729,52.09888],[-7.56318,52.06162],[-7.58984,52.01855],[-7.6249,51.99312],[-7.66455,51.97974],[-7.83799,51.948],[-7.87217,51.9353],[-7.95249,51.86577],[-8.05781,51.82559],[-8.14502,51.81353],[-8.22246,51.854],[-8.2543,51.87832],[-8.29023,51.89067],[-8.40918,51.88877],[-8.37163,51.87627],[-8.34736,51.84771],[-8.3356,51.79297],[-8.34912,51.73931],[-8.40781,51.71206],[-8.47783,51.70703],[-8.58828,51.65137],[-8.73447,51.63618],[-8.81343,51.58491],[-9.29648,51.49824],[-9.32388,51.49722],[-9.39058,51.51929],[-9.46289,51.52905],[-9.53486,51.52217],[-9.7373,51.47373],[-9.83535,51.48335],[-9.71035,51.60371],[-9.54238,51.66445]]}},{"type":"Feature","properties":{"scalerank":0,"featurecla":"Coastline","min_zoom":4.0},"geometry":{"type":"LineString","coordinates":[[5.70811,53.47339],[5.6543,53.4665],[5.66533,53.45488],[5.73203,53.44263],[5.9293,53.45884],[5.92822,53.46499],[5.87627,53.4751],[5.70811,53.47339]]}},{"type":"Feature","properties":{"scalerank":0,"featurecla":"Coastline","min_zoom":4.0},"geometry":{"type":"LineString","coordinates":[[5.02705,53.31021],[4.90791,53.24624],[4.92373,53.23457],[5.10859,53.30801],[5.02705,53.31021]]}},{"type":"Feature","properties":{"scalerank":0,"featurecla":"Coastline","min_zoom":4.0},"geometry":{"type":"LineString","coordinates":[[5.41514,53.43145],[5.19023,53.3918],[5.23262,53.37778],[5.32578,53.38574],[5.58262,53.43809],[5.55742,53.44355],[5.41514,53.43145]]}},{"type":"Feature","properties":{"scalerank":0,"featurecla":"Coastline","min_zoom":4.0},"geometry":{"type":"LineString","coordinates":[[-2.64614,49.46821],[-2.63901,49.45093],[-2.54736,49.42871],[-2.5123,49.49453],[-2.5209,49.5063],[-2.54219,49.50659],[-2.64614,49.46821]]}},{"type":"Feature","properties":{"scalerank":0,"featurecla":"Coastline","min_zoom":3.0},"geometry":{"type":"LineString","coordinates":[[-2.22051,49.26636],[-2.23584,49.17637],[-2.16567,49.1874],[-2.09102,49.1874],[-2.05376,49.16982],[-2.00991,49.18081],[-2.01865,49.23125],[-2.08223,49.25537],[-2.22051,49.26636]]}},{"type":"Feature","properties":{"scalerank":0,"featurecla":"Coastline","min_zoom":3.0},"geometry":{"type":"LineString","coordinates":[[-4.41206,54.18535],[-4.39229,54.22539],[-4.33799,54.26909],[-4.3772,54.39258],[-4.39556,54.40293],[-4.42471,54.40718],[-4.50864,54.37671],[-4.61484,54.26694],[-4.69873,54.2249],[-4.74556,54.1188],[-4.78535,54.07305],[-4.76577,54.06943],[-4.69609,54.08145],[-4.61426,54.05869],[-4.41206,54.18535]]}},{"type":"Feature","properties":{"scalerank":0,"featurecla":"Coastline","min_zoom":3.0},"geometry":{"type":"LineString","coordinates":[[-5.10498,55.57397],[-5.1604,55.6668],[-5.18545,55.69097],[-5.25161,55.71694],[-5.31812,55.70918],[-5.3457,55.69072],[-5.3708,55.66694],[-5.39268,55.61836],[-5.33149,55.48105],[-5.27705,55.45674],[-5.23149,55.4481],[-5.10542,55.44883],[-5.09473,55.49434],[-5.10498,55.57397]]}},{"type":"Feature","properties":{"scalerank":0,"featurecla":"Coastline","min_zoom":2.0},"geometry":{"type":"LineString","coordinates":[[-5.83604,56.52256],[-5.94668,56.53452],[-6.02959,56.60981],[-6.10273,56.64565],[-6.13828,56.64985],[-6.18208,56.64297],[-6.28633,56.61187],[-6.30625,56.59878],[-6.31968,56.56943],[-6.31064,56.55215],[-6.13887,56.49063],[-6.18486,56.35688],[-6.29849,56.33916],[-6.32583,56.32095],[-6.31343,56.29365],[-6.17617,56.28872],[-5.77788,56.34434],[-5.76084,56.49067],[-5.83604,56.52256]]}},{"type":"Feature","properties":{"scalerank":0,"featurecla":"Coastline","min_zoom":3.0},"geometry":{"type":"LineString","coordinates":[[-6.12891,55.93057],[-6.21567,55.90459],[-6.31128,55.85649],[-6.34414,55.87373],[-6.37495,55.87134],[-6.41318,55.85464],[-6.44526,55.83237],[-6.46284,55.80825],[-6.46646,55.76899],[-6.49565,55.71157],[-6.49136,55.69731],[-6.45195,55.70425],[-6.33389,55.77437],[-6.30176,55.78062],[-6.28643,55.77251],[-6.30205,55.72837],[-6.27002,55.67031],[-6.30723,55.61914],[-6.30508,55.60693],[-6.25317,55.60723],[-6.08838,55.65752],[-6.05532,55.69531],[-6.05762,55.72251],[-6.09282,55.80215],[-6.12891,55.93057]]}},{"type":"Feature","properties":{"scalerank":0,"featurecla":"Coastline","min_zoom":3.0},"geometry":{"type":"LineString","coordinates":[[-5.93906,56.04526],[-5.97266,56.00444],[-5.97031,55.99219],[-5.91177,55.97476],[-6.04131,55.92563],[-6.07197,55.89312],[-6.0707,55.84766],[-6.06035,55.8229],[-6.04155,55.80679],[-5.99092,55.80381],[-5.97007,55.81455],[-5.79722,56.00562],[-5.72515,56.11855],[-5.76226,56.12031],[-5.79961,56.10879],[-5.93906,56.04526]]}},{"type":"Feature","properties":{"scalerank":0,"featurecla":"Coastline","min_zoom":2.0},"geometry":{"type":"LineString","coordinates":[[-4.31509,53.41724],[-4.46172,53.41929],[-4.56787,53.38647],[-4.55322,53.26045],[-4.47197,53.17637],[-4.41885,53.17803],[-4.37305,53.13418],[-4.27861,53.17241],[-4.20039,53.21807],[-4.08428,53.26431],[-4.04937,53.30576],[-4.15488,53.30283],[-4.19678,53.32144],[-4.31509,53.41724]]}},{"type":"Feature","properties":{"scalerank":0,"featurecla":"Coastline","min_zoom":3.0},"geometry":{"type":"LineString","coordinates":[[-1.31279,50.77349],[-1.38584,50.73354],[-1.51567,50.70332],[-1.56343,50.66611],[-1.51533,50.66978],[-1.3063,50.58853],[-1.25146,50.58882],[-1.19609,50.59922],[-1.17583,50.61523],[-1.14937,50.65571],[-1.06558,50.69023],[-1.14424,50.73472],[-1.31279,50.77349]]}},{"type":"Feature","properties":{"scalerank":0,"featurecla":"Coastline","min_zoom":3.0},"geometry":{"type":"LineString","coordinates":[[4.73984,53.09131],[4.70918,53.03604],[4.72676,53.01963],[4.78711,52.9998],[4.88613,53.0707],[4.88643,53.1833],[4.73984,53.09131]]}},{"type":"Feature","properties":{"scalerank":0,"featurecla":"Coastline","min_zoom":3.0},"geometry":{"type":"LineString","coordinates":[[3.94912,51.73945],[3.78906,51.74644],[3.69854,51.72969],[3.69902,51.70991],[3.73184,51.67822],[3.81904,51.69399],[3.95098,51.62705],[4.0751,51.64878],[4.06758,51.66748],[4.04678,51.68491],[3.94912,51.73945]]}},{"type":"Feature","properties":{"scalerank":0,"featurecla":"Coastline","min_zoom":0.0},"geometry":{"type":"MultiLineString","coordinates":[[[180.0,68.98345],[179.86826,69.0127],[179.27266,69.25967],[178.95068,69.2958],[178.925,69.32598],[178.90693,69.36211],[178.84834,69.38721],[178.44277,69.45298],[177.93369,69.49561],[177.39453,69.61162],[176.92441,69.646],[176.41045,69.76851],[176.10752,69.8603],[175.92148,69.89531],[175.75117,69.90415],[175.29561,69.86006],[174.78555,69.85566],[174.31943,69.88164],[173.94805,69.87412],[173.7334,69.89111],[173.43867,69.94683],[173.35332,69.92402],[173.27744,69.82383],[173.05635,69.86494],[172.86924,69.91978],[172.55957,69.96836],[171.97051,70.00034],[171.24668,70.07612],[170.86797,70.09604],[170.48682,70.10757],[170.52539,69.93789],[170.50313,69.85654],[170.35957,69.75098],[170.20117,69.6832],[170.16094,69.62656],[170.58223,69.58335],[170.71416,69.38823],[170.88379,69.26362],[170.99668,69.13472],[170.99541,69.04531],[170.5376,68.82539],[170.06563,68.79868],[169.60986,68.78604],[169.41465,68.91963],[169.31064,69.07954],[168.94619,69.16333],[168.5876,69.22837],[168.42305,69.2395],[168.30303,69.27148],[168.22998,69.44702],[168.15,69.57739],[168.04766,69.62563],[167.9501,69.69917],[167.85684,69.72822],[167.62813,69.74033],[167.07314,69.55444],[166.88438,69.4999],[166.82031,69.49956],[165.98047,69.546],[165.76074,69.58442],[164.51328,69.60913],[164.15957,69.71929],[163.946,69.73516],[163.70527,69.70181],[163.49805,69.69326],[163.20137,69.71475],[162.94463,69.68276],[162.37568,69.64907],[162.16602,69.61157],[161.94512,69.54512],[161.53691,69.37954],[161.48008,69.3001],[161.48008,69.20171],[161.56563,69.06396],[161.56563,68.90518],[161.49531,68.84985],[161.36514,68.823],[161.23018,68.65391],[161.10449,68.5625],[160.85605,68.53833],[160.99668,68.60752],[161.129,68.65386],[161.34063,68.90518],[161.30986,68.98228],[161.14082,69.03887],[161.03555,69.09819],[160.98203,69.33447],[160.92891,69.45854],[160.91074,69.60635],[160.73945,69.65518],[160.11914,69.72979],[159.83252,69.78496],[159.72939,69.87021],[159.83916,69.98999],[159.83145,70.08145],[159.88965,70.15879],[159.9834,70.22139],[160.00645,70.30967],[159.95859,70.42363],[159.91182,70.5061],[159.80469,70.60493],[159.72793,70.64966],[159.35068,70.79072],[158.70215,70.93501],[158.03701,71.03926],[157.44736,71.07451],[156.68457,71.09375],[155.89521,71.09551],[155.5959,71.03862],[155.02949,71.03423],[154.41396,70.97446],[153.79414,70.87998],[153.46064,70.87861],[152.79834,70.83564],[152.50879,70.83447],[151.76201,70.98247],[151.9998,71.00249],[152.09277,71.02329],[151.75977,71.21782],[151.58242,71.28696],[151.14531,71.37373],[150.96777,71.38047],[150.82168,71.36289],[150.24297,71.26719],[150.09766,71.22656],[150.38477,71.33882],[150.5251,71.38584],[150.66777,71.45522],[150.63486,71.49888],[150.5998,71.52012],[150.06084,71.51084],[150.02646,71.52134],[149.9127,71.58071],[149.85713,71.60146],[149.49805,71.66401],[149.23789,71.68794],[148.96816,71.69048],[148.92334,71.71465],[148.95488,71.74414],[148.96533,71.76279],[149.04873,71.79575],[149.27969,71.82554],[149.88105,71.84302],[150.01689,71.89565],[149.99814,71.95049],[149.96309,71.99219],[149.76621,72.09126],[149.50156,72.16431],[148.96484,72.25234],[148.40205,72.31196],[147.43398,72.34092],[147.26182,72.32788],[147.12705,72.29204],[146.89473,72.19751],[146.36797,71.92207],[146.07324,71.80835],[145.80479,71.74648],[145.18857,71.6958],[145.07559,71.70737],[144.98965,71.75337],[145.01787,71.7937],[145.07373,71.83086],[145.07773,71.85464],[145.04688,71.90103],[145.06396,71.92607],[145.12578,71.92715],[145.27119,71.89463],[145.40723,71.89014],[145.75674,71.94131],[145.75674,72.02065],[145.66406,72.06699],[145.71016,72.17759],[145.70967,72.20635],[145.75859,72.22588],[145.79941,72.22187],[146.05146,72.14229],[146.1373,72.14648],[146.23027,72.1375],[146.00586,71.94546],[146.11328,71.94497],[146.40166,72.0355],[146.59922,72.12354],[146.80703,72.23657],[146.83184,72.29541],[146.59414,72.30244],[145.03916,72.25986],[144.4707,72.17476],[144.29492,72.19263],[144.16924,72.25879],[144.36094,72.26533],[144.5876,72.30552],[144.77637,72.38228],[144.89746,72.39624],[145.21289,72.39268],[145.46709,72.36206],[146.23477,72.34971],[146.25293,72.44224],[146.0833,72.47139],[145.71416,72.49736],[145.48574,72.54209],[145.19932,72.57021],[144.56865,72.60991],[144.30391,72.64302],[143.68096,72.67319],[143.51582,72.69824],[142.06143,72.7208],[141.51836,72.78867],[141.30977,72.85771],[140.8082,72.89097],[140.70811,72.89004],[140.67598,72.87163],[140.65234,72.84282],[140.97285,72.71699],[140.9832,72.63003],[141.0793,72.58691],[140.70508,72.51895],[140.45059,72.49312],[139.60117,72.49609],[139.47363,72.4665],[139.14082,72.32974],[139.14502,72.2644],[139.17637,72.16348],[139.43047,72.16348],[139.50527,72.20767],[139.61699,72.22568],[140.13438,72.20962],[140.1877,72.19131],[140.01406,72.16211],[139.84707,72.14858],[139.64023,71.99834],[139.35928,71.95137],[139.55234,71.92671],[139.72295,71.88496],[139.69512,71.70044],[139.93877,71.55767],[139.98418,71.4915],[139.63213,71.48926],[139.32021,71.44473],[139.20938,71.44478],[139.00488,71.55605],[138.78018,71.629],[138.67002,71.63481],[138.5252,71.56274],[138.31807,71.60283],[138.23418,71.59634],[138.11846,71.56616],[138.04834,71.52598],[137.9957,71.46353],[137.92734,71.42979],[137.91836,71.38408],[138.02217,71.36343],[138.09717,71.35859],[138.31406,71.32554],[138.09063,71.30742],[138.03252,71.28584],[138.0127,71.26084],[137.84404,71.22681],[137.90195,71.19404],[137.97373,71.16865],[137.9917,71.14272],[137.93965,71.1334],[137.79785,71.16392],[137.65059,71.20815],[137.41748,71.29902],[137.31543,71.35942],[137.11582,71.41567],[136.40615,71.57075],[136.09033,71.61958],[135.88477,71.63057],[135.55918,71.61035],[135.35938,71.54351],[135.02236,71.51504],[134.81387,71.4606],[134.70273,71.38682],[134.10283,71.37896],[133.68887,71.43423],[133.42617,71.49097],[133.13086,71.60669],[132.83926,71.75518],[132.80361,71.76758],[132.76855,71.79873],[132.71582,71.87148],[132.65391,71.92598],[132.5623,71.89531],[132.32578,71.72622],[132.22764,71.64277],[132.09883,71.48398],[132.00371,71.3502],[131.99082,71.29321],[132.03535,71.24404],[131.90645,71.20264],[131.76904,71.10142],[131.56201,70.90103],[131.43232,70.82827],[131.26826,70.76553],[131.15742,70.74219],[131.02158,70.74609],[130.89805,70.80356],[130.83193,70.93589],[130.75713,70.96235],[130.66846,70.88833],[130.53711,70.89253],[130.28125,70.94731],[130.02598,71.06538],[129.76191,71.11953],[129.38984,71.40488],[129.22451,71.50884],[129.13428,71.59287],[128.92266,71.60176],[128.84326,71.66348],[128.94902,71.70757],[129.23418,71.74482],[129.46084,71.73931],[129.2918,71.8502],[129.21025,71.91694],[129.12158,71.95322],[129.1542,71.87866],[129.1166,71.82461],[129.04014,71.78242],[128.91143,71.75532],[128.35879,72.08833],[128.02656,72.25],[127.84141,72.30825],[127.72607,72.41318],[127.80342,72.43403],[128.19697,72.30962],[128.4752,72.24556],[128.93496,72.07949],[129.2835,72.09204],[129.41064,72.16631],[129.41172,72.31548],[129.28135,72.4377],[129.1166,72.48574],[128.54941,72.49585],[128.41826,72.53516],[128.5085,72.54731],[128.6334,72.55015],[128.81533,72.58589],[129.11758,72.67695],[129.25039,72.70518],[129.2291,72.77573],[129.01729,72.87246],[128.67402,72.88589],[128.59902,72.89517],[128.73525,72.94326],[128.85352,72.97261],[129.05371,73.04541],[129.10059,73.11235],[129.05918,73.10752],[128.91338,73.1106],[128.87168,73.13936],[128.88867,73.19023],[128.73047,73.2334],[128.58701,73.2624],[128.25781,73.26748],[128.26416,73.30073],[128.28145,73.33057],[128.1417,73.35239],[128.02568,73.39077],[127.99688,73.42563],[127.95508,73.44556],[127.74033,73.48154],[127.03135,73.54746],[126.95518,73.52822],[126.83848,73.43418],[126.55254,73.33491],[126.33545,73.38877],[126.29248,73.39419],[126.25742,73.41978],[126.30889,73.46367],[126.34492,73.5063],[126.296,73.53667],[126.25449,73.54819],[126.10742,73.51748],[125.88789,73.4981],[125.79443,73.46846],[125.59854,73.44741],[125.61709,73.52061],[124.79629,73.71177],[124.54121,73.75127],[124.38809,73.75483],[124.01904,73.7123],[123.93389,73.68931],[123.79688,73.62676],[123.49111,73.66636],[123.41621,73.63687],[123.30508,73.53291],[123.32266,73.43081],[123.35527,73.40249],[123.38389,73.34731],[123.50098,73.26162],[123.62227,73.19326],[123.57246,73.17734],[123.52188,73.1729],[123.46162,73.14419],[123.40459,73.08564],[123.30117,73.00181],[123.16035,72.95488],[122.99932,72.96465],[122.61523,73.02793],[122.52676,73.0167],[122.50195,72.97065],[122.73086,72.9313],[122.75195,72.90649],[122.69209,72.89082],[122.5375,72.87778],[122.26016,72.88057],[122.02979,72.89722],[121.88604,72.96089],[121.74785,72.96968],[121.3543,72.97085],[120.99717,72.93672],[120.59795,72.9811],[119.92168,72.97134],[119.75039,72.9791],[119.42529,73.06396],[118.96035,73.11729],[118.43027,73.24653],[118.37656,73.36724],[118.45703,73.4644],[118.75449,73.4645],[118.93643,73.4812],[118.91123,73.51836],[118.8709,73.53789],[118.4502,73.58979],[117.30859,73.59917],[116.49551,73.67607],[115.3377,73.70259],[114.81602,73.60718],[114.06055,73.58467],[113.85693,73.5334],[113.51035,73.50498],[113.53945,73.43364],[113.71133,73.37856],[113.79512,73.36743],[113.88623,73.3458],[113.8293,73.32656],[113.76523,73.31797],[113.63916,73.27358],[113.55889,73.23262],[113.58145,73.14224],[113.54277,73.05435],[113.41748,72.93218],[113.31152,72.87832],[113.21553,72.80586],[113.29814,72.73887],[113.39141,72.71104],[113.63008,72.6771],[113.71191,72.65415],[113.66455,72.63452],[113.31221,72.65737],[113.18613,72.73018],[113.1582,72.76948],[113.12783,72.83066],[113.24736,72.89722],[113.36934,72.94189],[113.47461,73.04785],[113.4876,73.14512],[113.49092,73.34609],[113.27695,73.3915],[113.15693,73.45957],[113.36445,73.58276],[113.41621,73.64761],[113.32686,73.70742],[113.18154,73.8374],[113.03281,73.91387],[112.93496,73.9457],[112.83594,73.96206],[112.93965,73.83564],[112.85596,73.77114],[112.79541,73.74609],[112.4,73.71113],[112.14727,73.70894],[111.80371,73.74526],[111.40039,73.82773],[111.29951,73.88486],[111.22813,73.96855],[111.45996,74.00483],[111.55059,74.02852],[111.34141,74.04736],[111.13086,74.05283],[111.05625,73.93936],[110.92012,73.9479],[110.26143,74.01743],[110.08389,73.99438],[109.86914,73.93062],[109.77412,73.88125],[109.66563,73.80024],[109.70674,73.74375],[109.75273,73.72256],[110.09121,73.70854],[110.38828,73.72603],[110.72236,73.77993],[110.79922,73.75977],[110.86816,73.73071],[110.77334,73.68916],[110.42871,73.62891],[109.85527,73.47246],[109.63711,73.454],[109.33105,73.48745],[109.16563,73.39961],[109.08994,73.37842],[108.57539,73.31904],[108.35146,73.31021],[108.28535,73.26587],[108.15098,73.25791],[108.00127,73.2356],[107.75039,73.17314],[107.36875,73.16313],[107.10879,73.17729],[106.47793,73.1394],[106.31504,73.1064],[106.20879,73.06055],[106.15957,73.002],[106.0667,72.94985],[105.7082,72.83667],[105.40273,72.78994],[105.14395,72.77705],[105.39277,72.84102],[105.67715,72.95928],[106.18867,73.30801],[106.67939,73.33066],[106.79424,73.37666],[107.16699,73.5894],[107.27109,73.62104],[107.76543,73.625],[108.19951,73.69409],[109.075,74.03232],[109.51084,74.08882],[109.81025,74.16919],[109.86387,74.20889],[109.91133,74.26133],[109.86641,74.29307],[109.84033,74.32197],[110.22588,74.37866],[110.37354,74.46606],[110.89277,74.5481],[111.29902,74.65845],[111.86826,74.74004],[112.19199,74.85317],[112.9249,75.01504],[113.61357,75.29297],[113.72617,75.45063],[113.55889,75.50205],[113.35625,75.53428],[113.24297,75.61143],[113.16152,75.62051],[112.95566,75.57192],[112.72959,75.73765],[112.45303,75.83018],[112.46611,75.84365],[112.49668,75.8499],[112.6292,75.8354],[113.12637,75.69868],[113.3916,75.67788],[113.46904,75.65669],[113.51719,75.62188],[113.48594,75.56396],[113.56758,75.56841],[113.61992,75.59268],[113.74873,75.70479],[113.871,75.85601],[113.85723,75.92129],[113.56387,75.89165],[113.42773,76.11211],[113.36553,76.17886],[113.27266,76.25166],[113.08604,76.25811],[112.98799,76.23975],[113.06602,76.21523],[113.15039,76.17451],[113.09404,76.13291],[113.04668,76.11411],[112.81895,76.05859],[112.65625,76.05356],[112.72188,76.0772],[112.79844,76.12964],[112.74258,76.18691],[112.68418,76.21885],[112.61953,76.38354],[112.41328,76.4083],[112.29707,76.43467],[112.14277,76.42397],[111.94268,76.38047],[112.0168,76.42056],[112.09395,76.48032],[111.93867,76.55342],[111.78613,76.60356],[111.60059,76.62231],[111.39248,76.68667],[111.11484,76.72305],[110.47148,76.7584],[109.98115,76.71187],[109.36934,76.74922],[108.63838,76.72012],[108.35205,76.71953],[108.18164,76.73784],[108.02793,76.71846],[107.9499,76.66064],[107.90225,76.56968],[107.72217,76.52231],[107.62422,76.51011],[107.15771,76.52407],[106.82539,76.48008],[106.6832,76.5147],[106.41357,76.51226],[106.38467,76.58945],[106.54551,76.58628],[106.63877,76.57339],[106.94092,76.73047],[107.19023,76.82202],[107.42979,76.92656],[107.27891,76.99097],[106.9416,77.03437],[106.78369,77.03179],[106.70508,77.01377],[106.33867,77.04785],[106.14541,77.04531],[105.82217,76.99751],[105.71201,77.00146],[105.6459,77.10068],[105.32021,77.09233],[104.20244,77.10181],[104.32363,77.13267],[104.91191,77.17471],[105.38457,77.23784],[105.73418,77.352],[106.05957,77.39053],[105.9834,77.44761],[105.89453,77.48887],[105.71025,77.52524],[105.30898,77.54922],[104.96523,77.59473],[104.81426,77.6521],[104.18486,77.73047],[104.01455,77.73042],[103.56074,77.63193],[103.33125,77.64106],[103.13145,77.62646],[102.61016,77.50854],[101.51768,77.1981],[101.29287,77.10156],[101.18574,77.02856],[100.98994,76.99048],[100.90586,76.90068],[100.92041,76.82251],[101.0082,76.78135],[101.09932,76.704],[101.00625,76.61509],[100.92803,76.55674],[101.00264,76.53052],[101.21299,76.53569],[101.68379,76.4855],[101.59775,76.43921],[101.31074,76.47891],[101.06074,76.47725],[100.84375,76.5252],[100.32236,76.47915],[99.93574,76.48989],[99.57627,76.47144],[98.86943,76.50957],[98.80566,76.48066],[98.96953,76.43081],[99.09385,76.38433],[99.46064,76.2751],[99.6168,76.24019],[99.82539,76.13594],[99.85137,75.93027],[99.7375,75.88066],[99.60938,75.81128],[99.54072,75.79858],[99.44219,75.80317],[99.60234,75.85205],[99.68926,75.95635],[99.77041,76.02876],[99.66318,76.07803],[99.61563,76.08232],[99.5627,76.10933],[99.1873,76.17764],[98.98467,76.20757],[98.77129,76.22402],[98.66201,76.24268],[98.34199,76.18057],[98.19463,76.16641],[98.02002,76.13369],[97.91836,76.08867],[97.66982,76.07803],[97.6377,76.02905],[97.49922,75.98022],[97.35068,76.0334],[97.20547,76.0187],[96.8792,75.93105],[96.49707,75.89121],[96.5377,75.92163],[96.60059,75.98989],[96.50859,76.00557],[95.93477,75.92603],[95.74385,75.87231],[95.65332,75.89219],[95.98604,76.00967],[96.07549,76.08198],[95.91992,76.11313],[95.57871,76.1373],[95.35928,76.1396],[95.03848,76.11353],[94.57559,76.15176],[94.50674,76.10796],[94.38828,76.10278],[94.10234,76.12358],[93.84287,76.10132],[93.64844,76.05415],[93.35957,76.10073],[93.25928,76.09878],[93.10488,76.02583],[92.97158,76.0751],[92.85859,75.97949],[92.89043,75.90996],[92.98662,75.90269],[93.06865,75.91284],[93.11631,75.94463],[93.17813,75.95898],[93.40605,75.90127],[93.47549,75.93286],[93.57402,75.9563],[93.68701,75.92158],[94.15635,75.95923],[94.0752,75.91289],[93.5498,75.8541],[92.60254,75.7791],[92.40752,75.74966],[91.84541,75.72368],[91.47949,75.64966],[91.00469,75.64956],[90.18496,75.59106],[89.59512,75.45825],[89.31025,75.47012],[88.73311,75.36919],[88.50371,75.29048],[87.67139,75.12959],[87.1708,75.19175],[87.00596,75.16982],[86.92168,75.11279],[86.93906,75.06812],[87.14072,75.07227],[87.2874,75.05254],[87.46758,75.01323],[87.41934,74.94092],[87.0418,74.77886],[86.86289,74.71787],[86.65146,74.68242],[86.20127,74.81621],[86.11953,74.75742],[86.05889,74.72822],[85.88076,74.74023],[85.79102,74.64512],[86.11611,74.62856],[86.42568,74.5855],[86.7001,74.52246],[86.89424,74.44971],[87.10615,74.40356],[87.22969,74.36387],[86.89795,74.32534],[86.66475,74.41426],[86.53848,74.44424],[86.3958,74.4501],[86.18291,74.42305],[86.00137,74.31602],[86.17783,74.27939],[86.57109,74.24375],[86.69707,74.19531],[87.20967,73.87866],[87.3375,73.84604],[87.50322,73.83247],[87.57119,73.81074],[87.36953,73.75591],[87.29443,73.70469],[87.12012,73.61504],[86.37627,73.56885],[86.15508,73.53467],[86.09238,73.51914],[85.99893,73.48584],[85.93896,73.45649],[85.91006,73.39043],[85.9708,73.34707],[86.12168,73.30674],[86.71504,73.12583],[86.67705,73.10679],[86.51436,73.14048],[86.30791,73.19575],[86.09814,73.27261],[85.81816,73.32695],[85.80244,73.37168],[85.79258,73.43833],[85.80049,73.45894],[85.82705,73.49277],[86.09414,73.57832],[86.36592,73.61978],[86.69766,73.71685],[87.02949,73.82417],[86.96133,73.86074],[86.89297,73.88711],[86.59141,73.89429],[85.9793,73.85693],[85.61143,73.82158],[85.44834,73.73462],[85.20059,73.72153],[85.07744,73.71953],[84.73789,73.76284],[84.41738,73.72202],[83.66699,73.68647],[83.54473,73.6665],[81.81699,73.65884],[81.46885,73.64043],[80.5832,73.56846],[80.56191,73.51499],[80.5959,73.47402],[80.4583,73.41372],[80.39805,73.35684],[80.41895,73.28965],[80.42451,73.23115],[80.45547,73.15522],[80.50967,73.08608],[80.63867,73.04917],[80.75742,73.02524],[80.8416,72.94917],[80.77373,72.86079],[80.67539,72.75918],[80.65625,72.71201],[80.71963,72.6479],[80.79775,72.51997],[80.82705,72.48828],[81.09814,72.38975],[81.28271,72.35884],[81.58623,72.35171],[81.79287,72.32661],[82.09365,72.26543],[82.18359,72.23755],[82.20928,72.21118],[82.28066,72.10513],[82.31914,72.07183],[82.64541,71.92524],[82.75508,71.90283],[83.20029,71.87471],[83.34043,71.82754],[83.53438,71.68394],[83.55352,71.6498],[83.57129,71.59438],[83.55049,71.54365],[83.53105,71.51426],[83.45762,71.46753],[83.26602,71.27588],[83.15127,71.10361],[83.33389,70.98853],[83.57891,70.76592],[83.65127,70.67222],[83.73594,70.54648],[83.70049,70.46641],[83.65986,70.41836],[83.49707,70.34526],[83.29346,70.32134],[83.07383,70.27671],[83.09414,70.22109],[83.13203,70.15718],[83.10957,70.10957],[83.08076,70.09302],[82.96104,70.08828],[82.85654,70.10454],[82.76729,70.15405],[82.68232,70.21772],[82.74248,70.28647],[82.91982,70.40742],[83.03018,70.58052],[83.0584,70.69473],[83.05107,70.81523],[83.01016,70.89541],[82.86914,70.95483],[82.73779,70.94209],[82.59248,70.88994],[82.45166,70.69009],[82.2584,70.5436],[82.23145,70.48291],[82.23584,70.43027],[82.22119,70.3957],[82.18242,70.51147],[82.16318,70.59814],[82.2707,70.70674],[82.33594,70.80737],[82.31602,70.87944],[82.23916,70.99771],[82.2543,71.0562],[82.27695,71.09346],[82.32285,71.26001],[82.49316,71.29287],[82.91797,71.41992],[82.97705,71.45137],[83.10566,71.56245],[83.16553,71.6022],[83.23359,71.66816],[83.10664,71.72051],[82.98613,71.74868],[82.75781,71.76411],[82.54727,71.75859],[82.07988,71.70684],[81.66162,71.71597],[81.51123,71.74614],[80.85605,71.97021],[80.81475,72.0543],[80.7625,72.08916],[80.69922,72.09829],[80.47402,72.15313],[79.95391,72.22305],[79.42207,72.38076],[78.48262,72.39497],[78.22539,72.37744],[77.96816,72.32871],[77.7332,72.2292],[77.62529,72.20142],[77.47158,72.19214],[77.43975,72.15654],[77.41084,72.10776],[77.49287,72.07173],[77.78066,72.11431],[78.01641,72.09204],[78.14082,72.04468],[78.23242,71.95229],[78.18691,71.90708],[77.77754,71.83643],[77.55078,71.84209],[77.06133,72.0042],[76.87139,72.03301],[76.42168,72.00601],[76.12402,71.92661],[76.03242,71.9104],[76.10361,71.829],[76.21572,71.68286],[76.31211,71.59546],[76.4334,71.55249],[76.87119,71.44658],[77.11367,71.40937],[77.48105,71.31157],[77.70664,71.30059],[77.9084,71.32407],[78.2126,71.26631],[78.38652,71.08711],[78.49141,71.02539],[78.5877,70.9939],[78.72393,70.97598],[78.80352,70.97354],[78.88867,70.99717],[79.08389,71.002],[79.01543,70.9502],[78.94219,70.93379],[78.52578,70.91182],[78.32061,70.93042],[78.06826,70.98633],[77.58965,71.16792],[76.99521,71.18105],[76.929,71.12788],[76.74199,71.20205],[76.11045,71.21855],[75.73359,71.26592],[75.33203,71.34175],[75.29805,71.37847],[75.28027,71.43008],[75.41719,71.49468],[75.46855,71.53437],[75.50322,71.65464],[75.24746,71.81338],[75.27383,71.95894],[75.39453,71.9832],[75.5502,72.1708],[75.64434,72.23232],[75.69443,72.25352],[75.74141,72.29624],[75.69111,72.35],[75.64434,72.38228],[75.59141,72.45723],[75.60313,72.51216],[75.60352,72.58105],[75.4749,72.68501],[75.36934,72.79663],[75.15244,72.85273],[74.94219,72.85381],[74.86494,72.83843],[74.78682,72.81187],[74.89688,72.71011],[75.00801,72.61943],[75.06035,72.54878],[75.09707,72.42065],[75.08994,72.26313],[75.05322,72.19922],[74.99219,72.14482],[74.8041,72.07739],[74.48906,71.99702],[74.31123,71.95781],[73.93945,71.91475],[73.67178,71.84507],[73.08623,71.44492],[73.15049,71.38521],[73.36523,71.31978],[73.50723,71.26353],[73.57656,71.2165],[73.73154,71.0687],[74.31094,70.65361],[74.34336,70.57871],[74.20674,70.44546],[73.9374,70.27285],[73.83018,70.17568],[73.57812,69.80298],[73.56016,69.70723],[73.66328,69.61709],[73.83271,69.50391],[73.89092,69.41797],[73.77568,69.19824],[73.83604,69.14321],[73.97744,69.11465],[74.3626,69.14458],[74.81484,69.09058],[75.05352,69.11631],[75.42002,69.23862],[75.56113,69.25181],[76.00098,69.23506],[76.64492,69.11738],[77.32832,68.95864],[77.46631,68.90513],[77.65068,68.90303],[77.78525,68.63047],[77.90684,68.48228],[77.95869,68.37705],[77.99512,68.25947],[77.86826,68.23472],[77.75684,68.22236],[77.66484,68.19038],[77.53594,68.00767],[77.52012,67.90962],[77.58828,67.7519],[78.16123,67.67837],[78.55908,67.63911],[78.83906,67.6312],[78.8876,67.61313],[78.92246,67.58911],[78.58955,67.57847],[77.98555,67.55918],[77.77158,67.57026],[77.6751,67.5896],[77.5792,67.64395],[77.39561,67.69868],[77.3251,67.73564],[77.17441,67.77852],[77.24844,67.94102],[77.26104,68.31558],[77.23848,68.46958],[77.11172,68.59619],[76.73506,68.7769],[76.60576,68.89761],[76.45918,68.97827],[76.31602,68.9915],[76.10752,68.97573],[75.58955,68.90117],[75.12461,68.86172],[74.57959,68.75122],[74.48096,68.65889],[74.39141,68.42061],[74.51123,68.30308],[74.63242,68.21831],[74.74268,68.07354],[74.77822,67.98594],[74.7873,67.89751],[74.76953,67.76636],[74.67607,67.69463],[74.07451,67.41411],[73.98623,67.32769],[73.8833,67.08496],[73.79209,66.99531],[73.51357,66.86108],[73.3416,66.80684],[72.41738,66.56079],[72.38398,66.50654],[72.32158,66.33213],[72.06758,66.25332],[71.91699,66.24673],[71.56563,66.33374],[71.35801,66.35942],[71.14551,66.36665],[70.33945,66.34238],[69.98242,66.40142],[69.70098,66.48457],[69.41201,66.51074],[69.19434,66.57866],[69.14395,66.64072],[69.09111,66.72358],[69.05117,66.76636],[69.01348,66.78833],[69.07871,66.81592],[69.21777,66.82861],[69.74043,66.8146],[69.87715,66.84546],[69.94863,66.82998],[70.09375,66.75435],[70.2834,66.68579],[70.44395,66.69731],[70.5791,66.75376],[70.63076,66.7542],[70.69072,66.74531],[70.56797,66.70088],[70.44258,66.66826],[70.40889,66.64761],[70.38281,66.60249],[70.56143,66.54868],[70.7249,66.51943],[70.93945,66.54814],[71.06563,66.60449],[71.34199,66.68672],[71.53955,66.68311],[71.55117,66.76045],[71.44893,66.87896],[71.36523,66.96152],[71.66816,66.9397],[71.84746,67.00762],[72.59434,67.58696],[72.94873,67.69624],[73.0668,67.76694],[73.15215,67.86504],[73.17305,67.97305],[73.12939,68.09092],[73.13945,68.18135],[73.26641,68.29448],[73.46523,68.43076],[73.5917,68.48188],[73.57344,68.53262],[73.54805,68.57451],[73.19072,68.70679],[72.81191,68.81523],[72.67832,68.87485],[72.57676,68.9687],[72.52734,69.08052],[72.52705,69.15425],[72.55732,69.37842],[72.61563,69.48403],[72.59941,69.79321],[72.52969,70.17251],[72.46943,70.27495],[72.56191,70.34556],[72.65332,70.40342],[72.7,70.45732],[72.73164,70.82285],[72.70449,70.96323],[72.58135,71.15112],[72.0793,71.30669],[71.86729,71.45737],[71.88438,71.51138],[71.91201,71.54795],[72.12969,71.60918],[72.27949,71.69551],[72.375,71.82163],[72.57412,72.01255],[72.62441,72.07944],[72.75293,72.34316],[72.7874,72.48296],[72.81211,72.69141],[72.63379,72.74448],[72.44639,72.79033],[72.10098,72.829],[71.92959,72.81968],[71.61699,72.9021],[71.5002,72.91367],[70.65537,72.89038],[70.17217,72.90117],[69.8875,72.88257],[69.73828,72.88496],[69.64512,72.89756],[69.65879,72.93184],[69.70898,72.9564],[69.69434,72.97754],[69.61182,72.98193],[69.39141,72.95552],[69.03906,72.66992],[68.82969,72.39155],[68.60742,72.01274],[68.46943,71.85264],[68.26924,71.68281],[67.95938,71.54839],[67.5418,71.41201],[67.27422,71.34785],[66.91758,71.28237],[66.76807,71.13989],[66.63965,71.0814],[66.69258,71.0417],[66.84707,71.06372],[66.75879,70.96235],[66.66611,70.90059],[66.6752,70.8647],[66.70225,70.81851],[66.82246,70.79736],[67.14336,70.83755],[67.21152,70.79844],[67.28477,70.73872],[67.24688,70.5001],[67.15684,70.29512],[67.14648,70.21992],[67.19746,70.17163],[67.23926,70.10806],[67.14443,70.03062],[67.06904,70.00562],[66.92637,70.01426],[66.83223,69.84219],[66.80293,69.74014],[66.804,69.65923],[66.84023,69.60918],[66.89668,69.55381],[66.93418,69.59668],[66.96406,69.65557],[67.06445,69.6937],[67.62412,69.58442],[67.77432,69.52998],[68.00586,69.48003],[68.07305,69.4208],[68.11738,69.23623],[68.35508,69.06758],[68.54277,68.96709],[68.65957,68.92739],[68.76289,68.91738],[68.92441,68.9562],[69.14053,68.95063],[69.02432,68.81797],[68.82949,68.56743],[68.5042,68.34844],[68.37119,68.31426],[68.15693,68.40366],[67.73076,68.51367],[67.63965,68.5793],[67.14922,68.75396],[67.00244,68.87358],[66.75645,68.89199],[66.41611,68.94785],[66.08477,69.03633],[65.8127,69.077],[65.73574,69.13232],[65.52793,69.17344],[65.32676,69.20137],[65.03154,69.26982],[64.89629,69.2478],[64.92852,69.32539],[64.59219,69.43564],[64.19043,69.53467],[63.36143,69.67529],[62.63125,69.74312],[61.77051,69.76304],[61.01592,69.85146],[60.90908,69.84712],[60.81299,69.82114],[60.55869,69.69233],[60.27646,69.65264],[60.17061,69.59092],[60.3373,69.45703],[60.66455,69.11025],[60.85859,69.14551],[60.93359,68.98677],[60.81514,68.89521],[60.6377,68.78701],[60.48916,68.72896],[60.16025,68.69951],[59.896,68.70635],[59.86514,68.60493],[59.94141,68.5105],[59.92285,68.47134],[59.89736,68.42192],[59.85879,68.39604],[59.82754,68.38032],[59.72568,68.35161],[59.6043,68.35112],[59.31074,68.40029],[59.09902,68.44434],[59.1123,68.61631],[59.22256,68.69131],[59.29834,68.70845],[59.37051,68.73838],[59.22041,68.84961],[59.11016,68.89629],[59.05986,68.97256],[59.05732,69.00605],[58.91895,69.00381],[58.35391,68.91621],[58.23701,68.83394],[58.17305,68.88975],[57.44434,68.6415],[57.12686,68.554],[56.90938,68.5667],[56.62021,68.61904],[56.27568,68.62407],[56.04365,68.64888],[55.92461,68.6373],[55.67529,68.57588],[55.41807,68.56782],[55.15088,68.48003],[54.92305,68.37383],[54.86133,68.20186],[54.71797,68.18418],[54.56123,68.27305],[54.47617,68.29414],[54.39395,68.2751],[54.23291,68.26631],[54.09922,68.25903],[53.96787,68.22734],[53.91367,68.2312],[53.51514,68.25967],[53.40313,68.25684],[53.26055,68.26748],[53.29336,68.31167],[53.34258,68.34321],[53.5667,68.36709],[53.69004,68.40254],[53.82949,68.38267],[53.93086,68.43555],[53.91768,68.53696],[53.75889,68.63398],[53.83389,68.70894],[53.89121,68.80151],[53.9293,68.81187],[53.97061,68.84429],[53.91953,68.87124],[53.79824,68.88467],[53.79766,68.90747],[53.87441,68.92661],[54.37627,68.96475],[54.49121,68.99233],[54.18584,69.00332],[53.80195,68.9959],[53.41289,68.91255],[52.68359,68.7312],[52.34404,68.60815],[52.43506,68.61021],[52.5501,68.59243],[52.64766,68.50615],[52.72266,68.48403],[52.66973,68.42676],[52.475,68.38213],[52.39668,68.35171],[52.32227,68.3397],[52.25918,68.35093],[52.1835,68.37427],[52.22744,68.4186],[52.28535,68.45937],[52.12881,68.53203],[52.05566,68.54131],[51.99473,68.53877],[51.6167,68.47632],[51.33613,68.40244],[51.07852,68.36333],[50.83887,68.34995],[50.69941,68.31772],[50.41406,68.21836],[50.2332,68.17534],[49.93125,68.06514],[49.15527,67.87041],[48.95391,67.85381],[48.84063,67.86973],[48.7543,67.89595],[48.6957,67.87422],[48.7627,67.827],[48.87793,67.73135],[48.8332,67.68149],[48.65381,67.69526],[48.27871,67.65039],[47.87471,67.58418],[47.88262,67.51533],[47.9082,67.45469],[47.83926,67.35571],[47.76807,67.27563],[47.70908,67.04502],[47.65586,66.97593],[47.49648,66.92983],[46.69082,66.82554],[46.55234,66.81899],[46.49238,66.8002],[46.44854,66.81899],[46.29775,66.84282],[46.08398,66.84351],[45.98604,66.85313],[45.88535,66.89106],[45.75254,66.98916],[45.56221,67.1856],[45.13887,67.28472],[44.93945,67.35078],[44.90215,67.41313],[44.93945,67.47744],[45.37412,67.68887],[45.52871,67.75757],[46.17422,67.81816],[46.42891,67.82368],[46.69043,67.84883],[46.68359,67.97046],[46.42969,68.11885],[46.1584,68.29136],[45.89199,68.47969],[45.51943,68.54653],[45.07812,68.57817],[44.17529,68.54175],[44.04805,68.54883],[43.47197,68.67983],[43.41328,68.68174],[43.3332,68.67339],[43.35801,68.63579],[43.404,68.60854],[44.16914,68.3271],[44.20469,68.25376],[44.22646,68.15444],[44.21387,68.1126],[44.23154,68.07124],[44.22539,67.99561],[44.03643,67.67065],[43.85635,67.43931],[43.7957,67.32959],[43.78242,67.25449],[43.85537,67.18862],[44.07441,67.16733],[44.2918,67.09966],[44.40391,67.0042],[44.4293,66.93774],[44.43711,66.79463],[44.48867,66.67178],[44.31641,66.48169],[44.2207,66.40708],[44.09717,66.23506],[44.14531,66.11274],[44.13242,66.06455],[44.10439,66.00859],[44.0167,66.04976],[43.94414,66.09868],[43.84375,66.14238],[43.73701,66.1584],[43.62393,66.14673],[43.54189,66.12339],[43.55039,66.17339],[43.65313,66.25098],[43.60332,66.29121],[43.55088,66.32129],[43.2332,66.41553],[43.00596,66.42095],[42.80654,66.41133],[42.60215,66.42251],[42.45078,66.48242],[42.31367,66.51475],[42.21055,66.51968],[42.08359,66.46592],[41.78086,66.25933],[41.47578,66.12344],[41.07607,66.02109],[40.77441,65.98789],[40.6916,65.96343],[40.51279,65.8438],[40.32783,65.75171],[39.8165,65.59795],[39.78115,65.53472],[39.74912,65.44795],[39.79805,65.34985],[39.89648,65.25479],[40.14268,65.06328],[40.28125,64.9981],[40.37539,64.89629],[40.44492,64.77871],[40.40781,64.75488],[40.20371,64.78403],[40.05781,64.77075],[39.84863,64.69053],[39.83301,64.6564],[39.75801,64.57705],[39.56738,64.57056],[39.05352,64.71392],[38.61309,64.78667],[38.54092,64.79126],[38.44199,64.82715],[38.41211,64.85708],[38.22822,64.85122],[38.11572,64.85459],[38.00938,64.87876],[37.52813,65.10825],[37.14082,65.19429],[37.0502,65.1959],[36.88281,65.17236],[36.78594,64.98716],[36.65293,64.93545],[36.53457,64.93862],[36.52822,64.84736],[36.57871,64.79097],[36.62422,64.75054],[36.76934,64.68525],[37.04043,64.48916],[37.18369,64.4085],[37.28955,64.37793],[37.42959,64.37358],[37.74063,64.39697],[37.84355,64.36631],[37.95371,64.32012],[37.97715,64.20703],[38.06221,64.09102],[38.0708,64.02583],[37.96797,63.94912],[37.63535,63.89341],[37.44219,63.81338],[37.37275,63.81675],[36.9752,63.90952],[36.71377,63.94507],[36.36494,64.00283],[36.30195,64.03437],[36.14648,64.18901],[35.80205,64.33535],[35.64707,64.37832],[35.43203,64.34678],[35.28408,64.36255],[35.03535,64.44023],[34.86953,64.56001],[34.8583,64.70669],[34.90547,64.73867],[34.95225,64.75596],[34.83262,64.8002],[34.82715,64.9127],[34.80352,64.98599],[34.67109,65.16812],[34.53594,65.27793],[34.40645,65.39575],[34.54414,65.45669],[34.61572,65.50991],[34.71553,65.66406],[34.73477,65.71631],[34.77695,65.76826],[34.79316,65.81636],[34.78633,65.86455],[34.6918,65.95186],[34.3998,66.12842],[34.1127,66.22524],[33.5667,66.321],[33.41582,66.31562],[33.36055,66.32954],[33.47695,66.34687],[33.59326,66.38457],[33.65596,66.44263],[33.51768,66.47139],[33.40527,66.48428],[33.21738,66.53164],[33.18291,66.57388],[33.22441,66.60386],[33.18057,66.67993],[32.92871,66.7041],[32.8624,66.72139],[32.85732,66.74692],[32.68643,66.82954],[32.46367,66.91631],[32.50098,67.00386],[32.34063,67.06787],[32.20156,67.11323],[31.98301,67.12983],[31.89531,67.16143],[32.3999,67.15269],[32.93047,67.08682],[32.88525,67.06113],[32.84756,67.02153],[33.00195,66.9083],[33.1502,66.84395],[33.48203,66.76455],[33.52295,66.76436],[33.59541,66.78462],[33.75957,66.75098],[33.89365,66.70674],[34.14609,66.70327],[34.45156,66.65122],[34.43086,66.62979],[34.39609,66.61318],[34.48262,66.55034],[34.61025,66.55962],[34.82461,66.61113],[35.36396,66.42866],[35.51348,66.3958],[36.37344,66.30229],[36.76992,66.29355],[36.98369,66.27256],[37.29482,66.22505],[37.62822,66.12959],[37.90068,66.09561],[38.39756,66.06445],[38.65391,66.06904],[39.28906,66.13203],[40.10332,66.29995],[40.52158,66.44663],[41.18896,66.82617],[41.27559,66.91431],[41.3543,67.12144],[41.35879,67.20967],[41.26172,67.21846],[41.13389,67.26694],[41.13389,67.38604],[41.06094,67.44419],[40.96641,67.71348],[40.76631,67.74302],[40.65654,67.77407],[40.52578,67.7897],[40.38066,67.83188],[40.20664,67.94189],[40.03574,68.01538],[39.89561,68.1145],[39.80928,68.15083],[39.74629,68.16221],[39.78975,68.11216],[39.82334,68.05859],[39.56895,68.07173],[38.83154,68.3249],[38.70557,68.34473],[38.65684,68.32188],[38.43018,68.35562],[38.35762,68.41514],[37.73057,68.69214],[36.61826,69.00347],[35.85791,69.19175],[35.28984,69.27544],[35.2332,69.26558],[35.17588,69.23081],[35.00957,69.22124],[34.86396,69.22808],[34.35273,69.30293],[34.22939,69.31313],[33.68438,69.31025],[33.62705,69.28916],[33.43564,69.13037],[33.3334,69.09819],[33.14121,69.0687],[33.19639,69.11685],[33.32773,69.15186],[33.41299,69.26743],[33.41797,69.31528],[33.46367,69.37817],[33.4543,69.42817],[33.38486,69.44429],[33.25586,69.42773],[32.97891,69.36733],[32.9416,69.38335],[33.021,69.44561],[32.9998,69.47012],[32.88379,69.46084],[32.63682,69.48945],[32.37773,69.4791],[32.33057,69.55425],[32.16133,69.59663],[32.0915,69.63257],[32.17676,69.67402],[32.7543,69.60571],[32.91504,69.60171],[32.99463,69.62617],[33.0126,69.67051],[33.00781,69.72212],[32.9417,69.75186],[32.56543,69.80649],[32.3916,69.8687],[31.98457,69.95366],[31.96934,69.91392],[32.03057,69.8353],[31.99795,69.80991],[31.87939,69.83198],[31.78857,69.81577],[31.66621,69.721],[31.54697,69.69692],[31.45273,69.6896],[31.04951,69.76924],[30.86973,69.78345],[30.71445,69.7957],[30.59453,69.78965],[30.48438,69.79487],[30.42832,69.72227],[30.39727,69.73281],[30.34883,69.83457],[30.2376,69.86221],[30.18008,69.84116],[30.15518,69.74595],[30.08828,69.71758],[29.99033,69.73667],[29.79209,69.72788],[29.69463,69.74458],[29.63594,69.78013],[29.621,69.81821],[29.62139,69.87407],[29.64688,69.9437],[29.60137,69.97676],[28.8043,70.09253],[28.78115,70.14541],[29.92588,70.09648],[30.26299,70.12471],[30.46895,70.19785],[30.94414,70.27441],[30.96064,70.34385],[30.92637,70.40112],[30.5959,70.52368],[30.42207,70.54717],[30.21318,70.54331],[30.20303,70.5623],[30.2377,70.62217],[30.06514,70.70298],[29.95938,70.69438],[29.79648,70.64253],[29.7375,70.64683],[29.72197,70.66855],[29.63906,70.70503],[29.39766,70.73413],[29.32109,70.76147],[29.21855,70.82993],[29.10234,70.86074],[28.83154,70.86396],[28.7498,70.8415],[28.60938,70.75967],[28.48477,70.6188],[28.4373,70.50137],[28.30986,70.44307],[28.28008,70.40342],[28.19297,70.24858],[28.16602,70.28765],[28.16602,70.3604],[28.19102,70.44019],[28.20273,70.5769],[28.27178,70.66797],[28.21563,70.70435],[27.99883,70.66426],[27.89805,70.67793],[27.95098,70.71758],[28.27188,70.79795],[28.32686,70.8252],[28.38271,70.86943],[28.39229,70.97529],[28.1417,71.04302],[27.81504,71.05938],[27.7335,71.08086],[27.59707,71.09131],[27.33164,70.99673],[27.23525,70.94722],[27.26904,70.91001],[27.55566,70.82739],[27.54648,70.804],[27.30938,70.80356],[27.18369,70.74404],[27.14727,70.6812],[27.07129,70.60845],[26.98936,70.51138],[26.66611,70.42168],[26.58506,70.41001],[26.58398,70.45381],[26.60117,70.50347],[26.62813,70.55088],[26.64463,70.63623],[26.5582,70.66914],[26.67549,70.74097],[26.73398,70.85356],[26.66133,70.93975],[26.50693,70.91279],[26.23086,70.78262],[25.98809,70.62539],[25.47051,70.34058],[25.41885,70.2355],[25.21182,70.13647],[25.04385,70.10903],[24.98271,70.14399],[24.99424,70.21821],[25.14639,70.32402],[25.20928,70.4894],[25.27354,70.55239],[25.46826,70.67197],[25.66563,70.77715],[25.78145,70.8168],[25.76816,70.85317],[25.71191,70.86973],[25.64971,70.87334],[25.56982,70.90068],[25.43594,70.91187],[25.37559,70.89194],[25.32539,70.84941],[25.26465,70.84351],[25.17119,70.87202],[25.04219,70.92861],[24.83164,70.97803],[24.76475,71.00845],[24.65801,71.00103],[24.4418,70.89155],[24.26348,70.82632],[24.26816,70.77271],[24.40352,70.74531],[24.42002,70.702],[24.35557,70.69458],[24.28555,70.6624],[24.03848,70.48535],[23.89717,70.47876],[23.66123,70.39976],[23.37939,70.24746],[23.3291,70.20723],[23.28604,70.10483],[23.31025,70.06357],[23.4002,70.01978],[23.35391,69.9834],[23.25791,69.99331],[23.17695,70.02905],[23.04648,70.10186],[22.98281,70.23677],[22.94121,70.30498],[22.85166,70.34048],[22.68457,70.37476],[22.42119,70.3376],[22.38477,70.27773],[22.32197,70.2645],[22.21943,70.30918],[22.05439,70.27598],[21.99551,70.29336],[21.78027,70.22988],[21.53877,70.25767],[21.35576,70.2334],[21.34629,70.20825],[21.40039,70.17446],[21.60781,70.09819],[21.80273,70.06606],[21.89258,70.00425],[21.97471,69.83457],[21.93174,69.8147],[21.77959,69.88745],[21.59023,69.93804],[21.43291,70.01318],[21.25371,70.00322],[21.16309,69.8895],[21.03213,69.88745],[20.97109,69.91602],[20.84033,69.90732],[20.62207,69.91392],[20.546,69.85107],[20.53271,69.69233],[20.5625,69.63281],[20.66152,69.58472],[20.74258,69.53452],[20.73945,69.52051],[20.48672,69.54209],[20.19766,69.37095],[20.10723,69.34121],[20.05449,69.33267],[20.04375,69.35566],[20.27715,69.53584],[20.33818,69.61665],[20.33271,69.67695],[20.38721,69.86763],[20.35518,69.92192],[20.32422,69.94531],[20.22305,69.9272],[20.14639,69.89673],[20.06895,69.88345],[19.96055,69.82461],[19.86465,69.72212],[19.73682,69.50381],[19.6415,69.42402],[19.63975,69.50381],[19.696,69.61294],[19.72246,69.78164],[19.68701,69.80474],[19.19727,69.74785],[19.03838,69.6604],[19.01133,69.62373],[19.00684,69.5877],[18.99111,69.56113],[18.88281,69.52334],[18.7666,69.51704],[18.67402,69.52036],[18.61445,69.49058],[18.62441,69.43438],[18.75,69.37842],[18.91592,69.3356],[18.85898,69.31445],[18.64551,69.32188],[18.48262,69.36484],[18.37871,69.43984],[18.29316,69.4751],[18.25977,69.47061],[18.1875,69.43311],[18.07871,69.32524],[18.07539,69.23262],[18.11748,69.1812],[18.10146,69.1563],[17.70459,69.10005],[17.54629,69.00112],[17.49004,68.87876],[17.39082,68.79937],[17.13115,68.69346],[16.88467,68.6854],[16.65186,68.62578],[16.57988,68.59268],[16.51436,68.53257],[16.52529,68.49067],[16.58486,68.46646],[17.20234,68.45928],[17.42617,68.48193],[17.48018,68.47432],[17.50234,68.46108],[17.57119,68.44746],[17.55283,68.42627],[17.47852,68.42632],[17.33613,68.41035],[17.09404,68.36841],[16.95137,68.35469],[16.86494,68.35527],[16.61885,68.4063],[16.38789,68.38955],[16.20381,68.31675],[16.1748,68.28125],[16.25977,68.14453],[16.31924,68.10176],[16.39199,68.0916],[16.37217,68.06182],[16.30869,68.03564],[16.25859,68.00122],[16.3123,67.88145],[16.26074,67.88657],[16.1208,68.02734],[16.06455,68.1999],[16.03809,68.21816],[16.00791,68.22871],[15.85127,68.18218],[15.65664,68.16436],[15.48682,68.10283],[15.31602,68.06875],[15.29287,68.03647],[15.35693,68.00361],[15.60576,67.98789],[15.62139,67.94829],[15.50664,67.92622],[15.40088,67.91963],[15.27441,67.96094],[15.13428,67.97271],[15.04844,67.95576],[14.79893,67.80933],[14.82109,67.74985],[14.78135,67.6749],[14.85469,67.66333],[15.04082,67.68257],[15.30391,67.76528],[15.3458,67.73442],[15.28408,67.70796],[15.21865,67.65537],[15.24873,67.60215],[15.354,67.54395],[15.4873,67.51479],[15.66133,67.54282],[15.6915,67.52139],[15.57568,67.44385],[15.59443,67.34854],[15.55293,67.35176],[15.46533,67.45093],[15.40938,67.47417],[15.28916,67.48315],[15.12051,67.55503],[14.96191,67.57427],[14.75498,67.49902],[14.57852,67.38604],[14.53662,67.33975],[14.44834,67.29785],[14.4417,67.27139],[14.4793,67.25596],[14.58154,67.26743],[14.82441,67.26831],[15.3001,67.25693],[15.43477,67.24668],[15.41572,67.20244],[14.77559,67.19448],[14.60068,67.17388],[14.47266,67.14268],[14.34033,67.15894],[14.20557,67.11123],[14.10879,67.11924],[14.02236,67.0731],[13.88018,66.96489],[13.8084,66.96079],[13.72666,66.93804],[13.65156,66.90708],[13.7041,66.85166],[13.91699,66.81938],[13.95947,66.79434],[13.78799,66.78247],[13.62109,66.79482],[13.52021,66.74165],[13.45039,66.71553],[13.31182,66.70186],[13.21143,66.64082],[13.1916,66.53716],[13.10469,66.5394],[13.06816,66.43081],[13.11885,66.23066],[13.35205,66.23672],[13.41641,66.25259],[13.49893,66.2519],[13.68135,66.27358],[13.97314,66.31973],[14.03418,66.29756],[13.91582,66.24736],[13.75967,66.22104],[13.67441,66.17998],[13.38711,66.18276],[12.78379,66.10044],[12.79492,66.06909],[12.97607,66.01919],[13.03311,65.95625],[12.98301,65.9416],[12.8168,65.95288],[12.68887,65.9022],[12.62773,65.80615],[12.34482,65.63018],[12.27285,65.56816],[12.20625,65.48623],[12.12217,65.36235],[12.13389,65.27915],[12.19961,65.24546],[12.26338,65.2561],[12.33398,65.24072],[12.36387,65.19331],[12.41758,65.18408],[12.51172,65.19531],[12.71533,65.26636],[12.81982,65.31748],[12.91553,65.33926],[12.73838,65.2144],[12.5084,65.09941],[12.30654,65.08599],[12.22656,65.14536],[12.15967,65.17896],[11.48936,64.97583],[11.3499,64.90591],[11.30352,64.82939],[11.29678,64.75479],[11.39248,64.773],[11.56172,64.81826],[11.63291,64.81392],[11.52383,64.74438],[11.33135,64.68594],[11.22539,64.67949],[11.09043,64.61455],[10.93232,64.57773],[10.83398,64.49448],[10.56563,64.41831],[10.23623,64.17964],[10.00996,64.08315],[9.93945,63.98174],[9.86445,63.91782],[9.70801,63.86489],[9.61475,63.79482],[9.56729,63.70615],[9.59463,63.67896],[9.65723,63.69731],[9.76748,63.69951],[9.83232,63.6165],[9.89277,63.57622],[9.92402,63.52178],[10.05508,63.5127],[10.33916,63.57104],[10.93486,63.77021],[11.04727,63.84521],[10.9667,63.90156],[10.91426,63.92109],[11.0752,63.98813],[11.21357,64.03052],[11.30664,64.04888],[11.4292,64.02451],[11.45762,64.00298],[11.29463,63.94819],[11.17559,63.89888],[11.21387,63.87812],[11.30762,63.87573],[11.34795,63.8377],[11.3707,63.80483],[11.22578,63.76382],[11.11787,63.71919],[10.95254,63.69819],[10.7792,63.65117],[10.72529,63.625],[10.67363,63.55801],[10.70674,63.53633],[10.76016,63.46128],[10.70449,63.46357],[10.59092,63.44722],[10.34004,63.46934],[10.18857,63.45479],[10.08057,63.43271],[10.021,63.39082],[9.9792,63.39526],[9.93604,63.47886],[9.8915,63.49204],[9.83223,63.52417],[9.69688,63.62456],[9.60225,63.60957],[9.5207,63.58569],[9.32363,63.57036],[9.15605,63.45933],[9.08418,63.46343],[9.07588,63.50039],[9.15811,63.56626],[9.13584,63.59365],[8.84238,63.6459],[8.67363,63.62261],[8.57617,63.60117],[8.39814,63.53511],[8.36074,63.49888],[8.38652,63.44526],[8.48018,63.42417],[8.59375,63.42612],[8.64102,63.39209],[8.63555,63.34233],[8.58018,63.31338],[8.27148,63.28657],[8.18447,63.23652],[8.15801,63.16152],[8.23516,63.08218],[8.33857,63.04219],[8.60918,62.88057],[8.62314,62.84624],[8.31055,62.96553],[8.21113,62.99551],[8.10059,63.09097],[7.86035,63.11279],[7.73604,63.10386],[7.6543,63.10918],[7.57188,63.09951],[7.38906,63.02329],[7.0085,62.95767],[6.94043,62.93047],[6.92822,62.90273],[6.78154,62.78965],[6.73496,62.7207],[6.77998,62.70073],[7.0249,62.72881],[7.11084,62.752],[7.24209,62.75234],[7.4084,62.71177],[8.04551,62.77124],[8.09551,62.73184],[7.80469,62.721],[7.53838,62.67207],[7.51816,62.64551],[7.52744,62.6103],[7.69072,62.5856],[7.65313,62.56401],[7.57012,62.54819],[7.4918,62.54282],[7.28379,62.60229],[6.96113,62.62676],[6.74463,62.63789],[6.61836,62.62129],[6.43945,62.60967],[6.35293,62.61113],[6.27285,62.58384],[6.2375,62.51992],[6.16475,62.48242],[6.11846,62.44717],[6.13613,62.40747],[6.26172,62.41631],[6.45713,62.4481],[6.69238,62.46807],[6.62002,62.42329],[6.58008,62.40728],[6.20898,62.35278],[6.0835,62.34961],[6.02559,62.37568],[5.97979,62.40713],[5.9083,62.41602],[5.79629,62.38467],[5.71816,62.37891],[5.5333,62.31089],[5.48428,62.23911],[5.42236,62.20737],[5.35771,62.15171],[5.29385,62.15391],[5.24092,62.18867],[5.14316,62.15991],[5.09648,62.02666],[5.15957,61.95698],[5.26689,61.9356],[5.47305,61.94561],[5.66445,61.9229],[6.13115,61.85244],[6.3959,61.85098],[6.68232,61.88701],[6.73076,61.86978],[6.4667,61.80742],[6.01582,61.7875],[5.79326,61.8271],[5.46533,61.89692],[5.11699,61.8854],[4.98506,61.90044],[4.93008,61.87832],[4.91035,61.80957],[4.92783,61.71069],[4.99668,61.64521],[5.09941,61.62017],[5.16758,61.54336],[5.26758,61.50503],[5.33867,61.4855],[5.2583,61.45547],[5.17246,61.45713],[5.00273,61.43359],[4.98994,61.37769],[5.02168,61.25059],[5.10674,61.18755],[5.32461,61.10825],[5.45127,61.10234],[5.64678,61.14761],[6.08252,61.16729],[6.3835,61.13389],[6.49258,61.15459],[6.54307,61.24453],[6.5999,61.28965],[6.62588,61.2793],[6.61025,61.2291],[6.65703,61.20659],[6.79434,61.19038],[6.94258,61.16055],[7.17354,61.16597],[7.27598,61.18096],[7.29805,61.21362],[7.27627,61.28394],[7.33115,61.37202],[7.44258,61.43462],[7.45254,61.41924],[7.34658,61.30059],[7.40391,61.22217],[7.60449,61.21055],[7.54502,61.17715],[7.04014,61.09116],[7.04668,61.01528],[7.07793,60.96631],[7.03867,60.95293],[6.98057,60.99414],[6.97207,61.05596],[6.90342,61.10215],[6.77783,61.14243],[6.60986,61.13701],[6.41797,61.08428],[6.29258,61.08096],[5.98398,61.11733],[5.50527,61.0561],[5.28818,61.04717],[5.19248,61.05371],[5.09541,61.07134],[5.00859,61.03818],[5.02461,60.93613],[5.01074,60.85854],[5.04912,60.70752],[5.11582,60.63599],[5.24404,60.56958],[5.44736,60.61733],[5.58936,60.69429],[5.64834,60.68799],[5.54648,60.62456],[5.16816,60.48481],[5.13711,60.44561],[5.18359,60.3084],[5.28584,60.20571],[5.41738,60.1541],[5.57383,60.1585],[5.65762,60.1541],[5.68857,60.12319],[5.49453,60.07031],[5.37646,60.06724],[5.26543,60.08647],[5.20566,60.08794],[5.17441,60.0457],[5.21953,59.97876],[5.18711,59.90708],[5.11924,59.83369],[5.10488,59.73169],[5.11074,59.66782],[5.1458,59.63882],[5.18604,59.64229],[5.23447,59.6918],[5.26387,59.70977],[5.35342,59.76011],[5.49453,59.82559],[5.55703,59.90776],[5.69883,60.01001],[5.80088,60.02622],[5.87656,60.07002],[5.90439,60.15063],[5.96738,60.20557],[6.10176,60.29014],[6.15332,60.34624],[6.34697,60.41909],[6.80635,60.50078],[6.9957,60.51196],[6.94971,60.47822],[6.78711,60.4541],[6.71992,60.41816],[6.66094,60.36724],[6.52686,60.15293],[6.52637,60.21362],[6.57363,60.3606],[6.51807,60.40757],[6.34873,60.35298],[6.14053,60.2335],[6.10518,60.16514],[6.11182,60.13208],[6.06992,60.0835],[5.99648,60.03149],[5.78359,59.91279],[5.73047,59.86309],[5.76348,59.80791],[5.83398,59.79468],[5.9667,59.81318],[6.05928,59.81558],[6.21191,59.83179],[6.2166,59.81836],[5.99102,59.74468],[5.86729,59.73398],[5.77217,59.66094],[5.57949,59.68662],[5.52969,59.71309],[5.47246,59.71309],[5.40352,59.65576],[5.30488,59.64258],[5.24219,59.56431],[5.18506,59.45366],[5.13164,59.22646],[5.17324,59.16255],[5.3623,59.16636],[5.46758,59.20381],[5.56406,59.29121],[5.65732,59.31025],[5.71797,59.32983],[5.84521,59.35347],[6.01738,59.41445],[6.15859,59.48965],[6.27852,59.53452],[6.40391,59.56099],[6.41533,59.54712],[6.30566,59.50557],[6.19893,59.43809],[6.05068,59.36816],[5.95186,59.29907],[5.9373,59.23398],[5.96855,59.18613],[5.94873,59.13545],[5.88916,59.09795],[5.88916,59.0605],[6.01699,58.9877],[6.09941,58.95195],[6.32109,59.01646],[6.36328,59.00093],[6.21416,58.94468],[6.1373,58.87466],[6.09902,58.87026],[5.8543,58.95947],[5.61221,59.01289],[5.55557,58.9752],[5.52246,58.82266],[5.51729,58.72651],[5.58594,58.62041],[5.70684,58.52363],[5.97656,58.43232],[6.05469,58.37515],[6.38906,58.26797],[6.4915,58.25942],[6.61758,58.26641],[6.65986,58.26274],[6.67676,58.23379],[6.69248,58.22402],[6.60576,58.17637],[6.55508,58.12344],[6.59053,58.09731],[6.73145,58.06831],[6.7668,58.08154],[6.77109,58.13223],[6.80283,58.15454],[6.87705,58.15073],[6.9123,58.14287],[6.89531,58.12075],[6.89023,58.10229],[6.90342,58.07051],[7.00488,58.02422],[7.19414,58.04766],[7.46592,58.02095],[7.87559,58.07998],[8.0374,58.14727],[8.16611,58.14531],[8.31221,58.22446],[8.52139,58.30059],[8.92842,58.56997],[9.17813,58.675],[9.19375,58.71187],[9.23867,58.73901],[9.32295,58.74756],[9.3958,58.80566],[9.30996,58.85684],[9.55107,58.93301],[9.61846,58.94604],[9.65693,58.97119],[9.69609,59.00972],[9.62715,59.06792],[9.55723,59.1127],[9.63516,59.11777],[9.8002,59.02705],[9.84258,58.9585],[9.95957,58.96821],[10.08311,59.02881],[10.17939,59.00928],[10.20518,59.03867],[10.24316,59.06206],[10.43135,59.27964],[10.45459,59.37749],[10.44639,59.4436],[10.40713,59.45566],[10.39814,59.51934],[10.49375,59.5415],[10.56953,59.58711],[10.53389,59.6958],[10.59531,59.76455],[10.60449,59.68003],[10.63438,59.60249],[10.63105,59.42817],[10.64492,59.38921],[10.74258,59.296],[10.83447,59.18394],[10.94502,59.17085],[10.99893,59.16445],[11.09082,59.1418],[11.13213,59.14321],[11.36592,59.10454],[11.38643,59.06572],[11.38828,59.03652],[11.29531,59.08687],[11.1958,59.07827],[11.16689,59.04556],[11.14717,58.98862],[11.16914,58.92271],[11.20791,58.86641],[11.22383,58.67993],[11.27158,58.47563],[11.25205,58.42407],[11.24824,58.36914],[11.32998,58.38032],[11.43154,58.33999],[11.44932,58.11836],[11.54902,58.00122],[11.70322,57.97319],[11.7291,57.76445],[11.73496,57.71768],[11.87871,57.67944],[11.88506,57.6127],[11.91699,57.52192],[11.96152,57.42607],[12.05322,57.44697],[12.15186,57.22695],[12.42148,56.9064],[12.57266,56.82329],[12.71758,56.66284],[12.79316,56.64917],[12.88369,56.61772],[12.91953,56.51558],[12.85742,56.45239],[12.77314,56.45576],[12.65645,56.44058],[12.69111,56.38442],[12.74219,56.34687],[12.80166,56.26392],[12.75283,56.24214],[12.70635,56.23501],[12.50703,56.29297],[12.47119,56.29053],[12.521,56.24556],[12.59258,56.1376],[12.83457,55.88184],[12.94199,55.80605],[12.97393,55.74814],[12.97803,55.6938],[12.96338,55.6126],[12.93877,55.5332],[12.94063,55.48159],[12.88584,55.41138],[13.32139,55.34639],[13.80635,55.42856],[14.07998,55.39219],[14.17373,55.39663],[14.3417,55.52773],[14.27646,55.63638],[14.20293,55.72915],[14.21504,55.83262],[14.26191,55.88755],[14.40195,55.97676],[14.47324,56.01436],[14.55859,56.04863],[14.65557,56.01992],[14.75479,56.03315],[14.71396,56.13413],[14.78203,56.16191],[15.05117,56.17222],[15.32656,56.15083],[15.50967,56.18301],[15.62656,56.1856],[15.72227,56.16421],[15.82666,56.12495],[15.92031,56.16738],[15.99668,56.22261],[16.15068,56.50083],[16.2165,56.58999],[16.34873,56.70928],[16.40781,56.80869],[16.45752,56.92681],[16.52793,57.06816],[16.50732,57.1417],[16.47949,57.1877],[16.47598,57.26514],[16.63086,57.43018],[16.65225,57.50068],[16.6042,57.56831],[16.58379,57.64175],[16.58623,57.76094],[16.55537,57.81226],[16.59697,57.91289],[16.69492,57.91753],[16.7001,58.16079],[16.76992,58.21426],[16.7166,58.30288],[16.65195,58.43433],[16.82432,58.45962],[16.92383,58.49258],[16.78848,58.58525],[16.68301,58.59966],[16.47803,58.61289],[16.39082,58.60186],[16.31807,58.62832],[16.21426,58.63667],[16.31582,58.66362],[16.63936,58.65117],[16.97813,58.65415],[17.10283,58.71084],[17.34766,58.78052],[17.45674,58.8584],[17.66963,58.91621],[17.76543,58.96504],[17.829,58.95459],[17.97461,59.00264],[18.09814,59.0623],[18.28535,59.10938],[18.32197,59.13223],[18.37305,59.17974],[18.41426,59.29033],[18.49863,59.29194],[18.61758,59.32705],[18.56025,59.39448],[18.50889,59.40796],[18.45918,59.39673],[18.3958,59.3686],[18.33604,59.37534],[18.27051,59.36714],[18.21055,59.33145],[18.13262,59.31621],[17.97979,59.32905],[17.96426,59.35938],[18.16357,59.43037],[18.21689,59.42051],[18.27646,59.43765],[18.33809,59.47686],[18.40244,59.49038],[18.57812,59.56577],[18.63994,59.60093],[18.71875,59.65737],[18.89561,59.73296],[18.97051,59.75723],[18.99043,59.82778],[18.9332,59.94229],[18.88428,59.98018],[18.85273,60.02588],[18.78701,60.07949],[18.60117,60.11924],[18.53545,60.15288],[18.55752,60.25356],[18.4,60.33711],[18.25049,60.36152],[18.1625,60.40791],[18.01133,60.51143],[17.95576,60.58979],[17.87158,60.58008],[17.74219,60.53931],[17.66113,60.53516],[17.63076,60.58525],[17.59307,60.62769],[17.55547,60.64272],[17.45703,60.6418],[17.35986,60.64082],[17.25098,60.70078],[17.26123,60.76318],[17.27891,60.81216],[17.20293,60.95186],[17.21289,60.98584],[17.18574,61.14653],[17.17979,61.24927],[17.16387,61.27827],[17.19961,61.31196],[17.17793,61.35762],[17.13799,61.38169],[17.16426,61.4583],[17.14658,61.50464],[17.13076,61.57573],[17.21563,61.65635],[17.19639,61.72456],[17.33457,61.6917],[17.46543,61.68447],[17.41729,61.74067],[17.39824,61.78208],[17.37451,61.86631],[17.41201,61.96611],[17.44658,62.02266],[17.51016,62.16631],[17.56289,62.2123],[17.63369,62.23301],[17.53525,62.26367],[17.429,62.33472],[17.37334,62.42651],[17.37842,62.46279],[17.41025,62.5084],[17.50898,62.48252],[17.57061,62.45103],[17.64639,62.45088],[17.71777,62.50088],[17.83447,62.50273],[17.94707,62.57847],[18.0373,62.60054],[18.00654,62.62627],[17.93047,62.64062],[17.90303,62.65947],[17.94072,62.67988],[17.97441,62.72104],[17.93291,62.78613],[17.89561,62.83052],[17.87959,62.87319],[17.90664,62.88677],[17.95107,62.83389],[18.09355,62.83604],[18.07793,62.81196],[18.07441,62.79067],[18.17002,62.78936],[18.21494,62.81221],[18.24805,62.84907],[18.46309,62.89585],[18.48262,62.92832],[18.48691,62.95859],[18.50205,62.98887],[18.31289,62.99639],[18.34424,63.03213],[18.40771,63.0375],[18.53066,63.06353],[18.57764,63.12642],[18.60645,63.17827],[18.66719,63.17656],[18.75957,63.19824],[18.81943,63.19727],[18.85898,63.20659],[18.8502,63.22412],[18.79229,63.23813],[18.8167,63.25747],[19.03438,63.23774],[19.23633,63.34736],[19.28809,63.42876],[19.3543,63.47749],[19.49463,63.42437],[19.49092,63.46021],[19.50234,63.50903],[19.59004,63.48726],[19.65576,63.45801],[19.72207,63.46333],[19.78164,63.53818],[19.91367,63.61055],[20.20469,63.66245],[20.37139,63.7229],[20.45371,63.77373],[20.67764,63.82627],[20.7627,63.86782],[21.01846,64.17798],[21.25576,64.29917],[21.46504,64.37959],[21.49434,64.41611],[21.51963,64.46309],[21.39385,64.54434],[21.33154,64.62935],[21.2793,64.72471],[21.20498,64.77432],[21.13818,64.80869],[21.1959,64.8769],[21.29375,64.94126],[21.4249,65.0127],[21.57393,65.12578],[21.58066,65.16079],[21.546,65.20698],[21.50635,65.24536],[21.43779,65.28296],[21.41035,65.31743],[21.44688,65.32085],[21.56689,65.25454],[21.60918,65.26138],[21.6127,65.29912],[21.596,65.31655],[21.54521,65.33115],[21.52344,65.35859],[21.53262,65.38657],[21.56553,65.40811],[21.68066,65.40337],[21.87959,65.42402],[21.91348,65.43711],[21.95,65.47036],[21.90313,65.50835],[21.92012,65.53237],[22.08672,65.53022],[22.14756,65.55288],[22.13281,65.57012],[22.09629,65.58379],[22.08623,65.61094],[22.254,65.59756],[22.2666,65.62153],[22.275,65.725],[22.2876,65.75063],[22.33594,65.79116],[22.36631,65.84268],[22.40098,65.86211],[22.46514,65.85264],[22.53857,65.79434],[22.62031,65.80654],[22.74658,65.87095],[22.91934,65.78647],[23.10234,65.73535],[23.15459,65.7499],[23.22109,65.78613],[23.41836,65.80435],[23.59209,65.80532],[23.69141,65.82852],[23.89053,65.78223],[24.15547,65.80527],[24.2375,65.81235],[24.4043,65.78047],[24.53262,65.82202],[24.5916,65.85835],[24.62803,65.85918],[24.62324,65.83169],[24.58154,65.75713],[24.6749,65.6707],[24.76426,65.6564],[24.83936,65.66035],[25.2418,65.54629],[25.34785,65.47925],[25.30791,65.35273],[25.29785,65.24321],[25.25586,65.14326],[25.34023,65.09863],[25.3623,65.06514],[25.37266,65.00947],[25.27109,64.98428],[25.22803,64.95103],[25.28076,64.91641],[25.28818,64.86035],[25.21426,64.85347],[25.13428,64.8752],[24.94219,64.88403],[24.74756,64.8521],[24.65762,64.8063],[24.55791,64.80103],[24.53018,64.73867],[24.44063,64.68013],[24.27832,64.51528],[24.02227,64.38599],[23.9248,64.27412],[23.86143,64.25825],[23.65293,64.13418],[23.59893,64.04092],[23.49395,64.03447],[23.24873,63.89614],[23.13359,63.86494],[23.01445,63.82183],[22.75625,63.68335],[22.53232,63.64785],[22.52764,63.57998],[22.39805,63.49116],[22.31865,63.50439],[22.3126,63.47256],[22.346,63.44238],[22.27324,63.45479],[22.24326,63.43794],[22.28555,63.3772],[22.31621,63.34565],[22.31973,63.31045],[22.12031,63.24414],[21.8957,63.21025],[21.80039,63.2377],[21.54512,63.2043],[21.54922,63.15552],[21.56865,63.11372],[21.65098,63.03931],[21.47354,63.03325],[21.45752,62.95],[21.1957,62.79053],[21.14385,62.73999],[21.11816,62.68926],[21.10361,62.62295],[21.14219,62.51479],[21.16563,62.41406],[21.32344,62.34258],[21.34336,62.27739],[21.35371,62.22383],[21.30166,62.11265],[21.25596,61.98965],[21.38486,61.91494],[21.47051,61.81167],[21.54561,61.70273],[21.55186,61.66685],[21.60596,61.59155],[21.59805,61.57788],[21.59238,61.56821],[21.52246,61.56714],[21.49824,61.55195],[21.52666,61.52329],[21.55234,61.50952],[21.56504,61.48433],[21.50664,61.48433],[21.50176,61.45498],[21.52119,61.41084],[21.51348,61.2812],[21.4791,61.17051],[21.45098,61.12715],[21.37773,61.05923],[21.36055,60.96748],[21.37891,60.85005],[21.404,60.76743],[21.41191,60.69683],[21.41064,60.63696],[21.43604,60.59639],[21.52783,60.57041],[21.61328,60.53096],[21.72715,60.58291],[21.80527,60.59414],[21.8543,60.50542],[21.93398,60.50029],[22.25791,60.40093],[22.52051,60.37656],[22.56035,60.38501],[22.58496,60.38057],[22.57588,60.35908],[22.5123,60.28135],[22.5167,60.26274],[22.58799,60.25566],[22.58994,60.22837],[22.56426,60.20552],[22.51299,60.19893],[22.46973,60.20132],[22.44268,60.15688],[22.47109,60.14697],[22.43857,60.09028],[22.43857,60.07227],[22.4627,60.0292],[22.64619,60.02803],[22.69736,60.0376],[22.7498,60.05728],[22.79346,60.07681],[22.81914,60.10137],[22.84443,60.18662],[22.86709,60.21582],[22.91172,60.20972],[22.99414,60.09854],[23.08018,60.04727],[23.14844,60.04131],[23.19844,60.02183],[23.18848,59.97222],[23.11572,59.9127],[23.00977,59.8688],[22.96387,59.82637],[23.02129,59.81602],[23.18145,59.84492],[23.32676,59.92578],[23.46357,59.98623],[23.59268,59.96816],[23.72178,59.96567],[24.0252,60.00918],[24.34258,60.04233],[24.44561,60.02129],[24.51797,60.04629],[24.60049,60.11426],[24.84873,60.15835],[24.95762,60.15747],[25.15586,60.19409],[25.26787,60.24834],[25.45576,60.26123],[25.54824,60.30249],[25.65645,60.3332],[25.71543,60.26743],[25.75801,60.26753],[25.8458,60.3146],[25.9459,60.34678],[26.03584,60.3415],[26.04023,60.37158],[26.00625,60.42529],[25.95596,60.47422],[26.03604,60.4749],[26.20469,60.40659],[26.37773,60.42407],[26.45645,60.4668],[26.4958,60.55181],[26.56934,60.62456],[26.60645,60.62793],[26.60176,60.59561],[26.55117,60.546],[26.51973,60.47158],[26.53467,60.41289],[26.60742,60.4377],[26.72148,60.45508],[26.95117,60.47148],[27.07559,60.52515],[27.20527,60.54346],[27.24189,60.53867],[27.4624,60.46484],[27.5251,60.49077],[27.66934,60.49897],[27.76162,60.53286],[27.79766,60.53613],[28.1793,60.571],[28.51279,60.67729],[28.57783,60.65254],[28.65059,60.61099],[28.64033,60.54287],[28.62246,60.4916],[28.4916,60.54014],[28.52227,60.48296],[28.64316,60.37529],[28.8127,60.33154],[29.06914,60.19146],[29.37041,60.17593],[29.56934,60.20186],[29.72119,60.19531],[29.87227,60.12085],[29.97676,60.02637],[30.05996,60.00259],[30.17266,59.95713],[30.15684,59.9043],[30.12256,59.87358],[29.66973,59.95566],[29.14727,59.99976],[29.0791,59.96099],[29.01338,59.90156],[28.98154,59.85479],[28.94727,59.82876],[28.86689,59.81191],[28.74766,59.80669],[28.60391,59.81807],[28.51816,59.84956],[28.45391,59.81426],[28.42373,59.73408],[28.33457,59.69253],[28.2125,59.72466],[28.13115,59.78652],[28.05801,59.78154],[28.01396,59.72476],[28.04629,59.64717],[28.06396,59.554],[28.0125,59.48428],[28.00186,59.46982],[27.89258,59.41421],[27.33584,59.45049],[26.97471,59.45063],[26.85205,59.47178],[26.625,59.55391],[26.46084,59.55391],[25.79375,59.63467],[25.61572,59.62754],[25.50928,59.63901],[25.50742,59.598],[25.5209,59.55947],[25.44375,59.52114],[24.87754,59.52207],[24.58359,59.45566],[24.38037,59.47266],[24.17539,59.37593],[24.05361,59.37231],[24.0834,59.29189],[23.78252,59.27515],[23.64053,59.24233],[23.49443,59.19565],[23.51699,59.10757],[23.48018,59.06968],[23.46777,59.03218],[23.51504,58.99922],[23.48965,58.9605],[23.43203,58.92065],[23.49717,58.81953],[23.50361,58.78984],[23.53359,58.78193],[23.68076,58.78716],[23.64746,58.75415],[23.53066,58.71626],[23.50928,58.65854],[23.56279,58.57583],[23.6915,58.50562],[23.70605,58.43301],[23.76758,58.36084],[24.01094,58.30664],[24.11484,58.26611],[24.23564,58.28955],[24.28721,58.32803],[24.33691,58.3814],[24.39219,58.38608],[24.5291,58.35425],[24.54971,58.30459],[24.53574,58.28301],[24.4875,58.26162],[24.46387,58.10596],[24.33203,57.90977],[24.32256,57.87061],[24.30156,57.78413],[24.36299,57.64531],[24.40322,57.325],[24.38262,57.25005],[24.28125,57.17231],[24.0543,57.06611],[23.93115,57.0085],[23.64775,56.97104],[23.2873,57.08975],[23.13682,57.32383],[23.03779,57.39209],[22.64863,57.59536],[22.61699,57.65117],[22.55459,57.72427],[22.23145,57.6668],[21.94238,57.59785],[21.72871,57.571],[21.45918,57.32246],[21.42148,57.23584],[21.40508,57.13101],[21.35078,57.01768],[21.25742,56.93276],[21.07129,56.82373],[21.03145,56.63657],[21.01494,56.25894],[21.04609,56.07007],[21.05381,56.02295],[21.06191,55.81343],[21.17109,55.61772],[21.23789,55.45503],[21.20107,55.3438],[21.23633,55.27119],[21.22285,55.10776],[21.18887,54.93521],[20.9959,54.90269],[20.8875,54.90947],[20.77402,54.94702],[20.67773,54.95566],[20.59482,54.98237],[20.85938,55.18364],[21.03174,55.35049],[21.10391,55.48774],[21.11572,55.56816],[21.11484,55.6165],[21.08789,55.58311],[21.05762,55.47681],[21.01406,55.40195],[20.8998,55.28667],[20.8457,55.23203],[20.67891,55.10264],[20.52031,54.99487],[20.39668,54.95127],[20.10762,54.95649],[19.97451,54.92119],[19.95322,54.83047],[19.94414,54.75],[19.85889,54.63384],[19.7585,54.54482],[19.60439,54.45918],[19.56016,54.43462],[19.40713,54.38608],[18.97627,54.34893],[18.83643,54.36958],[18.66963,54.43091],[18.58711,54.51289],[18.43623,54.74473],[18.50156,54.7415],[18.67832,54.66528],[18.79961,54.63335],[18.75928,54.68457],[18.53516,54.76943],[18.32344,54.83818],[18.08564,54.83584],[17.84297,54.8167],[17.26191,54.72954],[17.00703,54.65186],[16.88545,54.59639],[16.55977,54.55381],[16.37559,54.43687],[16.29229,54.36162],[16.23936,54.33306],[16.18633,54.29038],[16.04277,54.26636],[15.9,54.25396],[15.28838,54.13989],[14.71572,54.01831],[14.38418,53.92471],[14.24932,53.93193],[14.21143,53.95034],[14.03887,54.03457],[13.82773,54.12725],[13.82041,54.09282],[13.82715,54.05957],[13.87246,54.03628],[13.92168,53.99663],[13.90215,53.93896],[13.92578,53.87905],[14.04834,53.86309],[14.17217,53.87437],[14.35088,53.85874],[14.5584,53.82319],[14.56494,53.75352],[14.55215,53.70732],[14.57158,53.67588],[14.5835,53.63936],[14.4876,53.67188],[14.25,53.73188],[14.025,53.76743],[13.95039,53.80137],[13.86553,53.85337],[13.82227,54.01904],[13.72422,54.15322],[13.44805,54.14087],[13.14746,54.28271],[13.02861,54.41104],[12.89805,54.42266],[12.7791,54.4457],[12.57539,54.46738],[12.37852,54.34702],[12.29629,54.28379],[12.16865,54.22588],[12.11133,54.16831],[11.79629,54.14546],[11.70059,54.11353],[11.46113,53.96475],[11.39961,53.94463],[11.1043,54.00918],[10.91777,53.99531],[10.85459,54.00981],[10.81074,54.07515],[11.00859,54.18115],[11.06436,54.28052],[11.01338,54.37915],[10.95596,54.37568],[10.73154,54.31626],[10.36045,54.43833],[10.2124,54.40894],[10.1708,54.4502],[10.14346,54.48843],[9.86865,54.47246],[9.94131,54.51465],[10.02881,54.5813],[10.02217,54.67393],[9.95381,54.73828],[9.89229,54.78062],[9.7459,54.80718],[9.70527,54.92832],[9.73232,54.96802],[9.68818,55.00015],[9.64541,55.0228],[9.57236,55.04053],[9.45371,55.03955],[9.50479,55.11626],[9.64326,55.20474],[9.671,55.26641],[9.64023,55.34365],[9.62559,55.41357],[9.59111,55.49321],[9.66143,55.55747],[9.77324,55.60815],[9.81035,55.65098],[9.89902,55.70757],[9.99902,55.73555],[10.02363,55.76143],[9.96201,55.81309],[9.90371,55.84282],[10.01738,55.87607],[10.10732,55.87446],[10.15938,55.85381],[10.18301,55.86519],[10.22666,56.00537],[10.31875,56.21289],[10.37373,56.25156],[10.42695,56.27617],[10.53896,56.20034],[10.62119,56.2021],[10.75342,56.24199],[10.85645,56.29551],[10.89443,56.35903],[10.92617,56.44326],[10.88281,56.49287],[10.8459,56.52173],[10.49023,56.52051],[10.38359,56.55483],[10.28271,56.62051],[10.29668,56.78091],[10.28701,56.82295],[10.29609,56.99912],[10.33848,57.02134],[10.43691,57.17227],[10.52412,57.24321],[10.51758,57.37935],[10.53711,57.44854],[10.44463,57.56221],[10.46025,57.61455],[10.48096,57.64868],[10.60996,57.73691],[10.5333,57.7354],[10.25908,57.61704],[9.9623,57.58096],[9.81514,57.47842],[9.5543,57.23247],[9.43359,57.17432],[9.29883,57.14653],[9.03633,57.15542],[8.95225,57.15059],[8.81152,57.11006],[8.61855,57.11128],[8.42705,56.98442],[8.28408,56.85234],[8.26631,56.81533],[8.26826,56.754],[8.34668,56.71211],[8.46836,56.66455],[8.60313,56.7104],[8.77197,56.72529],[8.87607,56.88726],[8.99277,57.01611],[9.11045,57.04365],[9.25488,57.01172],[9.20967,56.8084],[9.19639,56.70166],[9.14033,56.75044],[9.06709,56.79385],[8.99453,56.7748],[8.88809,56.73506],[8.73613,56.62744],[8.71807,56.54429],[8.67168,56.49565],[8.60762,56.5145],[8.55293,56.5603],[8.47314,56.56543],[8.28145,56.6167],[8.23174,56.61807],[8.16396,56.60688],[8.12988,56.32119],[8.12148,56.13989],[8.20234,55.98237],[8.18135,55.90117],[8.13213,55.5998],[8.34531,55.5103],[8.61592,55.41821],[8.65107,55.32856],[8.66982,55.15566],[8.57295,55.13428],[8.63828,55.04556],[8.66143,54.98594],[8.68232,54.79185],[8.78965,54.69595],[8.88096,54.59395],[8.95723,54.53833],[8.95186,54.46758],[8.83115,54.42754],[8.64805,54.39766],[8.62578,54.35396],[8.64492,54.29497],[8.73604,54.29521],[8.78037,54.31304],[8.85156,54.29956],[8.90664,54.26079],[8.90352,54.00029],[8.92041,53.96533],[8.97813,53.92622],[9.06963,53.90093],[9.21641,53.89121],[9.31201,53.85913],[9.63125,53.6002],[9.78398,53.55464],[9.67314,53.56562],[9.58535,53.60049],[9.32197,53.81348],[9.20557,53.85596],[8.89775,53.83569],[8.61895,53.875],[8.57559,53.83848],[8.52842,53.7811],[8.50625,53.67075],[8.53848,53.55688],[8.49521,53.39424],[8.49268,53.51436],[8.45137,53.55171],[8.33389,53.6062],[8.30156,53.58413],[8.279,53.51118],[8.24521,53.44531],[8.20078,53.43242],[8.1085,53.46768],[8.16709,53.54341],[8.00928,53.69072],[7.6292,53.69727],[7.28525,53.68135],[7.20645,53.65454],[7.10713,53.55698],[7.07432,53.47764],[7.05332,53.37583],[7.15205,53.32695],[7.19727,53.28228],[7.05801,53.30059],[6.96816,53.32729],[6.9124,53.37539],[6.81621,53.44116],[6.56357,53.43428],[6.35322,53.41528],[6.06221,53.40708],[5.87354,53.3752],[5.53203,53.2687],[5.446,53.21406],[5.3584,53.09648],[5.06123,52.96064],[4.88799,52.90835],[4.83906,52.92827],[4.76875,52.94131],[4.7127,52.87212],[4.67832,52.80977],[4.56211,52.44258],[4.48281,52.30918],[4.37627,52.19683],[4.20879,52.05898],[4.13174,52.01191],[4.08486,51.99409],[4.02607,51.92773],[3.97891,51.8478],[3.94688,51.81055],[4.13457,51.6729],[4.15801,51.63345],[4.18262,51.6103],[4.00479,51.59585],[4.08047,51.55112],[4.17549,51.51929],[4.23936,51.50391],[4.27412,51.47163],[4.20576,51.45669],[4.14131,51.45576],[3.88604,51.57422],[3.74395,51.59604],[3.54863,51.58911],[3.49961,51.57666],[3.44893,51.54077],[3.52051,51.48618],[3.58691,51.45391],[3.69355,51.4499],[3.82188,51.40937],[4.00654,51.44321],[4.13887,51.40151],[4.22617,51.38647],[4.11152,51.36064],[4.01104,51.39595],[3.8834,51.35449],[3.7165,51.36914],[3.58945,51.39941],[3.42578,51.39351],[3.3501,51.37769],[3.2252,51.35161],[2.96016,51.26543],[2.5249,51.09712],[2.4457,51.0665],[1.9125,50.99062],[1.76768,50.93569],[1.67227,50.88501],[1.60957,50.81948],[1.57949,50.73926],[1.55156,50.29395],[1.59277,50.2522],[1.54844,50.23071],[1.51406,50.20508],[1.40723,50.08853],[1.24551,49.99824],[0.92412,49.91021],[0.61621,49.86294],[0.18672,49.70303],[0.12656,49.60156],[0.10938,49.55752],[0.12939,49.50845],[0.27764,49.46328],[0.43926,49.47319],[0.41689,49.44839],[0.13613,49.40151],[-0.01118,49.33022],[-0.16348,49.29678],[-0.5209,49.35454],[-0.76553,49.35972],[-0.95913,49.39316],[-1.13853,49.38789],[-1.19497,49.44482],[-1.23228,49.49487],[-1.26494,49.59824],[-1.25864,49.68018],[-1.36572,49.70728],[-1.58823,49.66768],[-1.70513,49.68096],[-1.85645,49.68379],[-1.87539,49.6314],[-1.87007,49.59512],[-1.81343,49.49014],[-1.69033,49.31318],[-1.58311,49.20239],[-1.56548,48.80552],[-1.48047,48.69761],[-1.37646,48.65259],[-1.43765,48.64141],[-1.82471,48.63052],[-1.85195,48.66885],[-1.90571,48.69712],[-1.97314,48.63511],[-2.00371,48.58208],[-2.07944,48.64502],[-2.44619,48.64829],[-2.69233,48.53682],[-2.79287,48.60107],[-3.00322,48.79067],[-3.23145,48.84082],[-3.47148,48.81294],[-3.546,48.76567],[-3.71479,48.7105],[-3.85566,48.69473],[-4.05889,48.70752],[-4.5312,48.61997],[-4.72075,48.53989],[-4.7625,48.45024],[-4.74854,48.41001],[-4.71938,48.36313],[-4.58472,48.35752],[-4.5248,48.37231],[-4.39316,48.36763],[-4.3644,48.35674],[-4.30176,48.34707],[-4.24141,48.30366],[-4.40332,48.29307],[-4.4979,48.29927],[-4.53066,48.30972],[-4.57715,48.29004],[-4.54434,48.24697],[-4.51221,48.22974],[-4.43462,48.21797],[-4.32944,48.16997],[-4.37783,48.12881],[-4.5124,48.09673],[-4.6292,48.08579],[-4.67881,48.0395],[-4.42798,47.96895],[-4.3751,47.87744],[-4.31211,47.8229],[-4.22642,47.80962],[-4.0707,47.84785],[-3.90093,47.83755],[-3.50781,47.75312],[-3.44395,47.71104],[-3.3959,47.72041],[-3.32861,47.71333],[-3.2647,47.68511],[-3.22158,47.69414],[-3.15884,47.69468],[-3.06421,47.62134],[-2.96406,47.60107],[-2.85938,47.61445],[-2.78721,47.62554],[-2.73311,47.60181],[-2.79678,47.53726],[-2.77031,47.51387],[-2.66592,47.52617],[-2.55405,47.52705],[-2.48271,47.51162],[-2.42769,47.4709],[-2.47632,47.41294],[-2.53003,47.38159],[-2.50312,47.31206],[-2.43442,47.29097],[-2.35303,47.27876],[-1.97539,47.31069],[-1.74253,47.21597],[-1.82129,47.22534],[-1.92173,47.26064],[-2.02759,47.27358],[-2.1083,47.26294],[-2.14858,47.22393],[-2.19707,47.16294],[-2.14355,47.12632],[-2.08193,47.11162],[-2.0189,47.03765],[-2.09028,46.92051],[-2.09248,46.86504],[-2.05937,46.8103],[-1.92144,46.68481],[-1.78652,46.51484],[-1.39248,46.3501],[-1.31279,46.3269],[-1.23882,46.32451],[-1.14629,46.31138],[-1.13203,46.25269],[-1.13638,46.20483],[-1.10439,45.92534],[-1.06602,45.80566],[-1.0415,45.77266],[-1.03174,45.74106],[-1.11436,45.76851],[-1.20996,45.7709],[-1.196,45.71445],[-1.16997,45.68594],[-0.88066,45.53818],[-0.79077,45.46802],[-0.73311,45.38462],[-0.64111,45.09019],[-0.58228,45.05137],[-0.54849,45.00059],[-0.63398,45.04712],[-0.69111,45.09346],[-0.76665,45.31436],[-0.82632,45.38066],[-0.94175,45.45708],[-1.08101,45.53242],[-1.14907,45.34263],[-1.18906,45.16147],[-1.24521,44.6667],[-1.22031,44.68662],[-1.20039,44.72646],[-1.15288,44.76401],[-1.07695,44.68984],[-1.1708,44.66182],[-1.24551,44.55986],[-1.346,44.02021],[-1.48486,43.56377],[-1.63145,43.43804],[-1.79404,43.40732],[-1.82852,43.40083],[-1.99131,43.34507],[-2.19668,43.32192],[-2.33711,43.32803],[-2.60708,43.41274],[-2.87505,43.45444],[-2.94771,43.4397],[-3.04561,43.37158],[-3.41787,43.45171],[-3.52363,43.51104],[-3.60464,43.51948],[-3.77402,43.47788],[-3.88936,43.49941],[-4.01533,43.46309],[-4.31279,43.41475],[-4.52305,43.41572],[-5.10527,43.50186],[-5.31572,43.55317],[-5.66582,43.58247],[-5.84668,43.64507],[-6.08013,43.59492],[-6.22412,43.60386],[-6.47568,43.57891],[-6.61729,43.59238],[-6.90068,43.58564],[-7.06099,43.55396],[-7.26196,43.59463],[-7.39932,43.6958],[-7.50361,43.73994],[-7.59458,43.72734],[-7.69814,43.76455],[-7.85273,43.70698],[-8.00469,43.69438],[-8.13716,43.62905],[-8.25674,43.57988],[-8.28887,43.5396],[-8.25229,43.49692],[-8.24893,43.4394],[-8.35547,43.39683],[-8.42158,43.38584],[-8.53706,43.33706],[-8.66562,43.3166],[-8.87368,43.33442],[-9.02451,43.23896],[-9.09556,43.21421],[-9.17808,43.17402],[-9.23564,43.03579],[-9.23521,42.9769],[-9.17944,42.91099],[-9.1272,42.86523],[-9.0416,42.81401],[-8.9272,42.79858],[-8.93721,42.7667],[-9.03506,42.66235],[-9.03311,42.59385],[-8.98779,42.58564],[-8.81152,42.64033],[-8.7999,42.5999],[-8.80991,42.56235],[-8.81211,42.47007],[-8.77617,42.43481],[-8.73003,42.41172],[-8.76938,42.35815],[-8.80996,42.33447],[-8.81582,42.28525],[-8.7292,42.28701],[-8.69092,42.27417],[-8.77246,42.2106],[-8.88721,42.10527],[-8.87832,41.94687],[-8.85234,41.9269],[-8.77715,41.94106],[-8.87822,41.83208],[-8.8876,41.7646],[-8.84639,41.70518],[-8.75542,41.69839],[-8.81084,41.65195],[-8.80566,41.56001],[-8.73838,41.28467],[-8.67461,41.15449],[-8.65981,41.08628],[-8.65557,41.02949],[-8.67397,40.9165],[-8.68462,40.75254],[-8.73159,40.65093],[-8.77241,40.60566],[-8.87266,40.25908],[-8.88662,40.17944],[-8.85132,40.15181],[-8.83784,40.11567],[-9.00405,39.82056],[-9.14829,39.54258],[-9.25142,39.42603],[-9.31963,39.39111],[-9.37476,39.33828],[-9.35723,39.28428],[-9.35283,39.24814],[-9.41436,39.11211],[-9.43145,38.96045],[-9.47476,38.85293],[-9.47974,38.79878],[-9.47412,38.73086],[-9.41021,38.70752],[-9.35674,38.6979],[-9.25229,38.71279],[-9.13579,38.74277],[-9.09102,38.83467],[-8.9543,39.01606],[-8.86748,39.06597],[-8.7916,39.07817],[-8.93809,38.9981],[-9.00049,38.90303],[-8.97705,38.80293],[-9.02148,38.74687],[-9.09331,38.69668],[-9.17783,38.68779],[-9.25039,38.65674],[-9.20337,38.53896],[-9.21328,38.4481],[-9.18672,38.43818],[-9.096,38.45522],[-8.91479,38.51211],[-8.86162,38.50996],[-8.79888,38.51816],[-8.73398,38.48242],[-8.66831,38.42432],[-8.8811,38.44668],[-8.81094,38.29976],[-8.80225,38.18384],[-8.87896,37.95869],[-8.82266,37.87187],[-8.79185,37.73281],[-8.81855,37.59243],[-8.81416,37.43081],[-8.92627,37.16606],[-8.9978,37.03228],[-8.93535,37.01602],[-8.84844,37.07568],[-8.73911,37.07461],[-8.59766,37.12134],[-8.48433,37.10005],[-8.13677,37.07705],[-7.9397,37.00542],[-7.83413,37.00571],[-7.4936,37.16831],[-7.40615,37.17944],[-7.17495,37.20879],[-6.97466,37.19844],[-6.92949,37.21494],[-6.86377,37.27891],[-6.85938,37.24917],[-6.88462,37.19424],[-6.49243,36.95464],[-6.39619,36.83164],[-6.32095,36.9085],[-6.2168,36.91357],[-6.25942,36.89897],[-6.32832,36.84814],[-6.41226,36.72886],[-6.38413,36.63701],[-6.26895,36.59673],[-6.25771,36.56484],[-6.26592,36.52651],[-6.22627,36.42646],[-6.17046,36.33379],[-6.04067,36.18843],[-5.96069,36.18174],[-5.8084,36.08833],[-5.62549,36.02593],[-5.55127,36.03882],[-5.4625,36.07378],[-5.4436,36.15059],[-5.40723,36.15889],[-5.38159,36.13408],[-5.36094,36.13491],[-5.32969,36.23574],[-5.23052,36.37363],[-5.17148,36.42378],[-4.9353,36.50205],[-4.67412,36.50645],[-4.50225,36.62915],[-4.43486,36.70024],[-4.36685,36.71812],[-3.82778,36.75605],[-3.57881,36.73984],[-3.43125,36.70791],[-3.25913,36.75576],[-3.14917,36.7585],[-2.90186,36.74316],[-2.78755,36.71475],[-2.67061,36.74756],[-2.5957,36.80649],[-2.45283,36.83115],[-2.30557,36.81982],[-2.1877,36.74546],[-2.11152,36.77666],[-1.93931,36.94585],[-1.79761,37.23286],[-1.64097,37.38696],[-1.32754,37.56113],[-0.93809,37.57134],[-0.82217,37.58076],[-0.77187,37.59624],[-0.72158,37.63105],[-0.8231,37.71162],[-0.81465,37.76992],[-0.75273,37.85024],[-0.74155,37.88613],[-0.6832,37.99204],[-0.64678,38.15186],[-0.55068,38.20312],[-0.5208,38.31729],[-0.38125,38.43564],[-0.05273,38.58569],[0.13633,38.69678],[0.20156,38.75918],[0.15488,38.82466],[-0.03413,38.89121],[-0.13379,38.96948],[-0.20493,39.0626],[-0.32896,39.41709],[-0.327,39.51987],[-0.07515,39.87593],[0.04307,40.01396],[0.1584,40.10659],[0.36367,40.31904],[0.59609,40.6145],[0.62715,40.62222],[0.66006,40.61333],[0.72061,40.63047],[0.85918,40.68623],[0.89111,40.72236],[0.79609,40.80381],[0.71465,40.82285],[0.81689,40.8916],[1.03291,41.06206],[1.20586,41.09756],[1.5666,41.19561],[2.08262,41.2874],[2.14561,41.32075],[2.31094,41.4665],[3.00488,41.76743],[3.14688,41.86104],[3.24805,41.94424],[3.23809,42.08223],[3.22461,42.11113],[3.1752,42.13599],[3.15039,42.16245],[3.16641,42.25649],[3.21865,42.26035],[3.30674,42.28896],[3.28789,42.3437],[3.23984,42.36787],[3.21143,42.43115],[3.19785,42.46118],[3.09092,42.59087],[3.04307,42.83789],[3.05176,42.91514],[3.16289,43.08076],[3.25889,43.19321],[3.78477,43.46162],[3.86162,43.51636],[3.91084,43.56309],[4.05264,43.59307],[4.0751,43.58184],[4.11309,43.56304],[4.16279,43.50366],[4.22422,43.47964],[4.37617,43.4564],[4.40977,43.44722],[4.62871,43.38711],[4.71211,43.37329],[4.78906,43.37891],[4.78721,43.40142],[4.80791,43.40522],[4.84355,43.39395],[4.87373,43.41162],[4.91191,43.42695],[4.97598,43.42695],[5.05977,43.44453],[5.06084,43.4063],[5.07314,43.3666],[5.12041,43.34897],[5.19951,43.35249],[5.32021,43.34492],[5.40654,43.22852],[5.67158,43.17783],[5.80947,43.0979],[6.03057,43.10098],[6.11592,43.07236],[6.30537,43.13872],[6.49404,43.16929],[6.57021,43.19907],[6.65723,43.26167],[6.6874,43.33457],[6.7166,43.37358],[6.86475,43.43833],[7.18145,43.65913],[7.26152,43.69609],[7.37773,43.73174],[7.43867,43.75044],[7.49316,43.76714],[7.7333,43.80259],[8.00498,43.87676],[8.08164,43.91895],[8.29238,44.13652],[8.55195,44.34614],[8.76582,44.42231],[8.93037,44.40776],[9.196,44.323],[9.28936,44.31924],[9.73086,44.10117],[10.04766,44.01997],[10.18809,43.94751],[10.2458,43.8521],[10.32051,43.51309],[10.44756,43.37119],[10.5208,43.20381],[10.53232,43.14014],[10.51729,43.06514],[10.51484,42.96753],[10.59023,42.95361],[10.64463,42.95718],[10.7084,42.93633],[10.73711,42.89995],[10.76514,42.84468],[10.80313,42.8043],[10.93779,42.73872],[11.16777,42.53516],[11.18477,42.45659],[11.1418,42.44409],[11.10322,42.4166],[11.14121,42.38989],[11.18887,42.39312],[11.24971,42.41572],[11.29629,42.42329],[11.49844,42.36294],[11.6373,42.28755],[11.80703,42.08203],[12.07529,41.94087],[12.20566,41.81265],[12.63086,41.46968],[12.84922,41.40874],[13.02422,41.30093],[13.04102,41.26621],[13.08867,41.24385],[13.1834,41.27769],[13.24688,41.28887],[13.36191,41.27852],[13.55479,41.23218],[13.66973,41.25449],[13.7334,41.23564],[13.85977,41.12998],[14.04766,40.87031],[14.04434,40.81226],[14.07588,40.79395],[14.10234,40.82715],[14.14717,40.8207],[14.30889,40.81265],[14.42813,40.75933],[14.46055,40.72871],[14.33994,40.59883],[14.38271,40.59985],[14.45938,40.63271],[14.55693,40.62642],[14.61123,40.64478],[14.76572,40.66841],[14.83955,40.62998],[14.90693,40.55605],[14.94766,40.46934],[14.98613,40.37749],[14.9291,40.30957],[14.92695,40.26475],[14.95088,40.23901],[15.29453,40.07002],[15.39092,40.05215],[15.58516,40.05283],[15.69277,39.99019],[15.76367,39.87007],[15.85439,39.62651],[16.02363,39.35361],[16.07148,39.13945],[16.10742,39.02383],[16.20996,38.94111],[16.19678,38.75923],[16.06553,38.73643],[15.97236,38.7126],[15.92695,38.67173],[15.87891,38.61392],[15.90479,38.4835],[15.82236,38.30298],[15.7002,38.2623],[15.64307,38.17539],[15.6458,38.03423],[15.72451,37.93911],[16.05684,37.94185],[16.10977,38.01865],[16.14414,38.08638],[16.28242,38.24956],[16.54561,38.40908],[16.57422,38.49355],[16.55898,38.71479],[16.6167,38.80015],[16.75547,38.8897],[16.95146,38.93979],[17.09854,38.91934],[17.17461,38.9981],[17.12295,39.13657],[17.11455,39.38062],[16.99922,39.48159],[16.82432,39.57832],[16.59775,39.63892],[16.52188,39.74756],[16.52998,39.85967],[16.66963,40.13721],[16.80703,40.32646],[16.92822,40.45806],[17.03125,40.51348],[17.17998,40.50278],[17.21533,40.48643],[17.24941,40.43789],[17.25771,40.39907],[17.3958,40.34023],[17.47617,40.31494],[17.86504,40.28018],[18.07793,39.93696],[18.21934,39.85254],[18.34375,39.82139],[18.39346,39.90361],[18.42256,39.98687],[18.48584,40.10483],[18.46064,40.22104],[18.32822,40.37085],[18.03613,40.56494],[17.95498,40.65518],[17.47422,40.84058],[17.2752,40.97544],[17.10342,41.06216],[16.55186,41.23203],[16.0126,41.4354],[15.90049,41.51206],[15.91377,41.62085],[16.03369,41.70078],[16.15127,41.7585],[16.18916,41.81401],[16.16465,41.89619],[16.06152,41.92812],[15.96406,41.93945],[15.40498,41.91323],[15.16875,41.93403],[14.86611,42.05254],[14.54072,42.24429],[14.18271,42.50645],[14.01045,42.68955],[13.9249,42.85156],[13.80469,43.18037],[13.69326,43.38989],[13.56416,43.57129],[13.5082,43.61167],[13.29531,43.68608],[12.90703,43.92119],[12.69111,43.99473],[12.48682,44.13423],[12.39629,44.22388],[12.30498,44.42944],[12.24834,44.72251],[12.27891,44.83223],[12.31904,44.83311],[12.38447,44.79834],[12.46357,44.84521],[12.49795,44.89941],[12.52344,44.96797],[12.39248,45.03979],[12.28633,45.20771],[12.22568,45.2415],[12.24883,45.36885],[12.27432,45.44604],[12.35381,45.49199],[12.4918,45.54629],[12.53613,45.54492],[12.43213,45.46792],[12.49756,45.46167],[12.61172,45.49722],[12.76123,45.54429],[12.90303,45.61079],[13.03027,45.6375],[13.12012,45.6979],[13.15674,45.74658],[13.20635,45.77139],[13.46514,45.70996],[13.5582,45.7707],[13.62832,45.77095],[13.7833,45.62725],[13.71982,45.5876],[13.6373,45.53594],[13.57793,45.51689],[13.51719,45.48179],[13.60332,45.2314],[13.61348,45.16343],[13.6293,45.1082],[13.74248,44.9915],[13.86074,44.8374],[13.8998,44.82935],[13.96582,44.83564],[14.04199,44.9272],[14.09063,44.99761],[14.23633,45.15967],[14.26855,45.28252],[14.3127,45.33779],[14.38613,45.34214],[14.55049,45.29771],[14.63203,45.2229],[14.85459,45.08101],[14.90654,44.97139],[14.88525,44.81826],[14.89521,44.70659],[14.98135,44.60293],[15.26982,44.3835],[15.38135,44.32827],[15.471,44.27197],[15.36973,44.28926],[15.28428,44.28882],[15.23135,44.27144],[15.18467,44.2729],[15.12295,44.25679],[15.18584,44.17212],[15.49941,43.90879],[15.65566,43.81128],[15.82061,43.73594],[15.9415,43.65664],[15.94912,43.60698],[15.94258,43.56895],[15.98555,43.51978],[16.046,43.50552],[16.13105,43.5063],[16.26895,43.53125],[16.39395,43.54336],[16.60029,43.46406],[16.90313,43.39243],[17.12939,43.21113],[17.32988,43.11489],[17.5373,42.96226],[17.58516,42.93838],[17.66758,42.89712],[17.72363,42.85068],[17.21982,43.02588],[17.12646,43.02559],[17.04541,43.01489],[17.2582,42.96846],[17.58496,42.83716],[17.82383,42.79741],[18.16064,42.63403],[18.33301,42.52788],[18.51748,42.43291],[18.55352,42.42852],[18.5916,42.44419],[18.6459,42.44272],[18.6334,42.42314],[18.61904,42.39839],[18.63291,42.37808],[18.89424,42.24946],[19.12227,42.0605],[19.18643,41.94863],[19.34238,41.86909],[19.46826,41.85615],[19.57754,41.7875],[19.57568,41.64043],[19.5458,41.59683],[19.49736,41.5627],[19.44063,41.42476],[19.45342,41.321],[19.48008,41.23638],[19.45605,41.10605],[19.46123,40.9333],[19.38389,40.79072],[19.3375,40.66382],[19.34463,40.62207],[19.43926,40.47026],[19.45918,40.40537],[19.44053,40.37568],[19.39453,40.3937],[19.35859,40.40874],[19.32227,40.40708],[19.36016,40.34771],[19.39814,40.28486],[19.48457,40.20996],[19.85186,40.04355],[19.96484,39.87227],[19.99561,39.80103],[20.00127,39.70942],[20.09941,39.64126],[20.19141,39.5458],[20.30078,39.3271],[20.46826,39.25527],[20.57168,39.14771],[20.69131,39.06748],[20.71338,39.03516],[20.77969,39.00854],[20.92275,39.03677],[21.03408,39.02627],[21.06855,39.03228],[21.11836,39.02998],[21.14453,38.9792],[21.15234,38.92207],[21.11162,38.89629],[21.07422,38.88516],[20.89316,38.94111],[20.77734,38.92788],[20.76855,38.87441],[20.77686,38.80752],[20.87324,38.77573],[20.99219,38.654],[21.05977,38.50327],[21.11318,38.38467],[21.18262,38.34556],[21.30332,38.37393],[21.32979,38.42437],[21.33105,38.4873],[21.35547,38.4748],[21.39014,38.40781],[21.47256,38.32139],[21.56768,38.33359],[21.6501,38.354],[21.71709,38.35503],[21.80469,38.36694],[21.96533,38.41245],[22.22686,38.35283],[22.31992,38.35684],[22.38525,38.38555],[22.42168,38.43853],[22.5834,38.34492],[22.75391,38.2895],[22.78369,38.26172],[22.83438,38.23472],[22.93252,38.20195],[22.99541,38.21553],[23.03438,38.2021],[23.09355,38.19644],[23.14893,38.17607],[23.1835,38.13369],[23.15254,38.09639],[23.12207,38.07334],[22.95479,38.07461],[22.89316,38.05093],[22.91699,38.00747],[22.92031,37.9583],[22.84639,37.96758],[22.79961,37.9812],[22.71152,38.04692],[22.55586,38.11323],[22.24375,38.18872],[21.95332,38.32119],[21.82471,38.32812],[21.74844,38.27422],[21.6584,38.1751],[21.54873,38.1646],[21.45117,38.20474],[21.40371,38.19668],[21.30811,38.02744],[21.14502,37.91929],[21.12471,37.8916],[21.13799,37.85415],[21.20527,37.82886],[21.28848,37.77451],[21.3293,37.66934],[21.41621,37.63994],[21.57129,37.54102],[21.67891,37.38721],[21.69248,37.30928],[21.57881,37.20039],[21.58291,37.08096],[21.73809,36.86323],[21.89238,36.7373],[21.93428,36.80366],[21.94004,36.8918],[21.95557,36.99009],[22.01172,37.0165],[22.08047,37.02896],[22.13379,36.96392],[22.16475,36.90283],[22.23115,36.88257],[22.37598,36.7019],[22.38125,36.64619],[22.3748,36.51357],[22.42773,36.47578],[22.48945,36.44692],[22.48906,36.56816],[22.6084,36.77974],[22.71719,36.79395],[22.77988,36.78618],[22.83232,36.68711],[22.98291,36.52837],[23.06055,36.48696],[23.10684,36.45186],[23.16016,36.4481],[23.11172,36.54761],[23.04102,36.64453],[23.07354,36.77495],[23.06035,36.85352],[22.99502,37.01587],[22.85107,37.29082],[22.76504,37.39331],[22.72539,37.54214],[22.775,37.58511],[22.85107,37.53223],[22.94053,37.51709],[23.01514,37.48179],[23.09648,37.44058],[23.1,37.36377],[23.16152,37.33384],[23.20303,37.34854],[23.25254,37.37729],[23.48926,37.44019],[23.49063,37.46387],[23.45811,37.49692],[23.40879,37.54155],[23.39619,37.57979],[23.34756,37.59756],[23.2627,37.59541],[23.19756,37.62021],[23.14717,37.71626],[23.14717,37.79531],[23.08613,37.85312],[23.03633,37.87837],[23.04746,37.90264],[23.0874,37.91284],[23.19365,37.95903],[23.42021,37.99209],[23.50176,38.03486],[23.53721,38.03276],[23.58047,38.01055],[23.73281,37.88408],[23.87734,37.77778],[23.97158,37.67676],[24.01973,37.67773],[24.05537,37.70962],[24.0623,37.77451],[24.06133,37.81792],[24.03301,37.95532],[24.02451,38.13979],[24.00537,38.22681],[23.96699,38.275],[23.83604,38.32549],[23.68398,38.35244],[23.56963,38.4894],[23.36895,38.52554],[23.25293,38.66123],[23.1377,38.66797],[23.02031,38.74189],[22.77402,38.80039],[22.6875,38.84917],[22.63428,38.85068],[22.56914,38.86748],[22.59678,38.89058],[22.67686,38.89893],[22.80264,38.90161],[22.93047,38.94771],[23.0667,39.03794],[22.96553,39.03091],[22.93896,39.11152],[22.88604,39.16997],[22.83896,39.25859],[22.92139,39.30635],[22.99287,39.33105],[23.16172,39.25776],[23.16875,39.21045],[23.11943,39.13276],[23.15469,39.10146],[23.21836,39.10439],[23.32773,39.1749],[23.28848,39.28882],[23.2334,39.35845],[23.10342,39.49204],[22.97881,39.56382],[22.91904,39.62891],[22.83574,39.80059],[22.59219,40.03691],[22.56934,40.11934],[22.60547,40.27642],[22.64268,40.3666],[22.6249,40.42861],[22.62949,40.49556],[22.74189,40.53647],[22.81143,40.57861],[22.92227,40.59087],[22.89287,40.52427],[22.85137,40.49062],[22.89648,40.3999],[23.09814,40.3043],[23.31201,40.21646],[23.32822,40.08994],[23.39561,39.98984],[23.62734,39.92407],[23.65752,39.93447],[23.67412,39.95889],[23.46709,40.07393],[23.4332,40.11543],[23.38643,40.22197],[23.42627,40.26396],[23.66455,40.22383],[23.83535,40.02227],[23.94707,39.96558],[23.98184,39.99404],[24.00078,40.02461],[23.96748,40.11455],[23.91758,40.15522],[23.82344,40.20513],[23.72051,40.28628],[23.72793,40.32974],[23.82344,40.36802],[23.91318,40.35879],[24.05605,40.30356],[24.15879,40.28003],[24.23242,40.21519],[24.34336,40.14771],[24.29248,40.2418],[24.21279,40.32778],[24.03057,40.40933],[23.93203,40.40576],[23.8668,40.41855],[23.83193,40.48154],[23.87891,40.54438],[23.77871,40.62798],[23.74326,40.677],[23.76279,40.7478],[23.94609,40.74834],[24.08232,40.72407],[24.23438,40.78613],[24.38379,40.91274],[24.47705,40.94775],[24.55654,40.9356],[24.67871,40.86948],[24.79297,40.85752],[25.00469,40.96753],[25.10449,40.99473],[25.2501,40.93281],[25.32529,40.94312],[25.49678,40.88779],[25.85566,40.84409],[26.01074,40.76914],[26.03896,40.72676],[26.06777,40.6834],[26.10547,40.61133],[26.22422,40.61807],[26.36094,40.60635],[26.57812,40.62466],[26.79209,40.62661],[26.72031,40.54424],[26.44746,40.44502],[26.35527,40.39023],[26.25381,40.3147],[26.25234,40.24814],[26.26016,40.20239],[26.22598,40.1417],[26.20273,40.07539],[26.27178,40.09658],[26.32998,40.12339],[26.46797,40.26147],[26.77207,40.49805],[26.97461,40.56401],[27.25801,40.68735],[27.43018,40.83994],[27.49941,40.97314],[27.74736,41.01328],[27.9252,40.99058],[28.08555,41.06133],[28.17217,41.08071],[28.29492,41.07148],[28.78037,40.97417],[28.95625,41.0082],[28.996,41.06113],[29.03213,41.14048],[29.05723,41.22974],[28.94678,41.24839],[28.34639,41.46636],[28.19785,41.55449],[28.05029,41.72915],[27.9873,41.85488],[28.01445,41.96904],[27.98271,42.04741],[27.82139,42.20801],[27.7082,42.34995],[27.63955,42.40098],[27.48477,42.46807],[27.75371,42.70654],[27.81836,42.71665],[27.88887,42.74971],[27.89648,43.0207],[27.92891,43.18613],[27.9793,43.23052],[28.03516,43.26826],[28.13369,43.39561],[28.31963,43.42686],[28.46543,43.38931],[28.56182,43.50132],[28.58535,43.74224],[28.59072,43.79741],[28.65859,43.98384],[28.64541,44.29565],[28.69922,44.37422],[28.85176,44.5061],[28.88818,44.57476],[28.80703,44.56504],[28.81357,44.60249],[28.84648,44.63687],[28.84902,44.71631],[28.87041,44.74995],[28.92617,44.81001],[28.8915,44.91865],[28.93057,44.96582],[28.98066,44.99292],[29.09531,44.97505],[29.04775,44.92568],[29.06914,44.87114],[29.08105,44.79883],[29.04824,44.75757],[29.55752,44.84341],[29.60547,44.91548],[29.63535,44.97964],[29.67861,45.15166],[29.68906,45.19321],[29.70586,45.25991],[29.72695,45.34331],[29.67031,45.54067],[29.60117,45.6],[29.60166,45.68252],[29.62842,45.72246],[29.68506,45.75469],[29.82119,45.73208],[29.90166,45.75239],[30.00664,45.79795],[30.18418,45.84995],[30.21904,45.86675],[30.49297,46.09014],[30.51152,46.10537],[30.65674,46.2665],[30.67227,46.304],[30.72168,46.36621],[30.77285,46.47305],[30.79629,46.552],[31.13682,46.62446],[31.32031,46.6125],[31.40293,46.62881],[31.49688,46.73838],[31.56338,46.77729],[31.53213,46.66475],[31.65703,46.64243],[31.77959,46.63164],[31.87285,46.64976],[31.90166,46.72163],[31.9127,46.92612],[31.86592,47.00327],[31.83691,47.08701],[31.75918,47.21284],[31.83818,47.15723],[31.86475,47.09512],[31.93955,46.98198],[31.96406,46.85483],[31.94492,46.78437],[31.97432,46.70879],[32.04434,46.64248],[32.12725,46.59722],[32.3541,46.56484],[32.57803,46.61562],[32.55254,46.59199],[32.41895,46.51777],[32.36133,46.47495],[32.13145,46.50937],[31.87793,46.52168],[31.71602,46.55498],[31.55488,46.5543],[31.62363,46.51025],[31.71367,46.47178],[31.85576,46.46245],[32.0085,46.42998],[32.01309,46.38716],[31.9917,46.3644],[31.91592,46.34868],[31.84287,46.34614],[31.77998,46.32466],[31.83125,46.28169],[31.9252,46.28726],[32.03574,46.26099],[32.32988,46.13037],[32.47676,46.08369],[32.79688,46.13149],[32.9418,46.12378],[33.20225,46.17573],[33.26348,46.12568],[33.42988,46.05762],[33.49883,46.07886],[33.59414,46.09624],[33.63672,46.03286],[33.66484,45.94707],[33.46621,45.83794],[33.28008,45.76523],[33.14229,45.74922],[32.82803,45.59302],[32.50801,45.40381],[32.55186,45.35039],[32.61133,45.32808],[32.77266,45.35898],[32.91865,45.34814],[33.18691,45.19478],[33.26152,45.17075],[33.39248,45.18784],[33.55518,45.09766],[33.60117,44.98149],[33.61221,44.90781],[33.53008,44.68052],[33.49131,44.6186],[33.4627,44.59683],[33.45068,44.55366],[33.65586,44.4332],[33.75566,44.39893],[33.90996,44.3876],[34.07441,44.42383],[34.28174,44.53843],[34.46992,44.72168],[34.71689,44.80713],[34.88779,44.82358],[35.0877,44.80264],[35.15479,44.89634],[35.35781,44.97842],[35.47256,45.09849],[35.56953,45.11934],[35.67754,45.102],[35.75947,45.07085],[35.80361,45.0396],[35.87012,45.00532],[36.05479,45.03081],[36.22988,45.02598],[36.39336,45.06538],[36.42842,45.15327],[36.45078,45.23232],[36.51426,45.30376],[36.575,45.39355],[36.42705,45.43325],[36.29033,45.45674],[36.17051,45.45308],[36.07715,45.42412],[36.01289,45.37168],[35.8335,45.40161],[35.75098,45.38936],[35.55801,45.31089],[35.45752,45.31631],[35.37393,45.35361],[35.26016,45.44692],[35.02285,45.70098],[34.90664,45.87881],[34.85732,45.98735],[34.84375,46.07358],[34.84961,46.18989],[34.96953,46.24209],[35.06406,46.26724],[35.23037,46.44062],[35.29199,46.3707],[35.29092,46.3144],[35.28018,46.27949],[35.21777,46.23218],[35.01455,46.10601],[35.05527,46.104],[35.13232,46.12588],[35.20439,46.16919],[35.25664,46.20391],[35.4002,46.3814],[35.82715,46.62432],[36.0249,46.6668],[36.19463,46.64551],[36.27949,46.65859],[36.43203,46.73257],[36.55879,46.7627],[36.68867,46.76411],[36.79482,46.7144],[36.93203,46.82515],[37.04756,46.87622],[37.21855,46.91733],[37.33984,46.91689],[37.54336,47.07456],[37.82871,47.09585],[38.17832,47.08022],[38.21436,47.09146],[38.48477,47.17554],[38.57725,47.23911],[38.76191,47.26162],[38.73604,47.23584],[38.64434,47.21221],[38.55244,47.15034],[38.66816,47.14395],[38.92832,47.17568],[39.02373,47.27222],[39.1957,47.26885],[39.24453,47.19951],[39.29346,47.10576],[39.28906,47.0709],[39.2707,47.04414],[39.12676,47.02344],[38.80107,46.90615],[38.63076,46.87305],[38.43867,46.81309],[38.48799,46.73218],[38.50098,46.66367],[38.34346,46.67832],[38.22998,46.70127],[38.15947,46.69067],[37.96797,46.61802],[37.86738,46.63379],[37.7665,46.63613],[37.80957,46.53208],[37.91387,46.40649],[37.97754,46.38286],[38.07773,46.39434],[38.31523,46.24194],[38.49229,46.09053],[38.40039,46.08003],[38.31182,46.09536],[38.18359,46.09482],[38.13281,46.00283],[38.07959,45.93481],[38.06973,45.96987],[38.07383,46.01709],[38.01426,46.04775],[37.93311,46.00171],[37.84092,45.79956],[37.66924,45.65405],[37.6124,45.5647],[37.60996,45.49951],[37.63438,45.48633],[37.67188,45.48838],[37.67295,45.42974],[37.64717,45.3772],[37.26426,45.31094],[37.21357,45.27231],[37.10352,45.30288],[36.97783,45.38359],[36.86592,45.42705],[36.79375,45.40972],[36.72041,45.37187],[36.76162,45.34834],[36.81104,45.34004],[36.94121,45.2897],[36.87305,45.25176],[36.61914,45.1855],[36.62764,45.15132],[36.65078,45.12646],[36.94443,45.06958],[37.20479,44.97197],[37.28408,44.90503],[37.35234,44.78838],[37.41133,44.73535],[37.49512,44.69526],[37.57246,44.67085],[37.70488,44.66138],[37.85146,44.69883],[38.18125,44.41968],[38.31182,44.37446],[38.63584,44.31802],[38.71729,44.28809],[39.32939,43.89727],[39.5167,43.72788],[39.87363,43.4728],[39.97832,43.41982],[40.19063,43.3124],[40.46211,43.1457],[40.52402,43.12104],[40.83662,43.06348],[41.06162,42.93086],[41.12871,42.82812],[41.41943,42.73765],[41.48877,42.65933],[41.57773,42.39785],[41.66328,42.14687],[41.76299,41.97002],[41.76074,41.88486],[41.75879,41.81714],[41.70176,41.70542],[41.51006,41.51748],[41.41436,41.42363],[41.08359,41.26118],[40.95947,41.21162],[40.81953,41.19023],[40.6875,41.10742],[40.26523,40.96133],[40.12842,40.94302],[40.0002,40.97715],[39.91113,40.96646],[39.80791,40.98252],[39.42637,41.10645],[38.85215,41.01768],[38.55693,40.93652],[38.38105,40.92451],[37.91006,41.0019],[37.76562,41.07891],[37.43096,41.11411],[37.06621,41.18442],[36.99199,41.27539],[36.77773,41.36348],[36.64707,41.35254],[36.58711,41.32666],[36.50967,41.2625],[36.40537,41.27461],[36.27842,41.33613],[36.1792,41.42656],[36.05176,41.68257],[35.97813,41.70483],[35.91982,41.71372],[35.55801,41.63403],[35.29775,41.72852],[35.20918,41.79438],[35.12207,41.89111],[35.11406,41.95698],[35.14102,41.9895],[35.15488,42.02754],[35.00645,42.06328],[34.75049,41.95684],[34.19297,41.96367],[33.38135,42.01758],[33.28477,42.00459],[32.94668,41.89175],[32.54219,41.8064],[32.30645,41.72959],[32.08643,41.58921],[31.45801,41.32002],[31.34668,41.15791],[31.25488,41.10762],[30.81006,41.08486],[30.34492,41.19692],[29.91934,41.15083],[29.32227,41.22773],[29.14814,41.22104],[29.09434,41.17725],[29.06738,41.10166],[29.04551,41.00757],[29.08223,40.96343],[29.11387,40.93784],[29.25977,40.84731],[29.36475,40.80928],[29.80059,40.76016],[29.84922,40.76011],[29.84492,40.73809],[29.50762,40.7084],[29.0541,40.64912],[28.95801,40.63057],[28.78789,40.53403],[28.84121,40.50347],[28.89463,40.48242],[28.97402,40.46738],[29.05518,40.42417],[29.00713,40.38975],[28.73887,40.39087],[28.63027,40.37646],[28.28906,40.40303],[27.9626,40.36987],[27.92891,40.38042],[27.96436,40.4353],[27.99482,40.4666],[27.98955,40.48945],[27.8749,40.51294],[27.76914,40.50962],[27.73184,40.48149],[27.84854,40.38174],[27.78936,40.35088],[27.72803,40.32881],[27.47559,40.31992],[27.33262,40.37593],[27.31416,40.41489],[27.28457,40.45562],[27.12168,40.45234],[27.01211,40.39634],[26.73809,40.40024],[26.47539,40.19727],[26.31338,40.025],[26.18135,39.99009],[26.1498,39.87285],[26.15469,39.65664],[26.10137,39.56895],[26.096,39.5208],[26.11309,39.46738],[26.35078,39.48408],[26.48408,39.5207],[26.82705,39.56289],[26.89922,39.54966],[26.91094,39.51733],[26.81328,39.41904],[26.71074,39.33965],[26.68184,39.29224],[26.71934,39.26064],[26.85361,39.11562],[26.84932,39.05674],[26.8083,39.01392],[26.81494,38.96099],[26.86621,38.92295],[26.92031,38.93423],[26.97012,38.91904],[27.01367,38.88687],[26.90918,38.77578],[26.79014,38.73608],[26.76367,38.70962],[26.7877,38.66021],[26.79531,38.62642],[26.83779,38.55757],[26.90684,38.48174],[26.97041,38.44785],[27.14424,38.45195],[27.09863,38.41572],[26.86143,38.37295],[26.76992,38.38818],[26.72734,38.4186],[26.69639,38.40537],[26.67422,38.33574],[26.64131,38.35244],[26.59502,38.4186],[26.61035,38.48691],[26.58652,38.55703],[26.51357,38.62949],[26.44131,38.64121],[26.37783,38.62417],[26.37227,38.56191],[26.42969,38.44062],[26.41641,38.36787],[26.34365,38.37007],[26.29072,38.2772],[26.33291,38.24248],[26.42793,38.21436],[26.52471,38.16226],[26.58242,38.14927],[26.62109,38.17637],[26.68281,38.19834],[26.80742,38.13833],[26.87861,38.05479],[26.94385,38.06289],[27.15869,37.98687],[27.23242,37.97866],[27.25479,37.88232],[27.22441,37.72544],[27.07783,37.6877],[27.06797,37.65791],[27.14795,37.60361],[27.20391,37.49141],[27.21924,37.38916],[27.28955,37.34868],[27.37627,37.34072],[27.40059,37.30674],[27.52012,37.24912],[27.53506,37.16387],[27.36816,37.12241],[27.3002,37.12686],[27.24971,37.07915],[27.26299,36.97656],[27.31104,36.98188],[27.34893,37.01958],[27.66836,37.00742],[28.13369,37.02949],[28.24238,37.02905],[28.22441,36.99639],[28.08301,36.92026],[28.00537,36.83198],[27.93447,36.80928],[27.63086,36.78667],[27.55469,36.75889],[27.46689,36.74634],[27.45391,36.71216],[27.54043,36.68423],[27.65586,36.67461],[27.80381,36.73647],[28.08398,36.75146],[28.01416,36.67021],[28.01943,36.63447],[28.11152,36.64639],[28.19561,36.68633],[28.30371,36.81196],[28.48359,36.80381],[28.71768,36.70088],[28.81689,36.67529],[28.8959,36.67358],[28.96963,36.71533],[29.03828,36.69346],[29.05811,36.63813],[29.06553,36.59009],[29.11611,36.52012],[29.14326,36.39722],[29.22363,36.32446],[29.34834,36.25884],[29.68906,36.15669],[29.78926,36.16807],[30.0832,36.24937],[30.23164,36.30732],[30.29541,36.2877],[30.3873,36.24326],[30.44609,36.26987],[30.48359,36.3104],[30.50605,36.45112],[30.5585,36.52583],[30.58203,36.79717],[30.64404,36.86567],[30.95029,36.84868],[31.24063,36.82173],[31.35254,36.80107],[31.77793,36.61279],[32.02197,36.5353],[32.13057,36.44912],[32.28379,36.26787],[32.37773,36.18364],[32.53379,36.10073],[32.79482,36.03589],[32.92949,36.0957],[33.09951,36.10298],[33.4418,36.15283],[33.52275,36.14399],[33.69473,36.18198],[33.95488,36.29521],[34.02344,36.34077],[34.29961,36.6042],[34.60137,36.78447],[34.70361,36.8168],[34.81123,36.79927],[34.94316,36.72568],[35.17617,36.63486],[35.39316,36.5752],[35.5374,36.59702],[35.62559,36.65278],[35.66113,36.72432],[35.73428,36.76396],[35.80156,36.77808],[35.90459,36.84761],[36.04893,36.9106],[36.13516,36.85161],[36.18008,36.80723],[36.18818,36.74307],[36.18848,36.65898],[36.03174,36.52271],[35.88281,36.40635],[35.81094,36.30986],[35.88711,36.15908],[35.95693,35.99814],[35.89268,35.91655],[35.83965,35.84922],[35.76445,35.57158],[35.90244,35.4207],[35.91602,35.35054],[35.91807,35.29951],[35.94307,35.22383],[35.88994,35.0603],[35.88789,34.94863],[35.89932,34.8521],[35.97627,34.6292],[35.97793,34.54741],[35.92139,34.49331],[35.8043,34.4374],[35.64785,34.24824],[35.61182,34.03218],[35.51084,33.87974],[35.33574,33.50347],[35.25137,33.39263],[35.20352,33.25898],[35.15508,33.16001],[35.10859,33.08369],[35.07705,32.96719],[35.00586,32.82661],[34.92188,32.61406],[34.80381,32.19634],[34.67842,31.8957],[34.48398,31.59229],[34.47734,31.58486],[34.3873,31.48379],[34.19814,31.32261],[34.17627,31.30391],[33.90254,31.18096],[33.6665,31.13042],[33.37793,31.13096],[33.19434,31.08452],[33.15674,31.12622],[33.12988,31.16816],[32.90156,31.11094],[32.85449,31.11772],[32.68457,31.07402],[32.60332,31.06875],[32.53281,31.10073],[32.32354,31.25605],[32.25059,31.29492],[32.21621,31.29375],[32.24277,31.24653],[32.28184,31.20088],[32.20654,31.11904],[32.10176,31.09282],[32.06563,31.15298],[32.0085,31.22051],[31.90205,31.24019],[31.77109,31.29258],[31.87588,31.41372],[31.89219,31.48247],[32.07607,31.34448],[32.13604,31.34106],[31.96426,31.5021],[31.88896,31.54141],[31.83926,31.52632],[31.60654,31.45576],[31.52441,31.45825],[31.19395,31.5876],[31.08291,31.60332],[31.05195,31.59155],[31.03086,31.50757],[31.00176,31.46279],[30.84141,31.43989],[30.70049,31.40386],[30.56299,31.41699],[30.88418,31.52236],[30.92354,31.56685],[30.571,31.473],[30.39512,31.45762],[30.34375,31.40273],[30.3123,31.35703],[30.2623,31.31685],[30.22266,31.2584],[30.12754,31.25566],[30.04941,31.26543],[29.92979,31.22749],[29.5916,31.01152],[29.42852,30.92744],[29.27891,30.86694],[29.15996,30.83457],[29.07207,30.83027],[28.97275,30.85674],[28.80693,30.94268],[28.51484,31.05044],[27.96758,31.09741],[27.82998,31.19502],[27.62012,31.19175],[27.54004,31.2127],[27.24805,31.37788],[26.76865,31.47036],[26.45732,31.51211],[25.89326,31.6209],[25.38223,31.51279],[25.22549,31.53379],[25.15049,31.65498],[25.11504,31.7123],[25.025,31.88335],[24.95068,31.95371],[24.87852,31.98428],[24.68389,32.01597],[24.47979,31.99653],[24.12969,32.00923],[24.03896,32.03701],[23.89844,32.1272],[23.79766,32.15869],[23.28633,32.21382],[23.10625,32.33145],[23.11045,32.39741],[23.12969,32.44814],[23.09063,32.61875],[22.91689,32.68716],[22.7541,32.74053],[22.52344,32.79395],[22.34063,32.87988],[22.1874,32.91826],[21.83945,32.90864],[21.72139,32.94248],[21.63594,32.9373],[21.42471,32.79917],[21.31875,32.77769],[21.0623,32.77554],[20.62109,32.58018],[20.37061,32.43076],[20.12148,32.21875],[20.03096,32.10786],[19.97344,31.99907],[19.92637,31.81753],[19.96123,31.55601],[20.02002,31.41064],[20.10381,31.30054],[20.14111,31.19551],[20.15098,31.07861],[20.11152,30.96372],[20.01318,30.80068],[19.71328,30.48838],[19.58984,30.41377],[19.2917,30.28809],[19.12373,30.26611],[18.93643,30.29043],[18.66982,30.41567],[18.19043,30.77729],[17.94932,30.8519],[17.83047,30.92759],[17.34922,31.08149],[16.78154,31.21475],[16.45098,31.22729],[16.12305,31.26445],[15.83223,31.36099],[15.70596,31.42642],[15.5958,31.5311],[15.49639,31.65679],[15.41406,31.83423],[15.36309,31.97119],[15.35908,32.15967],[15.26689,32.31167],[15.17656,32.39116],[14.51338,32.51108],[14.42383,32.55029],[14.23711,32.68125],[14.15566,32.70977],[13.83535,32.7918],[13.64775,32.79883],[13.53633,32.82427],[13.2835,32.91465],[13.13809,32.89736],[12.75352,32.80107],[12.42705,32.8291],[12.27988,32.85854],[11.81348,33.0937],[11.65713,33.1189],[11.50459,33.18193],[11.40059,33.2249],[11.33809,33.20947],[11.23428,33.23359],[11.20264,33.24922],[11.23213,33.27158],[11.26992,33.28633],[11.25742,33.30884],[11.15029,33.36924],[11.08457,33.56289],[10.95801,33.62632],[10.89844,33.53369],[10.82812,33.5189],[10.72275,33.5144],[10.7043,33.60967],[10.71318,33.68901],[10.4543,33.6625],[10.30527,33.72827],[10.15898,33.85005],[10.04902,34.0563],[10.04004,34.14033],[10.06484,34.21162],[10.11836,34.28008],[10.20039,34.34604],[10.53486,34.54473],[10.69092,34.67847],[10.86621,34.88433],[10.95586,35.03364],[11.12012,35.24028],[11.04326,35.33511],[11.03154,35.45386],[11.00068,35.55161],[11.0043,35.63384],[10.78369,35.77207],[10.68896,35.79951],[10.59082,35.88726],[10.50576,36.03242],[10.47656,36.17515],[10.48799,36.25488],[10.52568,36.32334],[10.64238,36.41963],[10.79814,36.49312],[10.96719,36.74302],[11.05654,36.84146],[11.12666,36.87407],[11.07705,36.9667],[11.05391,37.07251],[10.95137,37.05928],[10.76621,36.93027],[10.57129,36.87944],[10.51816,36.79136],[10.4123,36.73184],[10.29326,36.78149],[10.33408,36.86538],[10.18877,37.03389],[10.19639,37.20586],[10.0874,37.25127],[9.98809,37.25776],[9.87559,37.25415],[9.87939,37.21284],[9.89639,37.18164],[9.83027,37.13535],[9.78398,37.21143],[9.81553,37.25464],[9.83848,37.30898],[9.75889,37.33027],[9.68799,37.34038],[9.14199,37.19463],[9.05889,37.15586],[8.82354,36.99761],[8.57656,36.93721],[8.12715,36.91035],[7.91045,36.85635],[7.7916,36.88027],[7.60771,36.99976],[7.43242,37.05928],[7.2043,37.09238],[7.23848,36.96851],[7.14346,36.94336],[6.92754,36.91943],[6.57588,37.00303],[6.48652,37.08574],[6.32783,37.04604],[6.24912,36.93833],[6.06475,36.86426],[5.72549,36.79961],[5.42461,36.67544],[5.29541,36.64824],[5.19561,36.67681],[4.99541,36.80806],[4.87783,36.8624],[4.75811,36.89634],[3.779,36.89619],[3.52051,36.79512],[2.97285,36.78447],[2.84648,36.73887],[2.59336,36.60068],[2.34287,36.6103],[1.97451,36.56758],[1.25723,36.51958],[0.97168,36.44395],[0.79082,36.35654],[0.51494,36.26182],[0.31221,36.16235],[0.15166,36.06313],[0.04795,35.90054],[-0.04824,35.83281],[-0.18916,35.81909],[-0.35078,35.86318],[-0.42612,35.86152],[-0.91748,35.66841],[-1.0877,35.57886],[-1.20537,35.49575],[-1.33584,35.36426],[-1.48374,35.30308],[-1.67363,35.18311],[-1.91328,35.09424],[-2.01777,35.08506],[-2.21963,35.1042],[-2.42373,35.12349],[-2.63682,35.1127],[-2.7314,35.13521],[-2.83994,35.12783],[-2.86953,35.17266],[-2.92598,35.28711],[-2.95361,35.31514],[-2.95796,35.36309],[-2.97222,35.40728],[-3.06309,35.31724],[-3.20601,35.23911],[-3.39473,35.21182],[-3.59062,35.22832],[-3.69326,35.27998],[-3.78799,35.24492],[-3.98242,35.24341],[-4.32998,35.16147],[-4.62832,35.2064],[-4.83721,35.2813],[-5.10537,35.46777],[-5.25269,35.61475],[-5.33765,35.74521],[-5.33765,35.85654],[-5.27783,35.90273],[-5.39736,35.92988],[-5.52227,35.86201],[-5.62285,35.82891],[-5.74795,35.81597],[-5.9248,35.78579],[-5.95757,35.68115],[-6.35312,34.77607],[-6.75576,34.13291],[-6.90098,33.96904],[-7.14468,33.83032],[-7.56235,33.64028],[-8.30117,33.37437],[-8.51284,33.25244],[-8.59629,33.18716],[-8.83623,32.92046],[-9.24585,32.57246],[-9.24912,32.48584],[-9.28657,32.24058],[-9.34746,32.08638],[-9.67495,31.71099],[-9.80869,31.42461],[-9.83335,31.06963],[-9.83242,30.84727],[-9.87549,30.71792],[-9.85391,30.64458],[-9.77314,30.60312],[-9.65293,30.44756],[-9.62383,30.35264],[-9.66709,30.10928],[-9.74346,29.9582],[-9.85264,29.80923],[-10.0105,29.64141],[-10.20059,29.38037],[-10.48647,29.06494],[-10.67383,28.93921],[-11.08096,28.71377],[-11.29907,28.52607],[-11.43018,28.38203],[-11.55269,28.31011],[-11.98608,28.1293],[-12.4689,28.00942],[-12.79365,27.97842],[-12.94893,27.91416],[-13.04072,27.76982],[-13.17598,27.65571],[-13.25615,27.43462],[-13.40981,27.14663],[-13.49575,26.87266],[-13.57578,26.73511],[-13.6959,26.64292],[-13.9521,26.48877],[-14.16836,26.41543],[-14.31245,26.29673],[-14.41387,26.25371],[-14.47056,26.16304],[-14.52275,25.92524],[-14.60229,25.80854],[-14.70703,25.54771],[-14.79492,25.40415],[-14.84292,25.22012],[-14.85605,24.87158],[-14.9043,24.71978],[-15.03887,24.54883],[-15.18862,24.47881],[-15.58633,24.07275],[-15.77778,23.95293],[-15.89932,23.84443],[-15.95283,23.74082],[-15.98071,23.67031],[-15.91255,23.72759],[-15.85518,23.80034],[-15.80166,23.84224],[-15.78926,23.79287],[-15.80596,23.74951],[-15.94263,23.55264],[-15.99673,23.42549],[-16.11367,23.22754],[-16.21025,23.0979],[-16.16973,23.03193],[-16.20186,22.94536],[-16.3043,22.83481],[-16.35874,22.59453],[-16.5144,22.3335],[-16.68398,22.27437],[-16.79326,22.15972],[-16.93086,21.9],[-17.00962,21.3771],[-17.09878,20.85688],[-17.04805,20.80615],[-16.99824,21.0397],[-16.97114,21.07646],[-16.92793,21.11479],[-16.87607,21.08613],[-16.72837,20.80615],[-16.62251,20.63418],[-16.5627,20.60415],[-16.53491,20.654],[-16.53042,20.70952],[-16.4792,20.68979],[-16.42979,20.65234],[-16.33374,20.41587],[-16.21045,20.22793],[-16.24116,20.14126],[-16.2332,20.00098],[-16.2834,19.78716],[-16.44487,19.47314],[-16.30527,19.51265],[-16.37129,19.41025],[-16.4748,19.39062],[-16.51445,19.36196],[-16.47617,19.28506],[-16.30591,19.15381],[-16.21309,19.00332],[-16.1501,18.71816],[-16.08496,18.52119],[-16.04673,18.22314],[-16.03032,17.88794],[-16.07891,17.54585],[-16.20747,17.19258],[-16.34668,16.92642],[-16.46362,16.60151],[-16.4813,16.45425],[-16.53574,16.28682],[-16.53525,15.83838],[-16.57075,15.73442],[-16.84341,15.29399],[-17.14717,14.92202],[-17.41182,14.79219],[-17.53564,14.75513],[-17.44502,14.65161],[-17.41846,14.72349],[-17.3458,14.7293],[-17.26064,14.70107],[-17.16807,14.64062],[-17.07939,14.48306],[-16.97383,14.40322],[-16.88052,14.20835],[-16.79775,14.09326],[-16.79175,14.00415],[-16.74214,14.00581],[-16.66748,14.0356],[-16.61812,14.04053],[-16.6396,14.00747],[-16.73389,13.96118],[-16.76694,13.90493],[-16.74541,13.84043],[-16.64785,13.771],[-16.58779,13.68955],[-16.5623,13.5873],[-16.53008,13.45796],[-16.44053,13.35317],[-16.35181,13.34336],[-16.13545,13.44824],[-15.8499,13.45996],[-15.56953,13.49985],[-15.43813,13.4832],[-15.42749,13.46836],[-15.47129,13.45864],[-15.61768,13.46011],[-15.80449,13.42539],[-15.98643,13.40884],[-16.1584,13.38403],[-16.18789,13.32617],[-16.18506,13.28271],[-16.27168,13.2938],[-16.41338,13.26973],[-16.55645,13.30322],[-16.59834,13.35684],[-16.61479,13.4353],[-16.66934,13.475],[-16.75039,13.42539],[-16.8248,13.34106],[-16.76934,13.14849],[-16.76333,13.06416],[-16.75737,12.97979],[-16.76895,12.8833],[-16.75898,12.70234],[-16.77842,12.67017],[-16.76797,12.62842],[-16.7439,12.58545],[-16.70142,12.60317],[-16.67256,12.62202],[-16.63784,12.68516],[-16.59766,12.71528],[-16.54883,12.66382],[-16.45503,12.6248],[-16.44287,12.60947],[-16.44995,12.58071],[-16.48809,12.58184],[-16.55322,12.60488],[-16.67764,12.56006],[-16.7603,12.52578],[-16.78486,12.47251],[-16.74585,12.39971],[-16.71182,12.35483],[-16.43682,12.20415],[-16.3123,12.24302],[-16.24458,12.23711],[-16.25474,12.20605],[-16.31885,12.14375],[-16.32808,12.05161],[-16.27432,11.97812],[-16.13843,11.91729],[-15.95879,11.95962],[-15.92021,11.93779],[-15.90273,11.91968],[-15.94175,11.78662],[-15.81938,11.76348],[-15.65068,11.81836],[-15.51348,11.91758],[-15.43477,11.94355],[-15.18809,11.92729],[-15.11152,11.97026],[-15.07827,11.96899],[-15.07197,11.94702],[-15.10171,11.91396],[-15.13311,11.90732],[-15.21084,11.87095],[-15.41572,11.87178],[-15.46719,11.84282],[-15.50024,11.77837],[-15.5019,11.72378],[-15.41299,11.61523],[-15.35967,11.6229],[-15.3167,11.66919],[-15.23037,11.68677],[-15.12241,11.66157],[-15.07266,11.5978],[-15.16377,11.58096],[-15.25259,11.57329],[-15.4291,11.49888],[-15.47949,11.4103],[-15.44897,11.38975],[-15.39917,11.40146],[-15.35469,11.39634],[-15.34844,11.37808],[-15.39453,11.33447],[-15.40059,11.26621],[-15.39312,11.21724],[-15.31748,11.152],[-15.26338,11.16089],[-15.2167,11.15625],[-15.22212,11.03091],[-15.18105,11.03423],[-15.09678,11.14004],[-15.05459,11.14194],[-15.09375,11.01104],[-15.04302,10.94014],[-15.05122,10.83457],[-15.0124,10.80435],[-14.975,10.80342],[-14.9248,10.94492],[-14.88672,10.96807],[-14.83745,10.96255],[-14.77593,10.93164],[-14.75737,10.86206],[-14.69336,10.74102],[-14.67734,10.68896],[-14.59351,10.7667],[-14.5874,10.73491],[-14.61362,10.61782],[-14.60957,10.54985],[-14.4269,10.24834],[-14.17041,10.12861],[-14.08628,10.12725],[-14.04502,10.14126],[-14.02993,10.11514],[-14.02187,10.04785],[-13.95464,9.9687],[-13.82012,9.88721],[-13.75371,9.87026],[-13.71265,9.92295],[-13.68979,9.92778],[-13.70049,9.85127],[-13.65869,9.77637],[-13.65713,9.63911],[-13.69136,9.53579],[-13.56826,9.54341],[-13.43628,9.42031],[-13.40557,9.36064],[-13.39609,9.31431],[-13.2959,9.21851],[-13.26948,9.17056],[-13.30264,9.07837],[-13.29268,9.04922],[-13.27163,8.9874],[-13.15371,8.89771],[-13.05947,8.88115],[-13.07104,8.85635],[-13.20693,8.84312],[-13.22617,8.76597],[-13.22842,8.6959],[-13.18184,8.5769],[-13.12163,8.58877],[-13.08823,8.62573],[-12.95337,8.61514],[-12.904,8.65625],[-12.89409,8.62979],[-12.91294,8.58154],[-12.99424,8.52646],[-13.08501,8.42476],[-13.15796,8.44229],[-13.20332,8.48428],[-13.26123,8.4876],[-13.27275,8.42974],[-13.20176,8.33584],[-13.14897,8.2146],[-13.0208,8.20093],[-12.95693,8.14531],[-12.92515,8.05518],[-12.88096,7.85664],[-12.85088,7.8187],[-12.78193,7.79111],[-12.69761,7.71587],[-12.57021,7.70059],[-12.51045,7.75337],[-12.48027,7.75327],[-12.51045,7.66572],[-12.43271,7.54502],[-12.48066,7.44248],[-12.48564,7.38628],[-12.34663,7.3418],[-11.9292,7.18354],[-11.73345,7.08857],[-11.54751,6.94697],[-11.50752,6.90654],[-11.2916,6.68823],[-11.00454,6.55737],[-10.84902,6.46509],[-10.7856,6.31016],[-10.70762,6.2585],[-10.59707,6.21094],[-10.41816,6.16733],[-10.27637,6.07764],[-9.65439,5.5187],[-9.37476,5.24106],[-9.13218,5.05464],[-8.25903,4.58999],[-7.99824,4.50869],[-7.66001,4.3668],[-7.54497,4.35132],[-7.42607,4.37603],[-7.2314,4.48599],[-7.05796,4.54473],[-6.9229,4.63833],[-6.84517,4.67148],[-6.54844,4.76177],[-6.06172,4.95283],[-5.91377,5.01094],[-5.56475,5.08945],[-5.06182,5.13066],[-5.10488,5.16216],[-5.26577,5.15972],[-5.36753,5.15078],[-5.33545,5.19199],[-5.28237,5.21025],[-5.02368,5.20361],[-4.97012,5.14775],[-4.89971,5.13833],[-4.66152,5.17256],[-4.03721,5.23013],[-4.06206,5.25664],[-4.11519,5.26162],[-4.60889,5.23589],[-4.55283,5.27988],[-4.35728,5.30142],[-4.12017,5.30972],[-3.98418,5.29316],[-3.87061,5.2207],[-3.34756,5.13066],[-3.31201,5.16079],[-3.2376,5.3354],[-3.19995,5.35449],[-3.15142,5.34829],[-3.1687,5.20303],[-3.06396,5.15771],[-3.02588,5.15054],[-3.01914,5.13081],[-3.08672,5.12832],[-3.21489,5.14722],[-3.24639,5.11406],[-3.11401,5.08867],[-3.08188,5.08247],[-2.96499,5.04629],[-2.72305,5.01372],[-2.39893,4.92935],[-2.26641,4.87407],[-2.09019,4.76406],[-2.00186,4.76245],[-1.77686,4.88037],[-1.63848,4.98086],[-1.50166,5.03799],[-1.06431,5.18267],[-0.79771,5.22671],[-0.66943,5.31855],[-0.48545,5.39424],[-0.34873,5.50078],[-0.12651,5.56816],[0.25967,5.75732],[0.67188,5.75972],[0.74883,5.76011],[0.94971,5.81025],[1.00801,5.9064],[1.05029,5.99399],[1.10557,6.05137],[1.18721,6.0894],[1.31064,6.14687],[1.62266,6.2168],[1.81816,6.26064],[2.28691,6.32808],[2.70645,6.36924],[2.77246,6.37573],[3.33555,6.39692],[3.43018,6.525],[3.50332,6.53135],[3.71699,6.59795],[3.75166,6.58384],[3.54609,6.47744],[3.48994,6.45728],[3.45078,6.42705],[3.48662,6.40894],[4.12588,6.41138],[4.43135,6.34858],[4.63359,6.21719],[4.86104,6.02632],[5.04209,5.79751],[5.09307,5.76709],[5.10625,5.72812],[5.1124,5.64155],[5.17285,5.60273],[5.27627,5.64155],[5.30537,5.69434],[5.32734,5.70752],[5.32529,5.64795],[5.35029,5.62329],[5.41807,5.62471],[5.45664,5.61172],[5.39385,5.57451],[5.28906,5.57749],[5.21582,5.57168],[5.19922,5.53354],[5.23242,5.48379],[5.38584,5.40176],[5.54971,5.47422],[5.53184,5.42637],[5.50088,5.37861],[5.43926,5.36533],[5.36797,5.33774],[5.36416,5.25928],[5.37002,5.19502],[5.38828,5.17378],[5.47598,5.15386],[5.45215,5.12656],[5.40322,5.14229],[5.3833,5.129],[5.44814,4.94585],[5.49326,4.83877],[5.55361,4.7332],[5.58779,4.64722],[5.79863,4.45596],[5.90645,4.38774],[5.9707,4.33857],[6.07656,4.29062],[6.17334,4.27739],[6.20557,4.29229],[6.21465,4.3855],[6.271,4.43213],[6.27529,4.37168],[6.25596,4.33447],[6.26367,4.30942],[6.2998,4.30386],[6.46211,4.33315],[6.5,4.33193],[6.55459,4.34141],[6.57998,4.47598],[6.60156,4.45518],[6.61729,4.37578],[6.63301,4.34023],[6.71514,4.34243],[6.75703,4.34355],[6.86035,4.37334],[6.79307,4.46914],[6.79219,4.59263],[6.78604,4.652],[6.76768,4.72471],[6.7876,4.72471],[6.82471,4.64526],[6.83916,4.52349],[6.86787,4.44111],[6.92324,4.39067],[7.01338,4.39731],[7.15469,4.5144],[7.16416,4.61558],[7.08691,4.68584],[7.07656,4.71616],[7.14385,4.68408],[7.20674,4.61206],[7.28438,4.54766],[7.45986,4.55522],[7.50947,4.59492],[7.51738,4.64546],[7.53076,4.65518],[7.56563,4.56094],[7.64424,4.52534],[7.80078,4.52227],[8.02852,4.55537],[8.29307,4.55762],[8.32803,4.6561],[8.23379,4.90747],[8.25273,4.92397],[8.34209,4.82476],[8.39365,4.81377],[8.43135,4.74624],[8.51484,4.72471],[8.54375,4.75781],[8.55586,4.75522],[8.57051,4.7521],[8.53281,4.60586],[8.53955,4.57187],[8.57441,4.52622],[8.65625,4.51636],[8.68965,4.55024],[8.66035,4.671],[8.70791,4.6457],[8.76191,4.58003],[8.80713,4.57344],[8.85645,4.57925],[8.88945,4.57275],[8.91826,4.55376],[8.90283,4.43516],[8.91357,4.35781],[8.93203,4.29023],[8.97705,4.23042],[9.0001,4.0916],[9.11387,4.04106],[9.24912,3.99785],[9.29736,3.97295],[9.31094,3.94038],[9.3623,3.92573],[9.42529,3.92231],[9.46201,3.94253],[9.50078,4.00073],[9.48369,4.06611],[9.51182,4.06064],[9.55059,4.02842],[9.60039,4.0269],[9.66953,4.07666],[9.68887,4.0564],[9.64922,4.00835],[9.63994,3.96533],[9.73613,3.88013],[9.73965,3.85293],[9.62813,3.87002],[9.59277,3.81431],[9.55615,3.79805],[9.61592,3.69648],[9.64238,3.61177],[9.76572,3.62383],[9.67207,3.5376],[9.87617,3.30977],[9.91504,3.23965],[9.94844,3.07905],[9.88545,2.91655],[9.86758,2.73496],[9.82178,2.53926],[9.80078,2.30444],[9.77969,2.06821],[9.80703,1.92749],[9.71885,1.78867],[9.64766,1.61758],[9.63213,1.56553],[9.58428,1.54023],[9.49424,1.4353],[9.43408,1.29639],[9.38594,1.13926],[9.44531,1.12065],[9.50986,1.11479],[9.59941,1.05444],[9.59082,1.03198],[9.57539,0.99131],[9.62588,0.77944],[9.62529,0.63164],[9.61797,0.57651],[9.60107,0.56772],[9.55664,0.59419],[9.53896,0.65869],[9.49531,0.66484],[9.32998,0.61084],[9.3248,0.5521],[9.39883,0.48672],[9.47012,0.36191],[9.54648,0.29595],[9.77666,0.19248],[9.94443,0.21987],[10.00146,0.19497],[9.8127,0.12559],[9.79678,0.04424],[9.73838,0.08496],[9.57432,0.14893],[9.46816,0.15977],[9.41113,0.20044],[9.38613,0.2459],[9.37578,0.30723],[9.35488,0.3436],[9.30186,0.28853],[9.32529,0.11582],[9.33906,-0.05825],[9.29668,-0.35127],[9.13652,-0.57334],[9.08154,-0.62432],[9.03789,-0.63672],[8.99521,-0.63467],[8.94639,-0.68877],[8.82139,-0.7084],[8.75723,-0.61494],[8.70312,-0.59102],[8.84424,-0.91357],[8.87656,-0.94609],[8.90938,-1.025],[8.94189,-1.07148],[9.06465,-1.29834],[9.20381,-1.38242],[9.26016,-1.37422],[9.29668,-1.36094],[9.31787,-1.33291],[9.34668,-1.325],[9.28018,-1.48193],[9.2958,-1.51523],[9.33066,-1.53457],[9.39717,-1.53018],[9.44834,-1.50889],[9.50107,-1.55518],[9.52334,-1.59834],[9.40635,-1.63457],[9.35664,-1.6376],[9.31885,-1.63203],[9.03633,-1.30889],[9.05283,-1.3791],[9.15752,-1.52773],[9.2584,-1.72627],[9.24795,-1.7793],[9.26562,-1.8251],[9.34219,-1.82939],[9.4832,-1.89463],[9.49531,-1.93496],[9.48281,-1.9623],[9.34248,-1.89365],[9.29893,-1.90303],[9.37051,-1.975],[9.40225,-2.02764],[9.5332,-2.16387],[9.57402,-2.22998],[9.59102,-2.29316],[9.62461,-2.36709],[9.67637,-2.41563],[9.76865,-2.41309],[9.86084,-2.44258],[9.95908,-2.48984],[10.06201,-2.5499],[10.03447,-2.57559],[10.00195,-2.58838],[9.76367,-2.47383],[9.72207,-2.46758],[9.75947,-2.51855],[10.00615,-2.74834],[10.34766,-3.01309],[10.58545,-3.27803],[10.64072,-3.39805],[10.84854,-3.56133],[10.94727,-3.66211],[11.03203,-3.82646],[11.13018,-3.91631],[11.36445,-4.13057],[11.39385,-4.20029],[11.66807,-4.43428],[11.77754,-4.56582],[11.78086,-4.67656],[11.80127,-4.70518],[11.8207,-4.75547],[11.89326,-4.86572],[11.9668,-4.95439],[12.00273,-4.98203],[12.01836,-5.0043],[12.03994,-5.03516],[12.11055,-5.19717],[12.17715,-5.3248],[12.20654,-5.46826],[12.18008,-5.53867],[12.15547,-5.63271],[12.19902,-5.73193],[12.21367,-5.75869],[12.24043,-5.80732],[12.31504,-5.89531],[12.41172,-5.98633],[12.45293,-6.00049],[12.51455,-6.0042],[12.68066,-5.96084],[12.7916,-5.87773],[12.86084,-5.8541],[13.00332,-5.83613],[13.06816,-5.86484],[13.00977,-5.90762],[12.79063,-6.00391],[12.55352,-6.0459],[12.38037,-6.08428],[12.30254,-6.09258],[12.2833,-6.12432],[12.33428,-6.1873],[12.40215,-6.35342],[12.52129,-6.59033],[12.82344,-6.95479],[12.8623,-7.23184],[13.09082,-7.78018],[13.37852,-8.36973],[13.36641,-8.46924],[13.36807,-8.55479],[13.37832,-8.62471],[13.35898,-8.68721],[13.05381,-9.00684],[13.04658,-8.9752],[13.07725,-8.93428],[13.09277,-8.89971],[13.04678,-8.92227],[12.99854,-8.99102],[12.99854,-9.04805],[13.07598,-9.23037],[13.15566,-9.38965],[13.19688,-9.55068],[13.20938,-9.70322],[13.2875,-9.82676],[13.33223,-9.99893],[13.49541,-10.25713],[13.53945,-10.4207],[13.6335,-10.5123],[13.72139,-10.63359],[13.73896,-10.75713],[13.83359,-10.92969],[13.84746,-11.05439],[13.78428,-11.48799],[13.78535,-11.81279],[13.68555,-12.12383],[13.59795,-12.28613],[13.41699,-12.52041],[13.1627,-12.65215],[12.9832,-12.77568],[12.89766,-13.02773],[12.55049,-13.43779],[12.50371,-13.75547],[12.37891,-14.03906],[12.28047,-14.6375],[12.07324,-15.24824],[12.01611,-15.51367],[11.96787,-15.63398],[11.8999,-15.71982],[11.84971,-15.76836],[11.75088,-15.83193],[11.76943,-15.91533],[11.79697,-15.98643],[11.81992,-16.5043],[11.81895,-16.7041],[11.78008,-16.87129],[11.74307,-17.24922],[11.72168,-17.4668],[11.7335,-17.75098],[11.77588,-18.00176],[11.95137,-18.27051],[12.04121,-18.4707],[12.0957,-18.54092],[12.32871,-18.75107],[12.4582,-18.92676],[13.04209,-20.02822],[13.16836,-20.18467],[13.28438,-20.52393],[13.45059,-20.9167],[13.83936,-21.47324],[13.88809,-21.60664],[13.97324,-21.76758],[14.32188,-22.18994],[14.46279,-22.44912],[14.52598,-22.70254],[14.51992,-22.80518],[14.4957,-22.92139],[14.45928,-22.9082],[14.43848,-22.88057],[14.40332,-22.96807],[14.42383,-23.07861],[14.47383,-23.28115],[14.47246,-23.47666],[14.49688,-23.64287],[14.4834,-24.05039],[14.50156,-24.20195],[14.62793,-24.54805],[14.76797,-24.78799],[14.83711,-25.0332],[14.81855,-25.24639],[14.82256,-25.35859],[14.86367,-25.53359],[14.84521,-25.72568],[14.93125,-25.9582],[14.96777,-26.31807],[15.09658,-26.42578],[15.13906,-26.50801],[15.16328,-26.6002],[15.12373,-26.66787],[15.13281,-26.7876],[15.21572,-26.99512],[15.2876,-27.275],[15.3415,-27.38652],[15.71904,-27.96582],[15.89092,-28.15254],[16.00713,-28.23174],[16.33506,-28.53652],[16.44756,-28.61758],[16.48076,-28.6415],[16.73945,-29.00938],[16.95,-29.40342],[17.18906,-30.0998],[17.34707,-30.44482],[17.67744,-31.01904],[17.93857,-31.3832],[18.16367,-31.65518],[18.21084,-31.74248],[18.31074,-32.12246],[18.32988,-32.26953],[18.32529,-32.50498],[18.25088,-32.65215],[18.125,-32.74912],[18.03652,-32.7751],[17.96523,-32.70859],[17.89531,-32.75049],[17.85107,-32.82744],[17.87822,-32.96152],[17.9584,-33.04639],[17.99258,-33.15234],[18.0748,-33.20732],[18.15635,-33.35879],[18.26123,-33.42168],[18.30947,-33.51445],[18.43301,-33.71729],[18.45645,-33.79648],[18.46504,-33.88779],[18.35439,-33.93906],[18.3334,-34.07422],[18.35205,-34.18848],[18.41035,-34.29561],[18.46162,-34.34688],[18.46211,-34.16807],[18.50039,-34.10928],[18.53389,-34.08594],[18.60518,-34.07734],[18.70869,-34.07188],[18.75215,-34.08262],[18.80879,-34.1082],[18.82637,-34.18848],[18.83066,-34.25391],[18.8251,-34.29648],[18.83135,-34.36406],[18.90156,-34.36064],[18.95215,-34.34375],[19.09834,-34.3501],[19.14912,-34.41689],[19.24463,-34.4123],[19.27939,-34.43701],[19.33076,-34.49238],[19.32324,-34.5708],[19.29824,-34.61504],[19.3915,-34.60566],[19.63496,-34.75332],[19.85,-34.75664],[19.92627,-34.77471],[20.02061,-34.78574],[20.43467,-34.50859],[20.52988,-34.46309],[20.7748,-34.43994],[20.88242,-34.38652],[20.98984,-34.36748],[21.06016,-34.36465],[21.24893,-34.40703],[21.3498,-34.4082],[21.55322,-34.37305],[21.78896,-34.37266],[22.24551,-34.06914],[22.41445,-34.05381],[22.55381,-34.01006],[22.73555,-34.01025],[22.92559,-34.06318],[23.26816,-34.08115],[23.35039,-34.06895],[23.58555,-33.98516],[23.69785,-33.99277],[24.18301,-34.06152],[24.59551,-34.17451],[24.82715,-34.16895],[24.90557,-34.05977],[25.00293,-33.97363],[25.16973,-33.96074],[25.47725,-34.02813],[25.57422,-34.03535],[25.63818,-34.01113],[25.65244,-33.84961],[25.80586,-33.73711],[25.98955,-33.71133],[26.42949,-33.75957],[26.61367,-33.70742],[27.07744,-33.52119],[27.36377,-33.36055],[27.76211,-33.096],[27.86064,-33.05391],[28.21406,-32.76924],[28.44941,-32.62461],[28.85596,-32.29424],[29.12783,-32.00313],[29.48291,-31.67471],[29.73516,-31.47041],[29.83027,-31.42383],[29.97119,-31.32207],[30.28867,-30.97012],[30.47227,-30.71455],[30.66357,-30.43418],[30.87764,-30.07109],[31.02334,-29.90088],[31.16992,-29.59082],[31.33516,-29.37813],[31.77822,-28.93711],[31.8915,-28.91211],[31.95537,-28.88379],[32.02725,-28.83955],[32.28574,-28.62148],[32.3752,-28.49824],[32.53477,-28.19971],[32.65703,-27.60732],[32.70586,-27.4416],[32.84912,-27.08018],[32.88613,-26.84932],[32.88916,-26.83047],[32.93359,-26.25234],[32.95488,-26.08359],[32.91641,-26.08691],[32.89404,-26.12988],[32.84883,-26.26807],[32.80391,-26.24141],[32.76963,-26.20303],[32.70352,-26.1585],[32.64746,-26.09199],[32.59043,-26.0041],[32.65586,-25.90176],[32.72256,-25.8209],[32.79219,-25.64434],[32.96113,-25.49043],[33.34746,-25.26094],[33.53008,-25.18887],[33.83604,-25.06797],[34.60732,-24.82129],[34.99209,-24.65059],[35.15596,-24.54141],[35.25488,-24.43027],[35.43809,-24.17119],[35.48965,-24.06553],[35.54199,-23.82441],[35.52246,-23.78496],[35.48535,-23.78447],[35.46211,-23.85107],[35.39883,-23.8377],[35.37041,-23.79824],[35.37695,-23.70781],[35.49443,-23.18516],[35.57539,-22.96309],[35.50576,-22.77207],[35.49023,-22.65771],[35.54199,-22.37656],[35.54023,-22.30264],[35.53008,-22.24814],[35.50488,-22.19014],[35.49375,-22.12471],[35.45635,-22.11592],[35.41885,-22.17764],[35.40088,-22.31621],[35.40781,-22.40254],[35.38301,-22.45459],[35.31572,-22.39688],[35.32559,-22.26035],[35.3293,-22.0374],[35.27295,-21.76172],[35.26768,-21.65098],[35.12803,-21.39531],[35.11758,-21.19521],[34.98232,-20.80625],[34.87705,-20.6708],[34.76475,-20.56191],[34.70508,-20.47305],[34.69814,-20.40439],[34.75,-20.09082],[34.74502,-19.92949],[34.75576,-19.82197],[34.71348,-19.76719],[34.64941,-19.70137],[34.721,-19.70957],[34.85234,-19.82051],[34.89082,-19.82178],[34.94785,-19.8127],[35.36533,-19.49395],[35.65127,-19.16387],[35.85371,-18.99336],[35.98008,-18.9125],[36.125,-18.84238],[36.1832,-18.87139],[36.23564,-18.86133],[36.26289,-18.71963],[36.32725,-18.79316],[36.40371,-18.76973],[36.41221,-18.69297],[36.49805,-18.57578],[36.54014,-18.51816],[36.75615,-18.30732],[36.89961,-18.129],[36.91924,-18.08008],[36.93936,-17.99346],[36.99951,-17.93496],[37.05059,-17.90928],[37.24453,-17.73994],[37.5123,-17.5707],[37.83945,-17.39316],[38.04824,-17.32139],[38.08691,-17.27598],[38.14492,-17.24277],[38.38076,-17.17012],[38.6333,-17.07832],[38.66992,-17.05029],[38.71328,-17.0457],[38.75762,-17.05518],[38.88477,-17.0416],[38.95605,-17.00459],[39.08438,-16.97285],[39.18174,-16.84199],[39.24229,-16.79258],[39.62539,-16.57939],[39.76455,-16.46816],[39.84463,-16.43564],[39.79092,-16.29453],[39.85977,-16.25176],[39.98359,-16.22549],[40.09922,-16.06533],[40.10889,-16.02529],[40.10879,-15.9793],[40.20801,-15.86709],[40.31387,-15.76396],[40.55898,-15.47344],[40.65098,-15.26094],[40.65313,-15.19268],[40.61777,-15.11553],[40.64219,-15.08242],[40.69434,-15.06523],[40.6874,-15.01162],[40.70068,-14.92979],[40.77598,-14.84248],[40.83516,-14.7915],[40.84453,-14.71865],[40.82061,-14.63496],[40.82695,-14.56904],[40.81211,-14.53555],[40.81816,-14.46758],[40.775,-14.42129],[40.72666,-14.4207],[40.64609,-14.53867],[40.63555,-14.45186],[40.63994,-14.39004],[40.71309,-14.29063],[40.71563,-14.21445],[40.64951,-14.19883],[40.60254,-14.16738],[40.5957,-14.12285],[40.59053,-13.84502],[40.55986,-13.62031],[40.5582,-13.53145],[40.54512,-13.46289],[40.58291,-13.37402],[40.55195,-13.29375],[40.56953,-13.22344],[40.56445,-13.11523],[40.57324,-13.05771],[40.56875,-12.98467],[40.43682,-12.98311],[40.43516,-12.93594],[40.44766,-12.90479],[40.55332,-12.82461],[40.57207,-12.7584],[40.58086,-12.63555],[40.54834,-12.52656],[40.48711,-12.49219],[40.52314,-12.39277],[40.50918,-12.31289],[40.50146,-12.11943],[40.53154,-12.00459],[40.51045,-11.94043],[40.49355,-11.84443],[40.43311,-11.65732],[40.46514,-11.44941],[40.40283,-11.33203],[40.421,-11.26562],[40.49141,-11.17891],[40.54453,-11.06563],[40.52686,-11.02539],[40.50625,-10.99844],[40.51611,-10.92959],[40.59717,-10.83066],[40.48662,-10.76514],[40.55508,-10.71621],[40.61172,-10.66152],[40.5167,-10.56738],[40.46357,-10.46436],[40.45254,-10.44297],[40.43555,-10.41025],[40.38877,-10.35352],[40.21602,-10.24063],[40.13789,-10.20264],[40.08369,-10.15664],[39.98359,-10.15957],[39.94521,-10.09229],[39.86377,-10.02197],[39.7252,-10.00049],[39.78379,-9.91455],[39.7748,-9.83711],[39.72793,-9.7248],[39.69668,-9.57842],[39.62549,-9.40947],[39.64131,-9.19248],[39.45127,-8.94297],[39.48008,-8.90596],[39.48838,-8.86182],[39.37734,-8.7208],[39.304,-8.44385],[39.30898,-8.35098],[39.34004,-8.24287],[39.44102,-8.01152],[39.42842,-7.81279],[39.33047,-7.74668],[39.28701,-7.7877],[39.28848,-7.51787],[39.35313,-7.34141],[39.4334,-7.20703],[39.51924,-7.12412],[39.54609,-7.02402],[39.47236,-6.87861],[39.2873,-6.81494],[39.22842,-6.68525],[39.12549,-6.55596],[39.06738,-6.49932],[38.98145,-6.45508],[38.87402,-6.33125],[38.85527,-6.20488],[38.80469,-6.07012],[38.81924,-5.87764],[38.91104,-5.62598],[38.97822,-5.51855],[39.0583,-5.23154],[39.08799,-5.16543],[39.11875,-5.06543],[39.12324,-4.98047],[39.20186,-4.77646],[39.22178,-4.69238],[39.22813,-4.66553],[39.2875,-4.60859],[39.37695,-4.62549],[39.49092,-4.47842],[39.63711,-4.15283],[39.65801,-4.11914],[39.68691,-4.06787],[39.73164,-3.99326],[39.7458,-3.95518],[39.76143,-3.91309],[39.81914,-3.78604],[39.86094,-3.57676],[39.89629,-3.53584],[39.93682,-3.44248],[39.9917,-3.35068],[40.11543,-3.25059],[40.12813,-3.17334],[40.19473,-3.01924],[40.17979,-2.81904],[40.22246,-2.68838],[40.27852,-2.62861],[40.40449,-2.55566],[40.64414,-2.53945],[40.81318,-2.39238],[40.82012,-2.33633],[40.89824,-2.26992],[40.92236,-2.19375],[40.90586,-2.1375],[40.88975,-2.02354],[40.9166,-2.04248],[40.95215,-2.05596],[40.9707,-1.9918],[40.99551,-1.95059],[41.05869,-1.9752],[41.10684,-1.98232],[41.26748,-1.94502],[41.38691,-1.86699],[41.53271,-1.69531],[41.63203,-1.57852],[41.73223,-1.43008],[41.84619,-1.20342],[41.88828,-1.15059],[41.92627,-1.05557],[41.97988,-0.97305],[42.10625,-0.85615],[42.21895,-0.73799],[42.39941,-0.51006],[42.46563,-0.45654],[42.56074,-0.32148],[42.63418,-0.25078],[42.71211,-0.17568],[43.46768,0.62163],[43.71758,0.85786],[44.03271,1.10591],[44.33271,1.39097],[44.92021,1.81016],[45.82627,2.30986],[46.05117,2.47515],[46.87881,3.28564],[47.51143,3.96826],[47.97529,4.49702],[48.23398,4.95269],[48.64902,5.49438],[49.04932,6.17363],[49.09268,6.40786],[49.23496,6.77734],[49.34854,6.99053],[49.57002,7.29697],[49.67119,7.46953],[49.76123,7.65952],[49.85205,7.96255],[50.10283,8.1998],[50.28574,8.50942],[50.32119,8.61958],[50.42979,8.84526],[50.63799,9.10928],[50.68516,9.24116],[50.825,9.42817],[50.83281,9.7105],[50.87373,9.92417],[50.89844,10.25312],[50.93008,10.33555],[51.03594,10.38516],[51.20879,10.43105],[51.26816,10.40312],[51.38457,10.38652],[51.39023,10.42261],[51.36914,10.47524],[51.2957,10.49868],[51.19297,10.55464],[51.18555,10.52983],[51.18828,10.47974],[51.06318,10.43394],[51.03184,10.44478],[51.05078,10.47197],[51.09385,10.48853],[51.10488,10.53584],[51.13125,10.5959],[51.14062,10.65688],[51.12227,11.07676],[51.08428,11.33564],[51.13633,11.50513],[51.21816,11.65767],[51.23184,11.74502],[51.25488,11.83071],[51.19131,11.84199],[50.79229,11.98369],[50.63594,11.9438],[50.52832,11.82319],[50.46621,11.72754],[50.11006,11.5293],[49.64209,11.45093],[49.38828,11.34272],[49.06211,11.27085],[48.93857,11.25845],[48.90313,11.25488],[48.67441,11.32266],[48.57256,11.32051],[48.43887,11.29014],[48.01924,11.13936],[47.7125,11.11201],[47.47383,11.1748],[47.40498,11.17402],[47.23008,11.0999],[46.97344,10.92539],[46.56504,10.746],[46.46025,10.73418],[46.25391,10.7811],[46.02451,10.7937],[45.8167,10.83589],[45.6959,10.80391],[45.3377,10.64976],[44.94297,10.43672],[44.38652,10.43022],[44.2793,10.47187],[44.1582,10.55078],[43.85273,10.78428],[43.63115,11.03545],[43.44121,11.34644],[43.246,11.4998],[43.16172,11.56602],[43.04277,11.58848],[42.91152,11.58662],[42.78975,11.56172],[42.65273,11.50957],[42.58379,11.49678],[42.53975,11.5043],[42.52178,11.57217],[42.64004,11.56011],[42.79902,11.7394],[43.04805,11.82905],[43.27207,11.96953],[43.33672,12.027],[43.38027,12.09126],[43.40977,12.18994],[43.35352,12.36704],[43.29863,12.46387],[43.13086,12.66045],[43.1167,12.70859],[43.08291,12.82461],[42.99902,12.89951],[42.96953,12.80835],[42.79619,12.86426],[42.73447,13.0186],[42.52285,13.22148],[42.39932,13.2126],[42.34648,13.3981],[42.24512,13.58765],[41.6582,13.98306],[41.47969,14.2439],[41.17646,14.62031],[40.79932,14.74302],[40.63438,14.88301],[40.54629,14.93359],[40.43652,14.96396],[40.30527,14.97402],[40.2041,15.01411],[40.08408,15.15195],[40.05781,15.21709],[40.04102,15.33452],[39.97832,15.39312],[39.86377,15.47031],[39.81348,15.41357],[39.79033,15.31885],[39.81563,15.24531],[39.81943,15.20127],[39.78555,15.12485],[39.7208,15.21367],[39.63125,15.45254],[39.57881,15.52251],[39.50654,15.53213],[39.42227,15.78667],[39.29893,15.92109],[39.22256,16.1937],[39.14258,16.72915],[39.03447,17.08555],[38.91172,17.42715],[38.60947,18.00508],[38.57402,18.07295],[38.33291,18.21904],[38.28311,18.28672],[38.25215,18.2644],[38.20176,18.24941],[38.12813,18.3333],[38.07402,18.40977],[37.92188,18.55591],[37.72979,18.69434],[37.59941,18.71743],[37.53164,18.75312],[37.47129,18.82012],[37.36152,19.09199],[37.24844,19.58188],[37.2626,19.79189],[37.19316,20.1207],[37.18789,20.39492],[37.22754,20.55674],[37.17266,20.73198],[37.15684,20.89492],[37.14111,20.98179],[37.15059,21.10376],[37.21748,21.07764],[37.25723,21.0394],[37.26318,21.07266],[37.25859,21.10854],[37.21172,21.18584],[37.08115,21.32603],[36.92695,21.58652],[36.88262,21.7688],[36.87139,21.99673],[36.87041,22.01577],[36.82969,22.09766],[36.41455,22.39419],[36.22969,22.62881],[35.91338,22.73965],[35.8458,22.78569],[35.79736,22.84873],[35.69785,22.94619],[35.56436,23.27109],[35.52275,23.44253],[35.50439,23.7793],[35.51523,23.84287],[35.54082,23.92065],[35.59385,23.94258],[35.63203,23.95034],[35.78389,23.93779],[35.62471,24.06602],[35.47783,24.15479],[35.39707,24.26997],[35.19414,24.47515],[34.85322,25.13979],[34.6793,25.44253],[34.56514,25.69116],[34.3293,26.02437],[34.04951,26.55073],[33.95908,26.64902],[33.89307,27.04946],[33.84932,27.18491],[33.80166,27.26816],[33.69727,27.34111],[33.65742,27.43057],[33.5498,27.60737],[33.55879,27.70122],[33.54707,27.89814],[33.49492,27.97446],[33.37227,28.05059],[33.20215,28.2083],[33.02285,28.44229],[32.89824,28.56523],[32.85654,28.63062],[32.82949,28.70288],[32.78447,28.78662],[32.65889,28.92773],[32.63184,28.99224],[32.63809,29.18218],[32.59902,29.32192],[32.56504,29.38633],[32.39727,29.53379],[32.35977,29.63066],[32.40859,29.74932],[32.48945,29.85151],[32.47305,29.92544],[32.56572,29.97397],[32.64717,29.79844],[32.72148,29.52178],[32.7667,29.45],[32.81172,29.4],[32.87061,29.28623],[33.07578,29.07305],[33.13018,28.97827],[33.20371,28.77778],[33.20195,28.6957],[33.24775,28.56772],[33.41611,28.38984],[33.59414,28.25557],[33.76025,28.04766],[34.04512,27.82886],[34.22012,27.76431],[34.31855,27.88896],[34.39971,28.01602],[34.42715,28.10649],[34.44648,28.35732],[34.61719,28.75791],[34.73643,29.27061],[34.84854,29.43213],[34.9043,29.47734],[34.97344,29.55503],[34.98223,29.48447],[34.95078,29.35352],[34.79912,28.72051],[34.77988,28.50732],[34.6833,28.26411],[34.61621,28.14834],[34.625,28.0645],[34.72207,28.13066],[34.82754,28.10859],[35.07832,28.08701],[35.18047,28.03486],[35.42383,27.73379],[35.58135,27.43247],[35.76299,27.25879],[35.85166,27.07046],[36.03203,26.88101],[36.09375,26.76582],[36.24961,26.59478],[36.51875,26.10488],[36.6752,26.03887],[36.70254,25.90288],[36.7627,25.75132],[36.86016,25.69248],[36.9207,25.64116],[37.14883,25.29111],[37.21836,25.15068],[37.24346,25.07344],[37.26631,24.96006],[37.22041,24.87334],[37.18086,24.82002],[37.33848,24.61582],[37.43096,24.45903],[37.54307,24.29165],[37.63818,24.27773],[37.71338,24.27441],[37.821,24.1875],[37.91973,24.1854],[37.97783,24.12456],[38.09863,24.05801],[38.28887,23.91099],[38.46416,23.71187],[38.54229,23.55791],[38.70605,23.30552],[38.75703,23.19429],[38.79688,23.04858],[38.83555,22.98906],[38.94111,22.88184],[38.88291,22.88203],[38.93877,22.80479],[39.00742,22.77007],[39.00137,22.69897],[39.06201,22.59219],[39.0959,22.39277],[39.06992,22.29365],[39.03398,22.20337],[39.02119,22.03345],[38.98789,21.88174],[39.02979,21.77598],[39.09102,21.66396],[39.14707,21.51899],[39.15068,21.43276],[39.09355,21.31035],[39.27607,20.97397],[39.49121,20.73701],[39.61367,20.51768],[39.72832,20.39033],[39.88408,20.29297],[40.08066,20.26592],[40.48223,19.99346],[40.61592,19.82236],[40.75918,19.75547],[40.77705,19.71689],[40.7916,19.64639],[40.84785,19.55527],[40.91328,19.49014],[41.11602,19.08218],[41.14414,18.98906],[41.19082,18.87119],[41.2208,18.76523],[41.22949,18.67842],[41.43174,18.45244],[41.50762,18.2561],[41.65801,18.00767],[41.75,17.88574],[42.05225,17.66934],[42.29395,17.43496],[42.33242,17.25664],[42.3833,17.12246],[42.475,17.04985],[42.54414,16.95967],[42.55293,16.86846],[42.64746,16.80137],[42.69883,16.73696],[42.72637,16.65332],[42.73066,16.56982],[42.78984,16.45156],[42.79932,16.37178],[42.83965,16.03203],[42.71719,15.65464],[42.7999,15.37163],[42.79902,15.32627],[42.78848,15.26572],[42.73643,15.29355],[42.69785,15.32632],[42.65781,15.23281],[42.85566,15.13296],[42.89707,15.00557],[42.93643,14.93857],[42.9373,14.89805],[42.91299,14.86309],[42.92217,14.81738],[42.94697,14.77314],[43.02109,14.55488],[43.01875,14.5208],[43.00625,14.48311],[43.04482,14.34155],[43.09336,14.20366],[43.08906,14.01099],[43.23408,13.85894],[43.28242,13.69253],[43.28262,13.63984],[43.23193,13.26709],[43.47529,12.83901],[43.4876,12.69883],[43.63438,12.74448],[43.83535,12.67441],[43.92979,12.6165],[44.00586,12.60767],[44.11152,12.63867],[44.26035,12.64463],[44.3585,12.66914],[44.61777,12.81724],[44.75527,12.76377],[44.88984,12.78418],[45.03867,12.81587],[45.10977,12.93857],[45.16387,12.99829],[45.39355,13.06704],[45.53398,13.2335],[45.65732,13.33872],[45.91973,13.39429],[46.20312,13.42383],[46.50195,13.41558],[46.66348,13.43271],[46.78887,13.46558],[46.97568,13.54746],[47.24258,13.60938],[47.40771,13.66162],[47.6334,13.85845],[47.85508,13.95693],[47.91602,14.01284],[47.98994,14.0481],[48.27783,13.99766],[48.44902,14.00591],[48.59375,14.04624],[48.66836,14.05015],[48.77998,14.12388],[48.92871,14.26748],[49.00469,14.35503],[49.04805,14.45645],[49.10293,14.50005],[49.3499,14.63779],[49.54863,14.72241],[49.90635,14.82812],[50.16689,14.85103],[50.33857,14.9272],[50.52705,15.03818],[51.01514,15.14077],[51.32246,15.22627],[51.60371,15.33682],[51.68154,15.3791],[51.74863,15.44014],[51.83076,15.45928],[51.96582,15.53569],[52.0873,15.58594],[52.21748,15.65552],[52.22207,15.7606],[52.17402,15.95684],[52.2373,16.17139],[52.32773,16.29355],[52.44844,16.39126],[52.58145,16.47036],[53.08564,16.64839],[53.29775,16.72334],[53.60986,16.75996],[53.77539,16.85571],[53.95439,16.91782],[54.06816,17.00552],[54.37695,17.03364],[54.5665,17.03125],[54.66465,17.00889],[54.77188,16.96465],[55.06416,17.03892],[55.17373,17.15762],[55.2752,17.3209],[55.29561,17.38159],[55.28145,17.44624],[55.23818,17.50474],[55.25537,17.58564],[55.4791,17.84326],[55.61387,17.88608],[55.99766,17.93521],[56.27031,17.95078],[56.3835,17.98799],[56.55078,18.16597],[56.65508,18.58735],[56.82598,18.75352],[56.95723,18.82783],[57.17656,18.90259],[57.42793,18.9438],[57.67578,18.95786],[57.73848,18.97734],[57.81162,19.01709],[57.79033,19.14595],[57.76396,19.25332],[57.76084,19.43223],[57.71514,19.60693],[57.71416,19.67842],[57.74121,19.80449],[57.80215,19.95459],[57.84365,20.11772],[57.86182,20.24414],[57.94717,20.3436],[58.10293,20.57036],[58.16943,20.5895],[58.24502,20.59922],[58.23164,20.50684],[58.20898,20.42397],[58.26602,20.39546],[58.34873,20.38691],[58.47422,20.40688],[58.53418,20.50391],[58.69043,20.80713],[58.8957,21.11279],[59.06875,21.28906],[59.30449,21.43535],[59.37148,21.49883],[59.51758,21.78232],[59.65254,21.95137],[59.68086,22.05381],[59.8,22.21992],[59.82441,22.30518],[59.8375,22.42056],[59.82324,22.50898],[59.69561,22.54614],[59.53516,22.57852],[59.42939,22.66084],[59.31094,22.79336],[59.19473,22.97187],[59.02988,23.13057],[58.9834,23.23472],[58.91152,23.33418],[58.83037,23.39746],[58.77305,23.51719],[58.57803,23.64346],[58.5,23.64565],[58.39316,23.61816],[58.32451,23.62383],[58.12041,23.71655],[57.8251,23.75913],[57.61133,23.80366],[57.21982,23.92275],[57.12305,23.98071],[56.9125,24.1502],[56.77412,24.33457],[56.64062,24.47031],[56.48984,24.71636],[56.38799,24.9792],[56.37285,25.01831],[56.36348,25.56938],[56.29785,25.65068],[56.30723,25.70933],[56.3293,25.75195],[56.37363,25.80459],[56.41641,26.10874],[56.41777,26.20815],[56.42979,26.3272],[56.41309,26.35117],[56.37871,26.35635],[56.34648,26.31362],[56.30557,26.23521],[56.22842,26.21978],[56.19727,26.2292],[56.16445,26.20703],[56.08047,26.06265],[56.07461,26.05278],[56.0252,25.91602],[55.94121,25.79399],[55.52285,25.49814],[55.4334,25.39448],[55.32168,25.2998],[55.30352,25.23682],[55.09814,25.0416],[54.74678,24.81045],[54.65898,24.71553],[54.62412,24.62129],[54.58047,24.56353],[54.53467,24.53096],[54.49883,24.4627],[54.4584,24.35825],[54.39707,24.27817],[54.3043,24.2543],[54.14795,24.17119],[53.89336,24.07705],[53.80176,24.06948],[53.32959,24.09844],[53.02637,24.14731],[52.64824,24.15464],[52.51143,24.1125],[52.25088,23.99521],[52.11855,23.97109],[51.90605,23.98535],[51.84316,24.01089],[51.7917,24.07476],[51.76758,24.25439],[51.73477,24.26279],[51.66455,24.25044],[51.62314,24.30107],[51.60547,24.33843],[51.56836,24.28618],[51.53477,24.28633],[51.47676,24.3082],[51.39521,24.31885],[51.30986,24.34038],[51.36992,24.4769],[51.41836,24.53096],[51.41123,24.5708],[51.33848,24.56436],[51.26797,24.60723],[51.39648,24.64512],[51.42793,24.66826],[51.5334,24.89087],[51.58691,24.96484],[51.60889,25.05288],[51.60195,25.14795],[51.56143,25.28447],[51.51953,25.38975],[51.51025,25.45234],[51.48535,25.52471],[51.52695,25.68213],[51.57227,25.78101],[51.54307,25.90239],[51.38906,26.01113],[51.2623,26.15327],[51.10811,26.08057],[51.00313,25.98145],[50.90381,25.72407],[50.86865,25.6127],[50.80264,25.49707],[50.76289,25.44473],[50.75459,25.39927],[50.77734,25.17744],[50.84678,24.88857],[50.83594,24.85039],[50.80439,24.78926],[50.72559,24.86938],[50.66689,24.96382],[50.55791,25.08667],[50.5085,25.30669],[50.45518,25.4248],[50.28125,25.56611],[50.23896,25.62285],[50.18965,25.75581],[50.13027,25.84663],[50.08105,25.96138],[50.03164,26.11099],[50.05391,26.12285],[50.096,26.1187],[50.13525,26.10068],[50.15547,26.10054],[50.21387,26.3085],[50.18496,26.40493],[50.11074,26.45596],[50.02734,26.52686],[50.01133,26.60879],[50.00811,26.67852],[50.02637,26.69922],[50.08662,26.67642],[50.13467,26.65952],[50.1498,26.66265],[49.98613,26.82891],[49.7165,26.95586],[49.5377,27.15176],[49.40527,27.18096],[49.28154,27.3105],[49.1751,27.43765],[49.2375,27.49272],[49.15752,27.52822],[49.08691,27.54858],[48.90645,27.62905],[48.79717,27.72432],[48.80723,27.76528],[48.83281,27.80068],[48.80898,27.8959],[48.77373,27.95908],[48.62637,28.13257],[48.52305,28.35503],[48.49854,28.44888],[48.44248,28.54292],[48.38965,28.63159],[48.37129,28.69185],[48.33926,28.76328],[48.25293,28.90127],[48.18379,28.97939],[48.10039,29.21074],[48.08633,29.27549],[48.05146,29.35537],[47.99814,29.38555],[47.93535,29.3666],[47.84531,29.36572],[47.72266,29.39302],[47.72529,29.41694],[47.81748,29.4874],[47.96963,29.6167],[48.04834,29.59751],[48.08945,29.5791],[48.14346,29.57246],[48.13613,29.61812],[48.07734,29.71558],[48.00566,29.83579],[47.97363,29.9459],[47.97871,29.98281],[47.98252,30.01133],[48.07275,30.04321],[48.1417,30.04092],[48.35459,29.95674],[48.4542,29.93848],[48.54648,29.96235],[48.59551,29.97505],[48.6709,30.02832],[48.83242,30.0355],[48.87012,30.0624],[48.91914,30.1209],[48.90869,30.24146],[48.89121,30.32764],[48.9168,30.39727],[49.03711,30.45049],[49.00195,30.50654],[49.13037,30.50942],[49.22451,30.47231],[49.24727,30.4125],[49.19033,30.37539],[49.09619,30.40679],[49.04902,30.39727],[49.00195,30.37393],[49.02813,30.33345],[49.0543,30.30693],[49.42998,30.13047],[49.55488,30.02896],[49.98311,30.20937],[50.07158,30.19854],[50.12891,30.0481],[50.16895,29.92124],[50.23018,29.8729],[50.38691,29.67905],[50.54355,29.548],[50.64961,29.42007],[50.66797,29.33984],[50.64609,29.21221],[50.6752,29.14658],[50.79551,29.11743],[50.87578,29.0627],[50.87578,29.00439],[50.84297,28.92783],[50.86699,28.87017],[51.02119,28.78208],[51.06201,28.72612],[51.09385,28.51211],[51.12842,28.43516],[51.27607,28.21885],[51.27891,28.13135],[51.51855,27.91001],[51.58906,27.86421],[51.66631,27.84497],[51.84199,27.84824],[52.03076,27.82441],[52.19189,27.71729],[52.47588,27.6165],[52.60264,27.49336],[52.63818,27.39199],[52.6916,27.32339],[52.98252,27.14194],[53.3417,27.00449],[53.45498,26.94326],[53.50713,26.85176],[53.70576,26.72559],[53.82256,26.70771],[54.06934,26.73237],[54.24707,26.69663],[54.52207,26.58916],[54.64492,26.50894],[54.75928,26.50508],[54.8958,26.55669],[55.15459,26.72539],[55.29414,26.78594],[55.42402,26.77056],[55.51855,26.82993],[55.5916,26.93213],[55.65029,26.97754],[55.94111,27.0376],[56.11807,27.14312],[56.28438,27.19062],[56.35615,27.20024],[56.72813,27.12769],[56.81289,27.08999],[56.91045,26.99458],[56.98223,26.90547],[57.03604,26.80068],[57.07197,26.68008],[57.1043,26.37144],[57.20137,26.15884],[57.20557,26.03721],[57.26094,25.91885],[57.33457,25.79155],[57.73252,25.7249],[57.79609,25.65303],[57.93662,25.69165],[58.02236,25.64082],[58.20293,25.5916],[58.31426,25.58086],[58.53086,25.59243],[58.79785,25.55459],[59.04609,25.41729],[59.22725,25.42773],[59.45605,25.48149],[59.61602,25.40327],[59.81836,25.40088],[59.89707,25.36182],[60.02471,25.38413],[60.4002,25.31157],[60.51055,25.43706],[60.5875,25.41353],[60.61514,25.32983],[60.66387,25.28223],[61.10859,25.18389],[61.24297,25.14199],[61.41221,25.1021],[61.49033,25.15366],[61.53311,25.19551],[61.74365,25.13818],[61.90791,25.1313],[62.08945,25.15532],[62.15215,25.20664],[62.19863,25.22485],[62.24873,25.19736],[62.31533,25.13491],[62.39121,25.15254],[62.44473,25.19727],[62.57246,25.25474],[62.66475,25.26479],[63.01504,25.22466],[63.17002,25.25488],[63.28574,25.22759],[63.49141,25.21084],[63.4957,25.29751],[63.55664,25.35317],[63.7209,25.38589],[63.93555,25.34253],[63.9873,25.35117],[64.05938,25.40293],[64.1249,25.37393],[64.15205,25.33345],[64.54375,25.23667],[64.59404,25.2063],[64.65898,25.18408],[64.77666,25.30732],[65.06133,25.31108],[65.40625,25.37432],[65.67969,25.35527],[65.88359,25.41963],[66.23467,25.46436],[66.32832,25.46577],[66.40293,25.44683],[66.46768,25.44531],[66.40713,25.48506],[66.35645,25.50737],[66.13115,25.49326],[66.1623,25.55391],[66.21904,25.58989],[66.32422,25.60181],[66.42861,25.57534],[66.53389,25.48438],[66.56992,25.37852],[66.69863,25.22632],[66.70986,25.11133],[66.68223,24.92886],[66.70303,24.86094],[67.10059,24.79194],[67.17148,24.7561],[67.28867,24.36777],[67.3043,24.26289],[67.30938,24.1748],[67.36523,24.0916],[67.42764,24.06484],[67.45391,24.03989],[67.47686,24.01826],[67.50361,23.94004],[67.56309,23.88184],[67.6458,23.91987],[67.64951,23.86729],[67.66846,23.81099],[67.81904,23.82808],[67.85996,23.90269],[67.95098,23.82861],[68.00146,23.82607],[68.03701,23.84824],[68.06777,23.81836],[68.11553,23.75337],[68.14883,23.79722],[68.16504,23.85732],[68.19199,23.72891],[68.23496,23.59697],[68.34336,23.61685],[68.4249,23.70557],[68.49688,23.748],[68.64238,23.8085],[68.77676,23.8521],[68.62715,23.75415],[68.45381,23.62949],[68.41748,23.57148],[68.5292,23.36406],[68.64072,23.18994],[68.81709,23.05371],[69.23594,22.84854],[69.66465,22.75908],[69.73965,22.7752],[69.8498,22.85645],[70.11826,22.94702],[70.1917,22.96567],[70.25117,22.9709],[70.33945,22.93975],[70.36797,22.97349],[70.39629,23.03013],[70.43457,23.0771],[70.48926,23.0895],[70.50938,23.04014],[70.51348,23.00249],[70.44043,22.97031],[70.32773,22.81577],[70.17725,22.57275],[70.08418,22.55352],[70.00586,22.54771],[69.81904,22.45176],[69.72754,22.46519],[69.65518,22.40352],[69.54922,22.4084],[69.27656,22.2855],[69.23887,22.3002],[69.19424,22.33608],[69.13135,22.41626],[69.05166,22.4373],[68.9835,22.3854],[68.96992,22.29028],[69.00879,22.19678],[69.1917,21.9915],[69.38545,21.83955],[69.54199,21.67856],[69.74844,21.50571],[70.03438,21.17881],[70.12734,21.09468],[70.48506,20.84019],[70.71934,20.74043],[70.87969,20.7145],[71.02461,20.73887],[71.39648,20.86978],[71.57109,20.97056],[72.01523,21.15571],[72.07656,21.22407],[72.254,21.53101],[72.25664,21.66123],[72.21035,21.72822],[72.1709,21.77432],[72.10293,21.79458],[72.03721,21.82305],[72.07559,21.86299],[72.09443,21.91997],[72.16172,21.98481],[72.24434,22.02764],[72.27441,22.08975],[72.30645,22.18921],[72.24258,22.24517],[72.18281,22.26973],[72.33262,22.27021],[72.45596,22.2481],[72.59014,22.27813],[72.70195,22.26362],[72.80918,22.2333],[72.70879,22.20718],[72.62793,22.19961],[72.55303,22.15996],[72.52227,21.97622],[72.61748,21.96172],[72.7002,21.97192],[72.64404,21.93799],[72.59248,21.87759],[72.54307,21.69658],[72.83975,21.68726],[72.9791,21.70469],[73.1125,21.75044],[73.02246,21.69961],[72.81055,21.61992],[72.71758,21.55127],[72.61328,21.46182],[72.66836,21.45591],[72.73477,21.4708],[72.68652,21.43574],[72.62383,21.37197],[72.69238,21.17764],[72.75156,21.12915],[72.81387,21.11719],[72.82432,21.08359],[72.84053,20.95249],[72.87891,20.82852],[72.89375,20.67275],[72.88115,20.56318],[72.70898,20.07803],[72.66777,19.83096],[72.67598,19.79795],[72.69746,19.75713],[72.72656,19.57827],[72.79941,19.51982],[72.75645,19.45054],[72.76396,19.41318],[72.78789,19.36299],[72.98721,19.27744],[72.81162,19.29893],[72.79453,19.2521],[72.80273,19.21875],[72.80303,19.0793],[72.83467,18.97559],[72.90068,19.0145],[72.97207,19.15332],[73.00557,19.02109],[72.97686,18.9272],[72.89873,18.77896],[72.8709,18.68306],[72.87549,18.64282],[72.91719,18.57612],[72.94316,18.36562],[72.97207,18.25928],[72.99395,18.09771],[73.04717,17.90674],[73.15605,17.62192],[73.14902,17.52744],[73.23916,17.19854],[73.3376,16.45986],[73.45371,16.1521],[73.47607,16.05425],[73.60771,15.87109],[73.67988,15.70889],[73.73281,15.65693],[73.83281,15.65937],[73.77178,15.57305],[73.81387,15.53857],[73.85195,15.48247],[73.93193,15.39697],[73.80078,15.39697],[73.88428,15.30645],[73.94922,15.07476],[74.04063,14.94937],[74.08877,14.9022],[74.22305,14.70889],[74.28037,14.64951],[74.33506,14.57544],[74.38223,14.49473],[74.39717,14.40742],[74.46699,14.2165],[74.4667,14.16885],[74.49854,14.04634],[74.6085,13.84966],[74.6709,13.66763],[74.68164,13.58374],[74.68232,13.50693],[74.77051,13.07734],[74.80293,12.97686],[74.86826,12.84458],[74.94551,12.56455],[75.19668,12.05752],[75.22979,12.02334],[75.31465,11.95845],[75.42266,11.81221],[75.52451,11.70312],[75.64609,11.46841],[75.72383,11.36177],[75.84463,11.05757],[75.92256,10.78408],[76.09609,10.40225],[76.12334,10.327],[76.20146,10.20063],[76.19268,10.16377],[76.19561,10.08613],[76.22275,10.02427],[76.24873,10.01797],[76.34648,9.92212],[76.45879,9.53623],[76.41953,9.52046],[76.37559,9.53989],[76.37227,9.70737],[76.34307,9.82734],[76.28467,9.90986],[76.24238,9.9271],[76.29238,9.67646],[76.32461,9.4521],[76.40312,9.23682],[76.41904,9.20781],[76.45234,9.18877],[76.47178,9.16084],[76.48291,9.09077],[76.55342,8.90278],[76.61729,8.84707],[76.96689,8.40728],[77.06592,8.31592],[77.30146,8.14531],[77.51758,8.07832],[77.58721,8.12988],[77.77031,8.18984],[78.06016,8.38457],[78.12637,8.51133],[78.13604,8.66338],[78.19248,8.89087],[78.27451,8.99019],[78.42148,9.10503],[78.97959,9.26855],[79.21289,9.25601],[79.41143,9.19238],[79.35635,9.25215],[79.27549,9.28462],[79.10703,9.30894],[79.01992,9.33335],[78.95312,9.3938],[78.91914,9.45288],[78.93994,9.56577],[78.99629,9.68311],[79.25781,10.03521],[79.25361,10.1748],[79.31455,10.25669],[79.39053,10.30596],[79.53164,10.32964],[79.58857,10.31235],[79.66738,10.29971],[79.75693,10.30435],[79.83818,10.32256],[79.8502,10.76885],[79.84863,11.19687],[79.83525,11.26885],[79.79902,11.33867],[79.69316,11.31255],[79.74893,11.37061],[79.79336,11.44668],[79.7541,11.57529],[79.77139,11.69023],[79.8585,11.98877],[79.98174,12.23545],[80.0375,12.2958],[80.14307,12.452],[80.2291,12.69033],[80.34238,13.36133],[80.29033,13.43672],[80.11426,13.52871],[80.06211,13.60625],[80.15625,13.71377],[80.2334,13.60576],[80.26562,13.52129],[80.30654,13.48506],[80.2458,13.68584],[80.24414,13.77349],[80.22441,13.8582],[80.14365,14.05894],[80.11172,14.21221],[80.13623,14.28657],[80.17012,14.34941],[80.17871,14.47832],[80.16543,14.57783],[80.09863,14.79824],[80.05342,15.07402],[80.10107,15.32363],[80.29346,15.71074],[80.38486,15.79277],[80.64658,15.89502],[80.70781,15.88809],[80.78184,15.86733],[80.82598,15.76592],[80.86475,15.78223],[80.91777,15.75967],[80.97871,15.75835],[80.99346,15.80874],[81.03008,15.88145],[81.13213,15.96177],[81.23857,16.26396],[81.28613,16.33706],[81.40186,16.36523],[81.71172,16.33447],[81.76191,16.32949],[82.1415,16.48535],[82.25879,16.55986],[82.32715,16.66436],[82.33867,16.70654],[82.35977,16.78281],[82.35,16.8252],[82.30723,16.87856],[82.28193,16.93608],[82.28652,16.97808],[82.35957,17.09619],[82.59316,17.27393],[82.97686,17.46182],[83.19834,17.60898],[83.38799,17.78667],[83.57227,18.00361],[83.6543,18.06987],[84.1041,18.29268],[84.18174,18.40059],[84.46279,18.68975],[84.60938,18.88433],[84.69082,18.9647],[84.7498,19.0501],[84.771,19.12539],[85.22559,19.50835],[85.4416,19.62656],[85.43691,19.65688],[85.3709,19.67891],[85.22852,19.60132],[85.18076,19.59487],[85.16279,19.6209],[85.24863,19.75767],[85.45996,19.8959],[85.5041,19.8877],[85.55508,19.86689],[85.55977,19.75347],[85.51113,19.7269],[85.49687,19.69692],[85.575,19.69292],[85.85293,19.79175],[86.21621,19.8958],[86.27949,19.91943],[86.30293,19.94468],[86.31191,19.98779],[86.24521,20.05303],[86.29365,20.05376],[86.37656,20.00674],[86.4458,20.08892],[86.49873,20.17163],[86.75039,20.31323],[86.76924,20.35591],[86.7625,20.41914],[86.83594,20.53433],[86.92451,20.61978],[86.97549,20.70015],[86.93936,20.74507],[86.8958,20.96558],[86.84229,21.10635],[86.85957,21.23672],[86.9541,21.36533],[87.10068,21.50078],[87.20068,21.54487],[87.67822,21.65352],[87.82373,21.72734],[87.94844,21.82544],[88.05078,22.00107],[88.1041,22.04736],[88.15928,22.12173],[88.08301,22.18271],[88.01074,22.21265],[87.96162,22.25503],[87.94141,22.37432],[87.99443,22.26567],[88.08711,22.21772],[88.19629,22.13955],[88.18105,22.03291],[88.09941,21.79355],[88.05684,21.69414],[88.12207,21.63579],[88.25371,21.62231],[88.2792,21.69687],[88.2875,21.7582],[88.30547,21.72334],[88.446,21.61426],[88.58467,21.65972],[88.5998,21.71377],[88.5668,21.83213],[88.6416,22.12197],[88.65957,22.06694],[88.7083,22.05615],[88.73027,22.03608],[88.74023,22.00542],[88.69121,21.7335],[88.69473,21.6624],[88.71299,21.62197],[88.74502,21.58437],[88.83438,21.66138],[88.85752,21.74468],[88.90742,21.65308],[88.96709,21.64136],[89.05166,21.6541],[89.04199,21.75869],[89.01963,21.83364],[88.94932,21.93794],[89.02793,21.93721],[89.05146,22.09316],[89.08164,22.01494],[89.09395,21.87275],[89.16709,21.78428],[89.23428,21.72236],[89.27861,21.70698],[89.35371,21.72109],[89.45195,21.82109],[89.50059,21.91436],[89.50254,22.03188],[89.46934,22.21294],[89.4832,22.27554],[89.54746,21.98369],[89.5666,21.8606],[89.56855,21.76743],[89.62813,21.81416],[89.66777,21.87769],[89.75684,21.91904],[89.81191,21.9835],[89.85254,22.09092],[89.86582,22.17305],[89.85322,22.28896],[89.88184,22.3876],[89.98516,22.46641],[89.89385,22.3084],[89.89404,22.20259],[89.91807,22.11616],[89.9542,22.02285],[90.06855,22.09819],[90.14346,22.13789],[90.20957,22.15659],[90.08789,22.01748],[90.07002,21.95991],[90.07119,21.88726],[90.13076,21.84741],[90.15879,21.81685],[90.23057,21.82979],[90.28818,21.89941],[90.35576,22.04824],[90.49414,22.17891],[90.55283,22.21816],[90.58945,22.25845],[90.61611,22.36216],[90.59551,22.43584],[90.53174,22.53931],[90.4874,22.58872],[90.49844,22.63481],[90.48066,22.68467],[90.43506,22.7519],[90.43691,22.82817],[90.46162,22.88179],[90.55225,22.90488],[90.47754,22.98677],[90.46602,23.05391],[90.52773,23.08496],[90.59512,23.13394],[90.59922,23.20415],[90.59092,23.26641],[90.52275,23.34614],[90.3915,23.36694],[90.26914,23.45586],[90.40801,23.43188],[90.55566,23.42153],[90.56807,23.47427],[90.56162,23.53711],[90.57344,23.57812],[90.604,23.59136],[90.61611,23.53164],[90.61563,23.44233],[90.65605,23.27305],[90.63359,23.09424],[90.65625,23.02549],[90.82676,22.72139],[90.94561,22.59702],[91.15137,22.61406],[91.21621,22.64224],[91.31377,22.73516],[91.40957,22.79702],[91.48008,22.88481],[91.48213,22.79741],[91.52969,22.70767],[91.69297,22.50479],[91.73408,22.40669],[91.79707,22.29746],[91.84541,22.34312],[91.86338,22.35049],[91.85781,22.31733],[91.8248,22.22866],[91.85,22.15737],[91.91318,21.88306],[92.00801,21.68477],[92.01094,21.51626],[92.05605,21.1748],[92.19463,20.98428],[92.24814,20.88359],[92.30781,20.79043],[92.32412,20.79185],[92.37832,20.71758],[92.60801,20.46987],[92.72285,20.29561],[92.73262,20.45337],[92.70898,20.56396],[92.73564,20.5627],[92.78691,20.46904],[92.85068,20.41484],[92.89111,20.34033],[92.87168,20.30176],[92.84355,20.28262],[92.79121,20.21143],[92.82832,20.17759],[92.88213,20.15215],[92.99072,20.28799],[93.01875,20.34604],[93.03535,20.40615],[93.0668,20.37764],[93.01514,20.18525],[93.06836,20.18867],[93.09551,20.18135],[93.04033,20.12979],[93.00195,20.07485],[93.12949,19.85801],[93.19063,19.85122],[93.19902,19.89834],[93.15664,20.04077],[93.25,20.07012],[93.3623,20.0583],[93.40957,20.03833],[93.43906,20.00942],[93.58184,19.90957],[93.70703,19.91216],[93.65986,19.85415],[93.61172,19.77607],[93.66875,19.73198],[93.73955,19.69727],[93.76104,19.64805],[93.76992,19.60957],[93.83955,19.53413],[93.88789,19.50391],[93.96074,19.48169],[93.99814,19.44087],[93.96201,19.32935],[93.88613,19.27192],[93.8249,19.23848],[93.72803,19.2665],[93.57861,19.40117],[93.53057,19.39756],[93.49307,19.36948],[93.59814,19.18848],[93.70547,19.0269],[93.8001,18.9606],[93.9292,18.89966],[93.96133,18.9584],[93.96807,18.99507],[93.94102,19.14609],[94.00156,19.18179],[94.02246,19.2688],[94.04492,19.2874],[94.03896,19.14619],[94.07002,18.89341],[94.09131,18.84922],[94.2457,18.74116],[94.1707,18.73242],[94.25215,18.60918],[94.26582,18.50723],[94.43076,18.20166],[94.49434,17.82461],[94.56006,17.69897],[94.58896,17.56934],[94.56445,17.30854],[94.49434,17.16655],[94.47314,17.13545],[94.45244,16.95449],[94.4,16.86816],[94.35342,16.63994],[94.32734,16.57217],[94.27129,16.51729],[94.21426,16.12661],[94.22383,16.01646],[94.29902,16.00762],[94.4416,16.09438],[94.4957,16.18613],[94.5875,16.28882],[94.6377,16.30908],[94.66523,16.33613],[94.679,16.42559],[94.70332,16.51191],[94.7166,16.45249],[94.71992,16.39873],[94.67656,16.24204],[94.68076,16.1333],[94.65137,16.06484],[94.65625,15.98877],[94.66152,15.90439],[94.79814,15.97109],[94.84775,16.03286],[94.86016,16.10244],[94.89316,16.18281],[94.89785,16.14082],[94.88223,16.08794],[94.89219,16.03818],[94.89121,15.9791],[94.94258,15.81826],[95.07832,15.83916],[95.17695,15.82568],[95.22588,15.87681],[95.33301,16.03325],[95.34678,16.09761],[95.36475,15.98545],[95.30781,15.88042],[95.30146,15.75615],[95.34844,15.7293],[95.38955,15.72275],[95.55566,15.83784],[95.67949,15.97676],[95.71143,16.07339],[95.76328,16.16904],[96.0123,16.25371],[96.03213,16.28462],[96.04287,16.33994],[96.08096,16.35337],[96.13506,16.34253],[96.29307,16.41006],[96.32432,16.44443],[96.23672,16.56743],[96.2377,16.63125],[96.18906,16.76831],[96.22031,16.78057],[96.24893,16.76533],[96.26211,16.65913],[96.28223,16.596],[96.36436,16.52051],[96.43115,16.50493],[96.50664,16.51436],[96.62246,16.56392],[96.76543,16.71035],[96.81064,16.77837],[96.85801,16.92119],[96.90859,17.03096],[96.85088,17.20293],[96.90977,17.30483],[96.87773,17.34219],[96.85146,17.40103],[96.97012,17.31733],[97.07451,17.20693],[97.1002,17.16455],[97.2002,17.09541],[97.17832,17.06201],[97.21172,16.89258],[97.26748,16.74312],[97.33105,16.67178],[97.37588,16.52295],[97.50508,16.52529],[97.61963,16.53721],[97.66846,16.55161],[97.72598,16.56855],[97.66465,16.52046],[97.63369,16.45767],[97.64062,16.25386],[97.60928,16.14385],[97.58428,16.01958],[97.71035,15.87554],[97.77422,15.43096],[97.74375,15.30679],[97.7998,15.18491],[97.8123,14.85894],[97.86914,14.73872],[97.93652,14.76392],[98.01875,14.65259],[97.9293,14.69556],[97.90977,14.65269],[97.97656,14.46147],[97.99844,14.3353],[98.1002,14.16152],[98.07266,13.98647],[98.09824,13.89834],[98.11064,13.71289],[98.14951,13.64761],[98.20039,13.98018],[98.23896,13.93447],[98.24844,13.84038],[98.24541,13.7335],[98.42129,13.48379],[98.48711,13.29307],[98.57598,13.16191],[98.59512,12.98604],[98.63711,12.84824],[98.63564,12.77051],[98.66318,12.6624],[98.66465,12.53994],[98.62441,12.44072],[98.67871,12.34849],[98.61914,12.3],[98.60029,12.24531],[98.63057,12.22549],[98.69629,12.22524],[98.66387,12.12671],[98.68633,12.04712],[98.68945,11.95674],[98.64492,11.9103],[98.63906,11.86914],[98.6249,11.80146],[98.63633,11.73838],[98.69365,11.71836],[98.80479,11.77925],[98.84023,11.73926],[98.87598,11.71973],[98.79072,11.66509],[98.74141,11.5917],[98.74639,11.52129],[98.7333,11.43525],[98.73008,11.32998],[98.74473,11.24038],[98.68262,11.13311],[98.67559,10.98691],[98.59883,10.8644],[98.53564,10.74067],[98.50098,10.71895],[98.46494,10.67583],[98.52305,10.35312],[98.49687,10.18252],[98.52129,10.10723],[98.5626,10.03496],[98.65801,10.17905],[98.70254,10.19038],[98.56191,9.8375],[98.49297,9.56143],[98.44316,9.49282],[98.37139,9.29053],[98.32598,8.96895],[98.2418,8.76787],[98.22695,8.54365],[98.23818,8.4231],[98.30547,8.22622],[98.36074,8.18696],[98.421,8.17822],[98.47402,8.24692],[98.4998,8.31782],[98.5792,8.34429],[98.63633,8.30503],[98.70352,8.25674],[98.78867,8.05981],[98.87246,8.02393],[98.97393,7.96279],[99.05107,7.88784],[99.04268,7.76562],[99.07764,7.71807],[99.1834,7.71807],[99.26367,7.61904],[99.30039,7.56133],[99.35859,7.37222],[99.43516,7.33437],[99.5291,7.32949],[99.59697,7.35562],[99.55303,7.2188],[99.60244,7.15532],[99.66777,7.15088],[99.72031,7.1062],[99.696,6.87666],[99.86865,6.7499],[100.11914,6.44199],[100.1584,6.32422],[100.26328,6.18252],[100.34326,5.98418],[100.37402,5.77798],[100.35264,5.5877],[100.47344,5.04429],[100.61455,4.65225],[100.61455,4.37344],[100.66104,4.22573],[100.76025,4.09722],[100.79551,4.02339],[100.75703,4.00181],[100.71543,3.96621],[100.78184,3.86445],[100.85127,3.77671],[101.0248,3.62471],[101.11543,3.47202],[101.2999,3.25327],[101.33018,3.14248],[101.3543,3.01113],[101.29551,2.88521],[101.35137,2.83896],[101.40684,2.81348],[101.51973,2.68364],[101.78125,2.57358],[101.88994,2.44941],[102.14561,2.24849],[102.54824,2.04238],[102.72715,1.85557],[102.89688,1.79233],[103.35684,1.54614],[103.4,1.49785],[103.42734,1.42983],[103.48027,1.32949],[103.5498,1.33281],[103.69453,1.44966],[103.8168,1.47656],[103.91514,1.44668],[103.9915,1.45479],[103.99121,1.55005],[103.98145,1.62363],[104.01602,1.5793],[104.07617,1.52979],[104.10059,1.48833],[104.09424,1.44619],[104.11494,1.41226],[104.17637,1.36489],[104.2501,1.38857],[104.28037,1.41558],[104.28848,1.48066],[104.21855,1.72285],[103.96777,2.26123],[103.83232,2.5085],[103.81221,2.58047],[103.5373,2.77476],[103.48516,2.83657],[103.43945,2.93311],[103.44502,3.2606],[103.42949,3.37856],[103.45352,3.52061],[103.37334,3.67109],[103.36201,3.76914],[103.42051,3.97686],[103.46875,4.39326],[103.45391,4.66948],[103.41582,4.85029],[103.19697,5.26216],[103.09707,5.40845],[102.98242,5.52495],[102.89854,5.56377],[102.79023,5.64492],[102.53438,5.86255],[102.34014,6.17202],[102.27402,6.20342],[102.10107,6.24224],[101.79922,6.47461],[101.61426,6.75396],[101.49795,6.86528],[101.40088,6.89956],[101.30195,6.9083],[101.15439,6.87515],[101.01787,6.86094],[100.79258,6.99468],[100.70166,7.08198],[100.58623,7.17598],[100.48975,7.16138],[100.42354,7.18784],[100.37139,7.28013],[100.20488,7.50054],[100.16074,7.59927],[100.1582,7.72812],[100.25664,7.7749],[100.31738,7.71597],[100.32432,7.64419],[100.27998,7.58433],[100.28379,7.55151],[100.34297,7.55288],[100.38037,7.5415],[100.41074,7.46431],[100.43936,7.28076],[100.54521,7.2269],[100.50371,7.3373],[100.45352,7.44229],[100.27939,8.26851],[100.22871,8.42471],[100.16348,8.5084],[100.15889,8.47378],[100.1541,8.44297],[100.1293,8.42808],[100.05625,8.51113],[99.98955,8.58921],[99.96064,8.67124],[99.90469,9.11289],[99.87754,9.19463],[99.83555,9.28838],[99.72383,9.31421],[99.39385,9.21372],[99.33545,9.22544],[99.25391,9.26523],[99.26504,9.35298],[99.28828,9.4146],[99.19131,9.62715],[99.16074,9.73403],[99.16934,9.93418],[99.19463,10.17544],[99.19033,10.26587],[99.16504,10.31982],[99.2373,10.38813],[99.28477,10.56914],[99.48691,10.88955],[99.51436,11.10059],[99.56133,11.21519],[99.62734,11.46289],[99.72549,11.66177],[99.79873,11.74878],[99.83711,11.93662],[99.93027,12.04746],[99.98906,12.1708],[100.00566,12.35474],[99.96396,12.69004],[99.98203,12.77148],[100.08994,13.04565],[100.05107,13.17124],[99.99053,13.24346],[100.01748,13.35317],[100.12236,13.43955],[100.23564,13.48447],[100.53643,13.51445],[100.60293,13.56816],[100.65605,13.52129],[100.90654,13.4624],[100.9627,13.43198],[100.94697,13.35757],[100.92627,13.30303],[100.94609,13.18726],[100.90391,13.03491],[100.89639,12.81816],[100.86328,12.7145],[100.89775,12.65381],[100.95371,12.62124],[101.09023,12.67363],[101.44492,12.61895],[101.72363,12.68936],[101.83574,12.64038],[101.88906,12.59326],[101.94453,12.56367],[102.03438,12.53188],[102.13418,12.44302],[102.22959,12.33164],[102.24844,12.36143],[102.25908,12.39434],[102.34316,12.25259],[102.43408,12.17925],[102.54023,12.10923],[102.5748,12.15781],[102.59414,12.20303],[102.65488,12.14883],[102.76299,12.01245],[102.7916,11.88862],[102.88369,11.77275],[102.9123,11.70386],[102.93389,11.70669],[102.93232,11.7417],[102.94863,11.77349],[103.0042,11.7106],[103.01055,11.58867],[103.12549,11.46064],[103.10742,11.36777],[103.09111,11.21108],[103.10645,11.07378],[103.15283,10.91372],[103.27217,10.90928],[103.35361,10.92158],[103.41133,10.97676],[103.4667,11.08398],[103.53242,11.14668],[103.59502,11.10776],[103.6543,11.05869],[103.72188,10.89014],[103.68086,10.75859],[103.59209,10.72104],[103.54043,10.6687],[103.53223,10.60464],[103.58711,10.5522],[103.66191,10.50894],[103.84053,10.58057],[103.87051,10.65513],[103.90176,10.64395],[103.93711,10.58662],[104.2624,10.54126],[104.42637,10.41123],[104.51611,10.33999],[104.59404,10.26689],[104.6127,10.20767],[104.66348,10.16992],[104.74766,10.19912],[104.80195,10.20273],[104.87324,10.11479],[104.96582,10.10059],[105.02783,10.06743],[105.08447,9.9957],[105.09492,9.94526],[105.09258,9.90098],[104.98711,9.86865],[104.90322,9.81626],[104.84521,9.60615],[104.81465,9.1855],[104.81855,8.80186],[104.89629,8.74663],[104.77041,8.59766],[104.89189,8.58325],[105.11436,8.6292],[105.19121,8.71133],[105.32227,8.80112],[105.40137,8.9624],[105.50098,9.09321],[106.16836,9.39673],[106.19258,9.4478],[106.20615,9.50234],[106.15859,9.59414],[106.1125,9.67358],[105.83096,10.00073],[105.92568,9.96172],[106.204,9.67544],[106.37803,9.5561],[106.48408,9.55942],[106.53916,9.60356],[106.57246,9.64111],[106.56436,9.71562],[106.50742,9.82124],[106.18359,10.14209],[106.13643,10.22168],[106.44912,9.93965],[106.55732,9.86807],[106.59561,9.85986],[106.65684,9.90107],[106.65811,9.94873],[106.65918,9.99141],[106.71416,10.06021],[106.78525,10.11646],[106.78525,10.15117],[106.729,10.19331],[106.60244,10.23174],[106.46406,10.29829],[106.4917,10.3041],[106.64355,10.28892],[106.75742,10.2958],[106.77627,10.33896],[106.77754,10.37612],[106.74121,10.44438],[106.69844,10.46206],[106.64307,10.45625],[106.60586,10.46494],[106.72734,10.53564],[106.8127,10.4333],[106.90205,10.38281],[106.94746,10.40034],[106.96611,10.44072],[106.98369,10.61831],[107.00664,10.66055],[107.0207,10.63096],[107.03574,10.5563],[107.08779,10.49834],[107.19414,10.47158],[107.23506,10.41987],[107.26152,10.39839],[107.38447,10.45864],[107.47031,10.48584],[107.56445,10.55547],[107.84512,10.7001],[108.00137,10.72036],[108.09492,10.89727],[108.17617,10.92017],[108.27168,10.93428],[108.41855,11.04072],[108.55127,11.15596],[108.70029,11.19927],[108.8208,11.31543],[108.98672,11.33638],[109.01846,11.46836],[109.03965,11.59268],[109.13252,11.60107],[109.17324,11.66475],[109.19863,11.72485],[109.19268,11.77344],[109.15752,11.83711],[109.16729,11.91201],[109.1999,11.97246],[109.19912,11.99902],[109.21455,12.01045],[109.22021,11.95884],[109.24727,11.90869],[109.25918,11.95454],[109.25625,11.99287],[109.21572,12.0729],[109.20684,12.41538],[109.30469,12.39116],[109.21895,12.6458],[109.27402,12.70903],[109.33555,12.7519],[109.38145,12.67075],[109.44492,12.59961],[109.42002,12.71904],[109.42393,12.95596],[109.37676,13.02549],[109.30957,13.21919],[109.27188,13.27935],[109.28809,13.45078],[109.25205,13.59053],[109.24707,13.85474],[109.28809,13.76504],[109.30332,13.85645],[109.24463,14.05342],[109.22393,14.09668],[109.20732,14.1543],[109.19141,14.27046],[109.1373,14.38413],[109.08701,14.55259],[109.08486,14.71616],[109.02246,14.80283],[108.93994,15.00146],[108.89824,15.18052],[108.82129,15.37793],[108.74277,15.42661],[108.67422,15.48359],[108.57783,15.58472],[108.44746,15.7627],[108.39531,15.87246],[108.28604,15.98906],[108.27402,16.02905],[108.26738,16.08979],[108.24082,16.10078],[108.20898,16.09106],[108.16973,16.16367],[108.08799,16.24272],[108.02939,16.3311],[107.99072,16.33711],[107.93633,16.32939],[107.88203,16.30962],[107.83379,16.32246],[107.80313,16.40308],[107.72412,16.48784],[107.59346,16.56807],[107.54082,16.60864],[107.54932,16.64258],[107.35508,16.79375],[107.18037,16.89795],[107.11992,17.05552],[106.92617,17.22139],[106.73574,17.36719],[106.5168,17.66279],[106.37051,17.74688],[106.35586,17.76504],[106.47891,17.71958],[106.45938,17.87368],[106.49902,17.94644],[106.41191,18.05317],[106.23955,18.2207],[106.14453,18.25942],[106.06563,18.31636],[105.88828,18.50249],[105.83926,18.57417],[105.8082,18.64585],[105.74424,18.74629],[105.73203,18.7793],[105.62178,18.96631],[105.63906,19.05718],[105.71641,19.12778],[105.79111,19.29419],[105.78535,19.37886],[105.81211,19.46699],[105.81396,19.58745],[105.98408,19.93906],[106.06221,19.98735],[106.16572,19.99204],[106.39551,20.20591],[106.51797,20.28887],[106.57285,20.39219],[106.55078,20.52656],[106.75342,20.73506],[106.7373,20.80615],[106.67549,20.9605],[106.6834,21.00029],[106.7252,20.9999],[106.76025,20.99111],[106.82061,20.95752],[106.88623,20.95],[106.93643,20.97407],[106.98145,20.97139],[107.01924,20.99121],[107.0752,20.99927],[107.11172,20.95957],[107.16475,20.94873],[107.3543,21.05518],[107.37334,21.12847],[107.37617,21.19414],[107.40996,21.28481],[107.52695,21.33623],[107.63672,21.36807],[107.70723,21.40586],[107.80908,21.49712],[107.92578,21.49893],[107.97266,21.50796],[108.06738,21.52598],[108.14561,21.56519],[108.24629,21.5584],[108.30215,21.62192],[108.3248,21.69351],[108.35459,21.69692],[108.38281,21.6792],[108.44434,21.60732],[108.50215,21.63345],[108.52568,21.67139],[108.49258,21.7394],[108.48086,21.82881],[108.47988,21.90464],[108.59375,21.90103],[108.61582,21.8689],[108.58936,21.81597],[108.61582,21.77046],[108.67451,21.72466],[108.74395,21.65127],[108.77168,21.63047],[108.84639,21.63447],[108.92178,21.62441],[109.03057,21.62651],[109.10176,21.59048],[109.1335,21.5436],[109.09814,21.48735],[109.08154,21.44028],[109.14863,21.42554],[109.22041,21.44341],[109.34668,21.45396],[109.43555,21.47949],[109.54404,21.53794],[109.52148,21.69341],[109.56641,21.69058],[109.59434,21.67197],[109.68691,21.52461],[109.74336,21.52798],[109.75938,21.56006],[109.82959,21.48359],[109.93076,21.48057],[109.92109,21.37646],[109.77959,21.33745],[109.76016,21.22837],[109.68125,21.13164],[109.70449,21.05273],[109.6626,20.91689],[109.68477,20.87363],[109.72627,20.83877],[109.76738,20.78071],[109.80527,20.71147],[109.79199,20.62188],[109.86104,20.51431],[109.94639,20.47437],[109.96836,20.44814],[109.98389,20.40327],[109.93164,20.39888],[109.88584,20.41313],[109.88252,20.36406],[109.93848,20.29512],[110.12314,20.26372],[110.34473,20.29482],[110.44951,20.35542],[110.48691,20.42686],[110.51758,20.46001],[110.51152,20.51826],[110.31309,20.67168],[110.32617,20.71992],[110.37051,20.75205],[110.38848,20.79053],[110.36543,20.8376],[110.18037,20.85859],[110.154,20.94463],[110.19355,21.03765],[110.33115,21.13135],[110.37461,21.17236],[110.39746,21.24771],[110.41094,21.33813],[110.43457,21.3269],[110.45801,21.23057],[110.5043,21.20742],[110.56719,21.21406],[110.65215,21.2791],[110.77109,21.38652],[110.87803,21.39595],[110.99678,21.43027],[111.01689,21.51172],[111.06113,21.51099],[111.10059,21.48472],[111.14424,21.48223],[111.22061,21.4939],[111.31914,21.48613],[111.39238,21.53511],[111.60273,21.55908],[111.68164,21.6085],[111.71191,21.65522],[111.77598,21.71924],[111.82461,21.70977],[111.87344,21.71714],[111.92646,21.77627],[111.94395,21.84966],[112.0252,21.84302],[112.11719,21.80649],[112.19336,21.76313],[112.30498,21.7417],[112.35645,21.76758],[112.38975,21.80122],[112.37744,21.91748],[112.35967,21.97803],[112.39609,21.98135],[112.4293,21.95811],[112.43945,21.92734],[112.42129,21.88062],[112.49473,21.81831],[112.58633,21.77686],[112.63408,21.81987],[112.66074,21.85947],[112.72539,21.90234],[112.80859,21.94463],[112.90381,21.88145],[112.95391,21.90732],[112.98379,21.93823],[113.0082,22.11934],[113.08877,22.20796],[113.14902,22.075],[113.26641,22.08877],[113.32773,22.14541],[113.36738,22.16484],[113.41572,22.17837],[113.49883,22.20166],[113.54814,22.22261],[113.57646,22.29727],[113.58887,22.35049],[113.55146,22.40415],[113.55303,22.59404],[113.48477,22.69238],[113.4498,22.72612],[113.43203,22.7894],[113.34482,22.8646],[113.33779,22.88882],[113.33105,22.91201],[113.44189,22.94058],[113.46035,22.9957],[113.44531,23.05508],[113.51973,23.1021],[113.62051,23.12749],[113.59219,23.07695],[113.58633,23.02002],[113.60342,22.9689],[113.61963,22.86143],[113.66113,22.80166],[113.75449,22.73364],[113.82832,22.60723],[113.93115,22.53105],[114.01543,22.51191],[114.00674,22.48403],[113.89648,22.42817],[113.90254,22.39609],[113.9373,22.36499],[114.03281,22.37588],[114.13906,22.34844],[114.26797,22.29556],[114.28789,22.32529],[114.29053,22.37378],[114.33525,22.39624],[114.3252,22.4374],[114.28457,22.45762],[114.29111,22.49946],[114.26602,22.54097],[114.34062,22.59321],[114.42012,22.58325],[114.49619,22.52705],[114.5542,22.52891],[114.54443,22.62061],[114.57197,22.65405],[114.59277,22.69844],[114.65166,22.75527],[114.71113,22.73872],[114.75039,22.62632],[114.85381,22.6168],[114.89639,22.6395],[114.91445,22.68462],[115.01211,22.70894],[115.0915,22.78169],[115.1958,22.81729],[115.28994,22.77598],[115.38252,22.71885],[115.49834,22.71885],[115.53467,22.76519],[115.56113,22.82471],[115.64043,22.85342],[115.75586,22.82393],[115.85215,22.80156],[116.0626,22.8791],[116.15742,22.88745],[116.20635,22.91865],[116.22207,22.94956],[116.25186,22.98135],[116.34551,22.94106],[116.4707,22.9459],[116.51982,23.00659],[116.53828,23.17969],[116.58643,23.21826],[116.66914,23.22817],[116.69883,23.27778],[116.68232,23.32739],[116.62939,23.35386],[116.71211,23.3605],[116.75957,23.38252],[116.86094,23.45308],[116.91064,23.64668],[117.03281,23.62344],[117.08252,23.57876],[117.14814,23.59878],[117.225,23.64702],[117.29082,23.71436],[117.33076,23.70879],[117.34668,23.63574],[117.36768,23.58862],[117.41699,23.621],[117.46221,23.73623],[117.45957,23.77148],[117.43311,23.7917],[117.46641,23.84058],[117.5792,23.85698],[117.62822,23.83672],[117.66787,23.93926],[117.7417,24.01479],[117.83945,24.0123],[117.9041,24.10645],[118.05605,24.24609],[118.05059,24.32715],[118.02422,24.37964],[117.879,24.3959],[117.84824,24.43247],[117.84268,24.47432],[117.89688,24.47983],[117.93506,24.47422],[118.00596,24.48198],[118.01387,24.55991],[118.08711,24.627],[118.19453,24.62583],[118.29531,24.57275],[118.41201,24.60073],[118.56035,24.58037],[118.65703,24.62144],[118.71914,24.74614],[118.6918,24.78232],[118.64023,24.80908],[118.63691,24.83555],[118.70752,24.8498],[118.82207,24.91113],[118.90908,24.92891],[118.95566,25.00479],[118.91445,25.12681],[118.97754,25.20928],[119.02461,25.22344],[119.23555,25.20596],[119.28555,25.23223],[119.24355,25.30703],[119.16934,25.35571],[119.14629,25.41431],[119.18008,25.4498],[119.26309,25.46802],[119.34375,25.44629],[119.42178,25.45962],[119.49922,25.40864],[119.59277,25.36802],[119.62246,25.39116],[119.61914,25.43745],[119.53945,25.59126],[119.55283,25.69868],[119.61689,25.8229],[119.64824,25.9187],[119.61875,26.00356],[119.50088,26.00918],[119.41777,25.95435],[119.33203,25.94873],[119.26377,25.9748],[119.13945,26.12178],[119.23213,26.10439],[119.31309,26.06255],[119.36973,26.05405],[119.46309,26.05469],[119.56709,26.12734],[119.69268,26.23643],[119.79727,26.30015],[119.88105,26.33418],[119.87646,26.37095],[119.84033,26.41416],[119.83115,26.4502],[119.78477,26.54663],[119.72598,26.60942],[119.63818,26.62119],[119.62363,26.67588],[119.58994,26.73047],[119.58818,26.78496],[119.65156,26.74727],[119.71045,26.72866],[119.7667,26.77471],[119.78867,26.83149],[119.82422,26.84639],[119.81514,26.79761],[119.82129,26.73691],[119.84238,26.68931],[119.87949,26.68301],[119.88223,26.61045],[119.96777,26.58638],[120.04297,26.63384],[120.08672,26.67158],[120.09746,26.78066],[120.13857,26.88613],[120.27871,27.09707],[120.38457,27.15552],[120.46865,27.25625],[120.53984,27.31836],[120.60752,27.4124],[120.6291,27.48213],[120.5875,27.58076],[120.66484,27.63945],[120.66133,27.68789],[120.68516,27.74458],[120.83301,27.89146],[120.83301,27.93779],[120.76348,27.97744],[120.74766,28.00996],[120.81299,28.01338],[120.89248,28.00391],[120.95859,28.03701],[121.03545,28.15728],[121.09844,28.29053],[121.1457,28.32666],[121.2168,28.34619],[121.27227,28.22212],[121.35459,28.22988],[121.50996,28.32427],[121.60996,28.29214],[121.60205,28.3666],[121.53809,28.52109],[121.4752,28.64141],[121.51914,28.71367],[121.59033,28.73481],[121.63008,28.76792],[121.6625,28.85142],[121.54004,28.93188],[121.64102,28.91592],[121.67969,28.95312],[121.66494,29.0106],[121.5209,29.11846],[121.44766,29.13135],[121.48711,29.19316],[121.53369,29.23672],[121.65596,29.23613],[121.71748,29.25635],[121.79082,29.22568],[121.85352,29.12891],[121.91777,29.13501],[121.96836,29.49062],[121.94121,29.60591],[121.88799,29.62778],[121.82188,29.60464],[121.69043,29.51099],[121.50625,29.48457],[121.57461,29.53701],[121.67656,29.58379],[121.90576,29.77969],[122.08291,29.87036],[122.01729,29.8877],[121.94434,29.89409],[121.8123,29.95215],[121.67793,29.9791],[121.43271,30.22666],[121.34062,30.28237],[121.25801,30.3041],[121.15938,30.30176],[120.90449,30.16064],[120.6334,30.13315],[120.49453,30.30308],[120.35254,30.24741],[120.26055,30.26304],[120.22852,30.24956],[120.19463,30.24131],[120.24551,30.28354],[120.4498,30.38784],[120.62998,30.39087],[120.82148,30.35464],[120.89746,30.39263],[120.93828,30.46973],[120.99766,30.55825],[121.30996,30.69971],[121.41895,30.78979],[121.52754,30.84097],[121.6752,30.86377],[121.76943,30.87036],[121.87793,30.91699],[121.83447,31.06162],[121.78594,31.16289],[121.66064,31.31973],[121.35098,31.48535],[121.20488,31.62808],[121.05537,31.71943],[120.9375,31.7502],[120.78779,31.81978],[120.75225,31.92285],[120.71553,31.98374],[120.49717,32.01982],[120.34746,31.9521],[120.1916,31.90635],[120.03594,31.93628],[120.07393,31.96025],[120.09873,31.97598],[120.18408,31.96616],[120.52012,32.10586],[120.66055,32.08105],[120.7917,32.03174],[120.97354,31.86938],[121.1458,31.84233],[121.26641,31.8627],[121.35195,31.85879],[121.68086,31.71216],[121.76357,31.69951],[121.86631,31.70356],[121.85635,31.81646],[121.83242,31.89976],[121.75107,31.99287],[121.67422,32.05103],[121.49053,32.12109],[121.45078,32.15332],[121.40391,32.20625],[121.40098,32.37192],[121.3417,32.42505],[121.29336,32.45732],[120.98994,32.56704],[120.85322,32.66138],[120.85303,32.76411],[120.89736,32.84321],[120.87109,33.0165],[120.73447,33.23662],[120.61563,33.49053],[120.50479,33.63818],[120.4998,33.71646],[120.42568,33.86631],[120.32266,34.16899],[120.2667,34.27402],[120.20146,34.32568],[119.96367,34.4478],[119.76973,34.49619],[119.58291,34.58223],[119.42676,34.71416],[119.35137,34.74941],[119.20098,34.74844],[119.16533,34.84883],[119.21582,35.01177],[119.35283,35.11382],[119.42969,35.30142],[119.52646,35.35859],[119.6084,35.46987],[119.71973,35.58872],[119.81055,35.61772],[119.86621,35.64365],[119.91172,35.69321],[119.97871,35.74023],[120.02744,35.79937],[120.05469,35.86113],[120.21904,35.93491],[120.28477,35.98442],[120.26475,36.00723],[120.18145,36.01748],[120.09414,36.1189],[120.11699,36.15029],[120.1833,36.20244],[120.27012,36.22617],[120.32773,36.22817],[120.34346,36.18945],[120.33027,36.11011],[120.34824,36.0792],[120.39307,36.05386],[120.51934,36.10869],[120.63789,36.12993],[120.68096,36.16836],[120.68223,36.34072],[120.71152,36.41328],[120.77617,36.4563],[120.84707,36.42607],[120.8958,36.44414],[120.90498,36.4853],[120.88262,36.53892],[120.79668,36.60723],[120.81084,36.63281],[120.87852,36.63516],[120.98994,36.59795],[121.05381,36.61138],[121.14404,36.66045],[121.41309,36.73838],[121.66963,36.83638],[121.93271,36.95947],[122.04951,36.97075],[122.1624,36.95864],[122.20322,36.9272],[122.21973,36.87954],[122.24229,36.84985],[122.27422,36.83384],[122.34092,36.83223],[122.45703,36.91514],[122.51973,36.94683],[122.52344,37.00264],[122.4874,37.02227],[122.44668,37.06812],[122.51553,37.13784],[122.5873,37.1811],[122.57334,37.31792],[122.66699,37.40283],[122.60234,37.42642],[122.49326,37.40796],[122.3377,37.40527],[122.16914,37.45615],[122.10957,37.52231],[122.05664,37.52891],[122.01016,37.49575],[121.96484,37.44531],[121.81641,37.45664],[121.64023,37.46035],[121.50527,37.51504],[121.38809,37.57896],[121.21953,37.60015],[121.04902,37.7252],[120.75,37.83394],[120.37012,37.70103],[120.28467,37.69209],[120.25723,37.679],[120.28711,37.65649],[120.31152,37.62271],[120.15586,37.49502],[119.88291,37.35083],[119.87998,37.2958],[119.8875,37.25337],[119.76055,37.15508],[119.4499,37.12476],[119.2874,37.13828],[119.11182,37.20117],[118.99814,37.2771],[118.95264,37.33115],[118.95488,37.49409],[118.99082,37.64136],[119.0335,37.66104],[119.08916,37.70073],[119.07031,37.74858],[119.03848,37.77651],[119.03564,37.80918],[119.02754,37.904],[118.94004,38.04277],[118.8,38.12666],[118.66709,38.12637],[118.54326,38.09492],[118.01494,38.1834],[117.7667,38.31167],[117.65605,38.42422],[117.55781,38.62515],[117.55381,38.69146],[117.6167,38.85288],[117.78467,39.13447],[117.86572,39.19126],[118.04092,39.22676],[118.14785,39.19507],[118.29785,39.06709],[118.47197,39.11802],[118.62637,39.17686],[118.75244,39.1605],[118.82646,39.17212],[118.9123,39.16641],[118.97695,39.18257],[119.04014,39.22236],[119.22461,39.40806],[119.26133,39.56089],[119.32236,39.66162],[119.39111,39.75249],[119.59111,39.90264],[119.85039,39.98745],[120.36895,40.20386],[120.4791,40.23096],[120.7707,40.58906],[120.84131,40.64922],[120.92227,40.68311],[121.00293,40.74912],[121.08594,40.8416],[121.17451,40.90127],[121.53711,40.87842],[121.59893,40.84341],[121.7293,40.84614],[121.76562,40.87588],[121.80859,40.96851],[121.83486,40.97427],[121.85879,40.84209],[122.14043,40.68818],[122.17871,40.60273],[122.275,40.54185],[122.26387,40.5002],[122.20332,40.39604],[122.19092,40.35825],[121.98281,40.13584],[121.86895,40.04639],[121.80098,39.95054],[121.51738,39.84482],[121.47422,39.75488],[121.51426,39.68525],[121.51758,39.63896],[121.46953,39.64014],[121.40645,39.62124],[121.26748,39.54468],[121.28633,39.51943],[121.2998,39.4522],[121.27549,39.38477],[121.35566,39.37681],[121.5125,39.37485],[121.78545,39.40083],[121.81846,39.38652],[121.75781,39.34756],[121.66455,39.26875],[121.62764,39.22017],[121.67988,39.10869],[121.26328,38.96025],[121.18828,38.94668],[121.10674,38.9208],[121.12168,38.81328],[121.16357,38.73164],[121.20742,38.74351],[121.23633,38.76694],[121.32012,38.8082],[121.51719,38.83076],[121.6499,38.86509],[121.67041,38.8918],[121.63281,38.95483],[121.67725,39.00342],[121.74482,39.00967],[121.80518,38.99141],[121.86436,38.99648],[121.92266,39.03652],[121.98232,39.05317],[122.04766,39.0938],[122.1209,39.1519],[122.225,39.26733],[122.33486,39.36611],[122.84004,39.60083],[122.96094,39.61992],[123.03223,39.67354],[123.22656,39.68662],[123.26895,39.7269],[123.34814,39.76294],[123.49004,39.76787],[123.58066,39.78613],[123.61123,39.84082],[123.65088,39.88159],[123.76016,39.82241],[124.10576,39.84102],[124.26748,39.92417],[124.35,40.01157],[124.36211,40.00405],[124.3751,39.99614],[124.34863,39.90688],[124.40381,39.86553],[124.55742,39.79058],[124.60762,39.71694],[124.63828,39.61509],[124.69922,39.63237],[124.73223,39.6522],[124.73887,39.7415],[124.77529,39.75806],[124.86787,39.70181],[125.1001,39.59033],[125.18008,39.5835],[125.36084,39.52661],[125.37363,39.42764],[125.41318,39.32627],[125.40967,39.28838],[125.15732,38.87153],[125.16885,38.80552],[125.29893,38.74297],[125.42422,38.74687],[125.48867,38.72778],[125.55449,38.68623],[125.4918,38.67612],[125.41533,38.68042],[125.30967,38.66538],[125.06738,38.55674],[124.97373,38.48013],[124.88057,38.34165],[124.88271,38.29497],[124.87451,38.2334],[124.69092,38.1292],[124.77949,38.10151],[124.90703,38.11265],[124.99502,38.07783],[125.1626,38.09365],[125.20674,38.08154],[125.24668,38.05684],[125.19316,38.03779],[124.98877,37.93145],[125.02676,37.92261],[125.10195,37.88208],[125.31074,37.84351],[125.36484,37.74824],[125.35781,37.7248],[125.40664,37.71904],[125.44932,37.73022],[125.58154,37.81504],[125.67617,37.91772],[125.69502,37.9627],[125.76914,37.98535],[125.9417,37.87368],[126.05029,37.86982],[126.1167,37.74292],[126.16104,37.76372],[126.20312,37.82852],[126.36992,37.87837],[126.57275,37.79683],[126.62324,37.79019],[126.63389,37.78184],[126.6207,37.75547],[126.57773,37.74473],[126.56338,37.7165],[126.58018,37.65376],[126.60762,37.61743],[126.65684,37.55117],[126.65029,37.44712],[126.69619,37.41069],[126.79053,37.29492],[126.74639,37.19355],[126.77607,37.1582],[126.7874,37.10273],[126.86895,36.97573],[126.95977,36.95762],[126.97686,36.9394],[126.95801,36.90615],[126.8791,36.86206],[126.87207,36.82446],[126.83877,36.84609],[126.78447,36.94844],[126.68672,36.96035],[126.57773,37.01958],[126.48701,37.00747],[126.42871,36.96904],[126.35156,36.9582],[126.21719,36.87095],[126.16055,36.77192],[126.18086,36.6916],[126.23066,36.68926],[126.38877,36.65117],[126.43301,36.67803],[126.4877,36.6938],[126.50664,36.58564],[126.54824,36.47764],[126.55195,36.42969],[126.54424,36.34121],[126.55723,36.23584],[126.54043,36.16616],[126.59707,36.10503],[126.68232,36.03794],[126.69346,36.01416],[126.66367,35.97451],[126.64746,35.92241],[126.71963,35.8979],[126.75303,35.87197],[126.71738,35.76885],[126.60156,35.71421],[126.54189,35.66934],[126.48848,35.64707],[126.48652,35.60635],[126.56494,35.58975],[126.61406,35.571],[126.58223,35.53447],[126.49277,35.50127],[126.46045,35.45562],[126.3959,35.3144],[126.36055,35.21689],[126.29111,35.15415],[126.32744,35.04512],[126.39785,34.93281],[126.4207,34.82339],[126.47852,34.81035],[126.54795,34.83677],[126.59336,34.82437],[126.53857,34.77866],[126.47285,34.75635],[126.50498,34.73755],[126.52451,34.6979],[126.42559,34.69458],[126.30107,34.71997],[126.26445,34.67324],[126.33262,34.58965],[126.48174,34.49395],[126.50645,34.42837],[126.5083,34.35063],[126.53145,34.31426],[126.58438,34.31753],[126.61084,34.40352],[126.75479,34.51187],[126.79648,34.49429],[126.82627,34.45107],[126.89746,34.43887],[127.03076,34.60688],[127.24707,34.75513],[127.26865,34.72036],[127.26055,34.66167],[127.19492,34.60503],[127.17344,34.54614],[127.32461,34.46328],[127.38057,34.50063],[127.40117,34.55254],[127.4791,34.62524],[127.42344,34.68848],[127.38965,34.74302],[127.4043,34.8231],[127.47695,34.84429],[127.52363,34.84009],[127.56543,34.76592],[127.63242,34.69023],[127.71543,34.72104],[127.74219,34.78257],[127.6625,34.84341],[127.63936,34.8897],[127.65908,34.92637],[127.71484,34.95469],[127.87324,34.96631],[127.97676,35.0187],[128.03623,35.02197],[128.09453,34.93359],[128.15234,34.91587],[128.27598,34.91099],[128.3877,34.8751],[128.44395,34.87036],[128.44766,34.93208],[128.41885,35.01567],[128.45811,35.06943],[128.51094,35.10098],[128.64258,35.11958],[128.7957,35.0939],[128.98008,35.10151],[129.07676,35.12271],[129.21416,35.18184],[129.329,35.33276],[129.41914,35.49785],[129.48545,35.6874],[129.56172,35.94766],[129.57285,36.05054],[129.50977,36.0376],[129.4583,36.00645],[129.42578,36.0188],[129.40352,36.05215],[129.40244,36.13765],[129.39131,36.20215],[129.39258,36.32271],[129.42715,36.3855],[129.44502,36.4707],[129.43301,36.63662],[129.47344,36.74189],[129.42617,36.92554],[129.41826,37.05903],[129.33516,37.27456],[129.05156,37.67764],[128.85244,37.88706],[128.61885,38.17607],[128.37461,38.62344],[128.32949,38.68091],[128.24941,38.74521],[128.1625,38.78613],[128.12305,38.81641],[127.97168,38.898],[127.78613,39.08413],[127.69893,39.12505],[127.58096,39.14326],[127.49697,39.17949],[127.39453,39.20791],[127.3835,39.29614],[127.42227,39.37358],[127.45742,39.40098],[127.52285,39.37739],[127.54893,39.46108],[127.54727,39.56279],[127.52744,39.6957],[127.56816,39.78198],[127.86709,39.89595],[127.9666,39.99561],[128.10635,40.03257],[128.30449,40.03594],[128.39297,40.08896],[128.51123,40.13022],[128.61074,40.1979],[128.70137,40.31753],[128.84297,40.3585],[128.94521,40.42788],[129.10977,40.49106],[129.24512,40.66104],[129.34111,40.72632],[129.70869,40.85732],[129.74199,40.93228],[129.71211,41.12368],[129.76582,41.30386],[129.75898,41.3915],[129.68242,41.49434],[129.68633,41.59497],[129.75635,41.71226],[129.87637,41.80552],[129.92822,41.89673],[130.00732,41.99116],[130.06826,42.04575],[130.17988,42.09697],[130.23574,42.1832],[130.31475,42.21411],[130.45752,42.30171],[130.56924,42.2917],[130.63652,42.27485],[130.6873,42.30254],[130.72988,42.32578],[130.83418,42.52295],[130.70938,42.6564],[130.75615,42.67329],[130.9457,42.63394],[131.0248,42.64517],[131.1583,42.62603],[131.24531,42.69741],[131.29248,42.77212],[131.39326,42.82231],[131.51641,42.99644],[131.72207,43.20264],[131.79473,43.25527],[131.93896,43.30195],[131.97627,43.29604],[132.01309,43.28003],[131.89834,43.17075],[131.8666,43.09517],[131.94727,43.09541],[132.02871,43.11895],[132.2332,43.24507],[132.30957,43.31353],[132.33438,43.23867],[132.30381,42.8833],[132.48135,42.90977],[132.57646,42.87158],[132.70898,42.87583],[132.86357,42.79375],[132.92393,42.80527],[132.99658,42.80801],[133.05938,42.7228],[133.15996,42.69697],[133.32949,42.76387],[133.58672,42.82822],[133.70938,42.82993],[134.01045,42.94746],[134.15645,43.04214],[134.6918,43.29058],[134.91699,43.42656],[135.13105,43.52573],[135.26016,43.68462],[135.4834,43.83501],[135.48906,43.89883],[135.5332,43.97148],[135.87461,44.37354],[135.98701,44.43984],[136.14229,44.48911],[136.20869,44.56201],[136.25117,44.6668],[136.46045,44.82212],[136.6041,44.97817],[136.73721,45.08003],[136.80352,45.17114],[137.14697,45.39351],[137.4252,45.63999],[137.68545,45.81836],[137.76914,45.92852],[138.10635,46.25073],[138.21016,46.46294],[138.33691,46.54341],[138.3918,46.74507],[138.50049,46.88984],[138.52969,46.97622],[138.58682,47.05723],[139.00137,47.3833],[139.16699,47.63486],[139.37266,47.88735],[139.52051,47.97529],[139.67627,48.08989],[139.76074,48.18057],[139.99844,48.32378],[140.11328,48.42266],[140.17061,48.52368],[140.22422,48.77285],[140.37832,48.96411],[140.33369,48.99482],[140.30898,49.05391],[140.32559,49.12002],[140.34863,49.15918],[140.36436,49.22085],[140.39912,49.28979],[140.43105,49.33149],[140.51719,49.59614],[140.51133,49.76167],[140.46455,49.82559],[140.4627,49.91147],[140.58457,50.03335],[140.61328,50.05371],[140.62451,50.08242],[140.56406,50.10669],[140.53545,50.13076],[140.47637,50.546],[140.5209,50.8002],[140.64561,50.98677],[140.6707,51.05132],[140.6877,51.23228],[140.83857,51.41416],[140.93262,51.61992],[141.12939,51.72778],[141.2584,51.86069],[141.36689,51.92065],[141.38555,52.05723],[141.48525,52.17852],[141.40908,52.23433],[141.32969,52.27114],[141.16982,52.36841],[141.13242,52.43569],[141.24502,52.55015],[141.26592,52.65259],[141.25586,52.84014],[141.08682,52.89756],[140.87451,53.03984],[140.83965,53.08789],[140.8873,53.0915],[141.18125,53.01528],[141.32793,53.09727],[141.40205,53.18398],[141.37373,53.29277],[141.21768,53.33447],[141.01504,53.45425],[141.00566,53.49458],[140.6876,53.59644],[140.34707,53.8126],[140.2417,54.00103],[140.17871,54.05156],[139.8584,54.20532],[139.79551,54.25645],[139.70742,54.27715],[139.31973,54.19297],[139.10508,54.21782],[138.6957,54.32002],[138.65723,54.29834],[138.71592,54.22266],[138.70469,54.14766],[138.72168,54.04375],[138.69941,53.86973],[138.66074,53.74478],[138.51094,53.57002],[138.45068,53.53701],[138.32031,53.5229],[138.24971,53.52402],[138.29219,53.59243],[138.40703,53.67417],[138.56914,53.8188],[138.56816,53.94717],[138.52793,53.95986],[138.49355,53.95967],[138.37891,53.90928],[138.25293,53.72642],[137.95049,53.60356],[137.73818,53.5603],[137.32832,53.53896],[137.25371,53.54614],[137.22148,53.5792],[137.31367,53.63159],[137.51699,53.70708],[137.64482,53.86582],[137.78613,53.90332],[137.83477,53.94673],[137.62275,53.97046],[137.47646,54.02759],[137.33926,54.10054],[137.40342,54.12354],[137.45127,54.13047],[137.51318,54.1564],[137.66602,54.2833],[137.5251,54.29121],[137.37773,54.28232],[137.1416,54.18223],[137.09619,54.12856],[137.17246,54.05688],[137.25801,54.02524],[137.15537,53.82168],[137.01875,53.84814],[136.88643,53.83936],[136.80264,53.78198],[136.71885,53.8041],[136.68301,53.9313],[136.72939,54.06064],[136.77041,54.35332],[136.82041,54.45234],[136.82373,54.56147],[136.79727,54.621],[136.71455,54.62432],[136.58027,54.61362],[136.23799,54.61406],[135.85156,54.58394],[135.43779,54.69248],[135.32539,54.70742],[135.25771,54.73149],[135.21152,54.84082],[135.23477,54.90322],[135.2625,54.94331],[135.54063,55.11377],[135.75078,55.16064],[136.1752,55.35225],[136.35117,55.51001],[136.46025,55.57671],[136.79355,55.69419],[137.01211,55.79526],[137.18984,55.89229],[137.38408,55.97476],[137.57295,56.11211],[137.6915,56.13936],[138.07383,56.43311],[138.14062,56.49868],[138.18008,56.58853],[138.21777,56.629],[138.66211,56.96553],[138.96572,57.08813],[139.18164,57.26152],[139.44385,57.32969],[139.50664,57.3583],[139.61924,57.45571],[139.80332,57.51416],[139.86152,57.54932],[140.00234,57.6875],[140.44688,57.81367],[140.49512,57.86543],[140.68496,58.21216],[140.79023,58.30347],[140.9877,58.41685],[141.34707,58.52808],[141.60293,58.64902],[141.75469,58.74526],[142.02539,58.99966],[142.33037,59.15264],[142.58027,59.24014],[143.19219,59.37012],[143.52383,59.34365],[143.86875,59.41138],[144.12344,59.4083],[144.4834,59.37627],[145.55459,59.41353],[145.75645,59.37373],[145.8291,59.33032],[145.93164,59.19839],[146.04951,59.17056],[146.27344,59.22148],[146.44434,59.43047],[146.53721,59.45698],[146.80371,59.37295],[147.04004,59.36572],[147.51445,59.26855],[147.68789,59.29067],[147.87461,59.38804],[148.25742,59.41421],[148.49121,59.2623],[148.72666,59.25791],[148.91406,59.28271],[148.96465,59.36914],[148.88965,59.4],[148.74414,59.37354],[148.70889,59.44854],[148.79707,59.53232],[148.925,59.475],[149.13301,59.48052],[149.20498,59.48818],[149.17539,59.52676],[149.12773,59.55879],[149.06523,59.63052],[149.29043,59.72847],[149.42451,59.76099],[149.64258,59.77041],[150.20254,59.65127],[150.32559,59.63887],[150.45723,59.59072],[150.66729,59.55635],[150.53984,59.52495],[150.48359,59.49438],[150.61523,59.50654],[150.72949,59.46914],[150.82344,59.46074],[150.86328,59.47544],[150.91191,59.52305],[150.98252,59.57134],[151.03359,59.58564],[151.17031,59.58325],[151.34824,59.56113],[151.48574,59.52412],[151.79805,59.32324],[151.94238,59.28408],[152.10449,59.29058],[152.16953,59.27793],[152.26064,59.22358],[151.99004,59.16006],[151.7335,59.14668],[151.50498,59.16401],[151.12109,59.08252],[151.32676,58.8751],[151.70459,58.8667],[152.08789,58.91045],[152.16523,58.99702],[152.31963,59.03076],[152.40068,59.02642],[152.57559,58.9541],[152.81787,58.92627],[152.88223,58.93906],[153.07773,59.08188],[153.19609,59.09443],[153.27295,59.09131],[153.36113,59.21479],[153.69521,59.22476],[153.8917,59.11416],[154.01094,59.07554],[154.24668,59.10859],[154.37598,59.18784],[154.45801,59.21655],[154.70352,59.14131],[154.82373,59.18755],[155.0167,59.19561],[155.16045,59.19014],[155.15303,59.27021],[155.1667,59.36016],[154.97129,59.44961],[154.58252,59.54009],[154.35762,59.48145],[154.27217,59.47515],[154.21289,59.4834],[154.1498,59.52852],[154.20918,59.60034],[154.26885,59.6584],[154.2666,59.73037],[154.29307,59.83335],[154.38984,59.87676],[154.44072,59.88379],[154.57822,60.09502],[154.9708,60.37666],[155.42783,60.54985],[155.71611,60.68237],[155.85332,60.77715],[156.05596,60.99561],[156.34414,61.15508],[156.48262,61.20601],[156.62969,61.27246],[156.68027,61.48062],[156.79063,61.52964],[156.8918,61.56519],[157.08418,61.67568],[157.3707,61.74707],[157.46934,61.79893],[157.79932,61.79526],[158.07012,61.75361],[158.15156,61.76484],[158.33369,61.82568],[158.54717,61.81089],[158.82432,61.85024],[159.07666,61.92227],[159.18926,61.92939],[159.29502,61.91416],[159.42305,61.80806],[159.49629,61.78145],[159.55234,61.71948],[159.72217,61.7584],[160.18252,61.90283],[160.23779,61.90386],[160.30938,61.89438],[160.32148,61.83857],[160.31738,61.79336],[160.24688,61.64761],[160.1627,61.5375],[159.93086,61.32393],[159.88311,61.2918],[159.91396,61.23447],[159.94922,61.12861],[159.83457,61.01396],[159.79043,60.95664],[159.88311,60.94341],[160.004,61.00742],[160.18428,61.04766],[160.28125,61.04478],[160.37891,61.02549],[160.22578,60.83154],[160.20107,60.72964],[160.17734,60.69072],[160.17363,60.63843],[160.2873,60.66704],[160.36816,60.70854],[160.48203,60.73984],[160.7666,60.75332],[160.91504,60.89268],[161.03711,60.96289],[162.18838,61.54067],[162.39258,61.66211],[162.50645,61.67012],[162.60762,61.65005],[162.69902,61.65259],[162.71787,61.69512],[162.75234,61.71128],[162.85596,61.70503],[162.92168,61.59771],[162.99395,61.54419],[163.04727,61.55405],[163.08525,61.57056],[163.13887,61.61143],[163.19785,61.64478],[163.25781,61.69946],[163.20762,61.73657],[163.00928,61.7915],[163.01768,61.89106],[163.13105,62.0499],[163.11846,62.15293],[163.16348,62.25957],[163.21328,62.31343],[163.25801,62.33691],[163.30215,62.373],[163.24424,62.45537],[163.28711,62.51143],[163.33174,62.55093],[164.25566,62.69658],[164.41836,62.70464],[164.56699,62.67549],[164.79238,62.57109],[165.04404,62.51699],[165.39658,62.4939],[165.41738,62.44707],[165.28037,62.46299],[165.21387,62.44819],[165.22568,62.40576],[165.20811,62.37397],[165.12412,62.41152],[164.8877,62.43188],[164.6707,62.47378],[164.59834,62.47056],[164.2875,62.34663],[164.20723,62.29224],[164.07422,62.04502],[164.06797,61.87388],[164.01953,61.71069],[163.88271,61.64014],[163.83711,61.55825],[163.80439,61.46138],[163.97275,61.41987],[163.99209,61.38823],[164.00547,61.3438],[163.89336,61.24048],[163.61963,61.11133],[163.58926,61.08437],[163.55352,61.02563],[163.70996,60.9168],[163.58516,60.87715],[163.46641,60.84976],[163.35234,60.80044],[162.97314,60.78291],[162.71318,60.65947],[162.26631,60.53672],[162.06816,60.46641],[162.00361,60.42017],[161.846,60.23223],[161.75352,60.15229],[161.44932,60.02734],[161.21895,59.84561],[160.85527,59.62686],[160.71143,59.60166],[160.54746,59.54736],[160.35039,59.39404],[159.84736,59.12715],[159.5915,58.80366],[159.45264,58.69595],[159.3084,58.61055],[159.21064,58.51943],[159.03691,58.42393],[158.68701,58.28135],[158.44941,58.16284],[158.32109,58.08345],[158.2752,58.00898],[158.21045,58.02529],[157.97461,57.98594],[157.66641,58.01978],[157.45039,57.79927],[157.2168,57.77681],[156.98574,57.83018],[156.87197,57.80366],[156.82988,57.77964],[156.7916,57.74795],[156.8999,57.6769],[156.94824,57.61577],[156.96357,57.56094],[156.97676,57.46631],[156.84883,57.29019],[156.72842,57.15225],[156.5293,57.02119],[156.06748,56.78159],[156.02539,56.752],[155.98252,56.69521],[155.7166,56.07222],[155.64346,55.79355],[155.55488,55.34849],[155.56387,55.19912],[155.62031,54.86455],[155.70645,54.52148],[155.90488,53.92813],[155.9502,53.74429],[156.09883,53.00649],[156.11035,52.86616],[156.15439,52.74727],[156.22861,52.62627],[156.36475,52.50937],[156.37734,52.36655],[156.48984,51.91304],[156.50039,51.4751],[156.52119,51.38027],[156.54346,51.31162],[156.6708,51.22686],[156.71348,51.12412],[156.72432,51.04707],[156.74775,50.96929],[156.84746,51.00659],[157.20225,51.21274],[157.48984,51.40894],[157.53096,51.47988],[157.62891,51.53457],[157.82324,51.60532],[158.10352,51.80962],[158.33164,52.09087],[158.46348,52.30498],[158.49316,52.38315],[158.50039,52.4603],[158.48076,52.62666],[158.53369,52.68843],[158.60879,52.87363],[158.56016,52.92217],[158.43232,52.95742],[158.47207,53.03237],[158.56465,53.05],[158.63955,53.01479],[158.68369,52.9354],[158.74541,52.90894],[158.95205,53.04756],[159.13613,53.11714],[159.58594,53.2377],[159.77158,53.22969],[159.94746,53.1251],[160.0251,53.12959],[160.00215,53.2749],[159.89766,53.38076],[159.89912,53.44771],[159.95586,53.5522],[159.91426,53.62085],[159.8709,53.67266],[159.84375,53.78364],[159.92178,54.0084],[160.01016,54.13086],[160.07441,54.18916],[160.28887,54.28823],[160.51719,54.43086],[160.77266,54.54136],[160.93555,54.57837],[161.12988,54.59824],[161.29404,54.52056],[161.6248,54.51626],[161.72568,54.53296],[161.96689,54.68867],[162.10557,54.75215],[162.08027,54.88613],[161.99609,54.998],[161.82422,55.13892],[161.78496,55.20532],[161.72939,55.35801],[161.72393,55.49614],[161.77559,55.65483],[161.92402,55.84038],[162.08496,56.08965],[162.14609,56.12827],[162.33408,56.18774],[162.46113,56.2355],[162.52822,56.26069],[162.48867,56.39912],[162.58906,56.45493],[162.67148,56.49009],[162.87764,56.47637],[162.94414,56.50806],[163.03838,56.52188],[162.9752,56.44902],[162.89326,56.39946],[162.71318,56.33086],[162.62813,56.23228],[162.84033,56.06562],[162.97168,56.03379],[163.04736,56.04468],[163.18926,56.13701],[163.26133,56.17373],[163.33555,56.23252],[163.29404,56.44771],[163.24326,56.56455],[163.25654,56.68804],[163.16543,56.72549],[163.04639,56.74131],[162.92207,56.72266],[162.8499,56.75684],[162.80264,56.81147],[162.79111,56.87539],[162.81484,57.02339],[162.80811,57.10278],[162.76152,57.24395],[162.7623,57.28408],[162.7793,57.35762],[162.95703,57.47749],[163.10879,57.56484],[163.18789,57.6374],[163.21387,57.68682],[163.22578,57.79038],[163.14502,57.8373],[162.71836,57.94609],[162.6543,57.94824],[162.52197,57.9041],[162.46699,57.76621],[162.39141,57.71724],[162.39219,57.74502],[162.41143,57.77837],[162.19746,57.82915],[162.09795,57.87466],[162.03965,57.91826],[162.00195,57.98096],[161.96006,58.0769],[162.04922,58.27285],[162.1416,58.44741],[162.45303,58.70859],[162.64336,58.7999],[162.84727,58.93926],[162.93457,58.96396],[162.96982,58.98647],[163.0043,59.02017],[162.94004,59.11431],[162.9749,59.13706],[163.01016,59.14829],[163.08486,59.1314],[163.27285,59.30259],[163.26904,59.52002],[163.32119,59.70542],[163.36484,59.78145],[163.40996,59.83496],[163.49375,59.88677],[163.57432,59.91406],[163.69004,59.97842],[163.74385,60.02803],[163.78008,60.04111],[163.91289,60.03706],[164.01758,60.01733],[164.13506,59.98438],[164.11328,59.89756],[164.25156,59.97378],[164.37686,60.05806],[164.44004,60.07271],[164.52529,60.06128],[164.66973,59.99746],[164.77939,59.87422],[164.8543,59.84097],[164.95371,59.8436],[165.01895,59.86074],[165.07363,59.94561],[165.08457,60.09858],[165.19258,60.12476],[165.28525,60.13491],[165.41582,60.20518],[165.58301,60.23647],[165.94199,60.35688],[166.18018,60.48037],[166.35215,60.48481],[166.30811,60.41426],[166.29248,60.34609],[166.22979,60.17832],[166.16836,60.08882],[166.13604,59.97935],[166.14893,59.92207],[166.18652,59.84946],[166.27305,59.85625],[166.33184,59.87241],[166.45254,59.94702],[166.96406,60.30703],[167.22676,60.4063],[167.62607,60.46895],[167.746,60.50933],[168.1375,60.57393],[168.46279,60.59224],[168.67031,60.56289],[168.78828,60.56382],[169.22676,60.59595],[169.27568,60.55664],[169.61836,60.43804],[169.81475,60.26538],[169.8543,60.25024],[169.88701,60.21792],[169.89756,60.14785],[169.92725,60.10425],[169.98262,60.06709],[170.1541,59.98608],[170.35098,59.96553],[170.39648,60.00977],[170.42344,60.0478],[170.5123,60.25952],[170.58857,60.34287],[170.58975,60.3937],[170.6082,60.43491],[170.79932,60.49648],[170.94932,60.52295],[171.48975,60.72573],[171.72949,60.84312],[171.83057,60.83735],[171.91797,60.86411],[171.99766,60.90068],[172.06729,60.91567],[172.21328,60.99785],[172.39277,61.06177],[172.3624,61.1166],[172.39609,61.16738],[172.49707,61.18589],[172.58477,61.19043],[172.69697,61.24932],[172.69004,61.29517],[172.73066,61.3144],[172.78906,61.31069],[172.86777,61.29307],[172.90801,61.31162],[172.83789,61.37559],[172.80684,61.43613],[172.85654,61.46919],[173.05459,61.4062],[173.13184,61.40664],[173.39072,61.55674],[173.62344,61.71606],[173.82236,61.67939],[174.13887,61.79517],[174.28496,61.81753],[174.51436,61.82363],[174.61055,61.86763],[174.71504,61.9479],[174.79756,61.93887],[175.19238,62.03442],[175.26787,62.10239],[175.36582,62.12134],[175.44199,62.12793],[175.61387,62.18438],[176.32842,62.34604],[176.43652,62.41084],[176.70254,62.50576],[176.90742,62.53608],[177.15947,62.56099],[177.18965,62.5916],[177.00801,62.62656],[176.96475,62.65864],[176.96348,62.69326],[176.99004,62.72222],[177.02354,62.77725],[177.09121,62.78955],[177.17266,62.75034],[177.25869,62.75044],[177.29834,62.78423],[177.33896,62.78135],[177.35967,62.73696],[177.31582,62.68525],[177.2959,62.64448],[177.29258,62.59902],[177.35127,62.58745],[177.66309,62.58281],[178.01924,62.54697],[178.96387,62.35527],[179.04463,62.32368],[179.1207,62.32036],[179.13389,62.39644],[179.17695,62.46919],[179.28867,62.51035],[179.47725,62.61309],[179.57051,62.6875],[179.57051,62.77349],[179.51094,62.86279],[179.38105,62.88369],[179.30215,62.93984],[179.25957,63.0083],[179.329,63.05791],[179.40508,63.07773],[179.38857,63.14722],[179.33232,63.19019],[179.02813,63.28242],[178.92148,63.34502],[178.91855,63.40024],[178.79297,63.54033],[178.77539,63.51025],[178.78672,63.44243],[178.74404,63.39478],[178.67871,63.40229],[178.66885,63.43994],[178.70645,63.52153],[178.65371,63.55664],[178.46611,63.57407],[178.44043,63.60557],[178.62598,63.65073],[178.68135,63.65073],[178.73145,63.66709],[178.69248,63.84233],[178.65029,63.96528],[178.53604,63.97563],[178.45137,64.01138],[178.4748,64.08901],[178.47715,64.12788],[178.38145,64.26089],[178.31299,64.3144],[178.22949,64.3644],[178.16396,64.30908],[178.13057,64.23525],[178.04473,64.21958],[177.95332,64.22227],[177.6875,64.30474],[177.43291,64.44448],[177.40986,64.5728],[177.46719,64.73682],[177.42744,64.76338],[177.3875,64.77402],[177.0498,64.71924],[176.84287,64.63379],[176.73096,64.62485],[176.50762,64.68242],[176.14092,64.58584],[176.21943,64.64194],[176.2832,64.66382],[176.35098,64.70513],[176.30088,64.78384],[176.24697,64.84302],[176.16924,64.88477],[176.05654,64.90474],[175.9459,64.86519],[175.85859,64.82529],[175.67793,64.78247],[175.33066,64.74663],[175.09707,64.74663],[174.69863,64.68145],[174.54883,64.68389],[175.09775,64.77686],[175.39648,64.78369],[175.78115,64.84404],[176.06113,64.96089],[176.42949,64.85518],[176.55664,64.83999],[176.83105,64.84922],[177.06875,64.78667],[177.14824,64.80483],[177.22285,64.86167],[177.12344,64.94702],[177.0373,64.99966],[176.94004,65.01602],[176.64551,65.00718],[176.45215,65.02524],[176.34102,65.04731],[176.41309,65.07124],[176.6248,65.0376],[176.88086,65.08193],[177.1792,65.01411],[177.25186,64.95361],[177.33701,64.93135],[177.58164,64.77788],[177.74863,64.71704],[178.28535,64.67227],[178.51953,64.60298],[178.69844,64.6311],[179.15,64.78159],[179.44824,64.82202],[179.65137,64.92095],[179.82734,65.03418],[180.0,65.06724]]]}}]}